sportsbook,jurisdiction,season,player,market,line,side,american_odds,decimal_odds,retrieved_at_ct,market_id,selection_id,source_url
FanDuel,IL,2026,Aaron Rodgers,passing_yards,3050.5,Over,-114,1.87719298245614,2026-07-19T00:28:40-05:00,717.169411139,99952803,https://sbapi.il.sportsbook.fanduel.com/api/content-managed-page?page=CUSTOM&customPageId=nfl&pbHorizontal=false&_ak=FhMFpcPWXMeyZxOx
FanDuel,IL,2026,Aaron Rodgers,passing_yards,3050.5,Under,-114,1.87719298245614,2026-07-19T00:28:40-05:00,717.169411139,99952802,https://sbapi.il.sportsbook.fanduel.com/api/content-managed-page?page=CUSTOM&customPageId=nfl&pbHorizontal=false&_ak=FhMFpcPWXMeyZxOx
FanDuel,IL,2026,Baker Mayfield,passing_yards,3500.5,Over,-114,1.87719298245614,2026-07-19T00:28:40-05:00,717.166858134,98240858,https://sbapi.il.sportsbook.fanduel.com/api/content-managed-page?page=CUSTOM&customPageId=nfl&pbHorizontal=false&_ak=FhMFpcPWXMeyZxOx
FanDuel,IL,2026,Baker Mayfield,passing_yards,3500.5,Under,-114,1.87719298245614,2026-07-19T00:28:40-05:00,717.166858134,98240859,https://sbapi.il.sportsbook.fanduel.com/api/content-managed-page?page=CUSTOM&customPageId=nfl&pbHorizontal=false&_ak=FhMFpcPWXMeyZxOx
FanDuel,IL,2026,Brock Purdy,passing_yards,3775.5,Over,-114,1.87719298245614,2026-07-19T00:28:40-05:00,717.166859012,100721399,https://sbapi.il.sportsbook.fanduel.com/api/content-managed-page?page=CUSTOM&customPageId=nfl&pbHorizontal=false&_ak=FhMFpcPWXMeyZxOx
FanDuel,IL,2026,Brock Purdy,passing_yards,3775.5,Under,-114,1.87719298245614,2026-07-19T00:28:40-05:00,717.166859012,100721398,https://sbapi.il.sportsbook.fanduel.com/api/content-managed-page?page=CUSTOM&customPageId=nfl&pbHorizontal=false&_ak=FhMFpcPWXMeyZxOx
FanDuel,IL,2026,Bryce Young,passing_yards,3000.5,Over,-114,1.87719298245614,2026-07-19T00:28:40-05:00,717.166861806,98948315,https://sbapi.il.sportsbook.fanduel.com/api/content-managed-page?page=CUSTOM&customPageId=nfl&pbHorizontal=false&_ak=FhMFpcPWXMeyZxOx
FanDuel,IL,2026,Bryce Young,passing_yards,3000.5,Under,-114,1.87719298245614,2026-07-19T00:28:40-05:00,717.166861806,98948314,https://sbapi.il.sportsbook.fanduel.com/api/content-managed-page?page=CUSTOM&customPageId=nfl&pbHorizontal=false&_ak=FhMFpcPWXMeyZxOx
FanDuel,IL,2026,C.J. Stroud,passing_yards,3550.5,Over,-114,1.87719298245614,2026-07-19T00:28:40-05:00,717.166861075,98995367,https://sbapi.il.sportsbook.fanduel.com/api/content-managed-page?page=CUSTOM&customPageId=nfl&pbHorizontal=false&_ak=FhMFpcPWXMeyZxOx
FanDuel,IL,2026,C.J. Stroud,passing_yards,3550.5,Under,-114,1.87719298245614,2026-07-19T00:28:40-05:00,717.166861075,98995368,https://sbapi.il.sportsbook.fanduel.com/api/content-managed-page?page=CUSTOM&customPageId=nfl&pbHorizontal=false&_ak=FhMFpcPWXMeyZxOx
FanDuel,IL,2026,Caleb Williams,passing_yards,3575.5,Over,-114,1.87719298245614,2026-07-19T00:28:40-05:00,717.166862156,98240856,https://sbapi.il.sportsbook.fanduel.com/api/content-managed-page?page=CUSTOM&customPageId=nfl&pbHorizontal=false&_ak=FhMFpcPWXMeyZxOx
FanDuel,IL,2026,Caleb Williams,passing_yards,3575.5,Under,-114,1.87719298245614,2026-07-19T00:28:40-05:00,717.166862156,98240857,https://sbapi.il.sportsbook.fanduel.com/api/content-managed-page?page=CUSTOM&customPageId=nfl&pbHorizontal=false&_ak=FhMFpcPWXMeyZxOx
FanDuel,IL,2026,Cam Ward,passing_yards,3250.5,Over,-114,1.87719298245614,2026-07-19T00:28:40-05:00,717.166857547,97997275,https://sbapi.il.sportsbook.fanduel.com/api/content-managed-page?page=CUSTOM&customPageId=nfl&pbHorizontal=false&_ak=FhMFpcPWXMeyZxOx
FanDuel,IL,2026,Cam Ward,passing_yards,3250.5,Under,-114,1.87719298245614,2026-07-19T00:28:40-05:00,717.166857547,97997274,https://sbapi.il.sportsbook.fanduel.com/api/content-managed-page?page=CUSTOM&customPageId=nfl&pbHorizontal=false&_ak=FhMFpcPWXMeyZxOx
FanDuel,IL,2026,Dak Prescott,passing_yards,4050.5,Over,-114,1.87719298245614,2026-07-19T00:28:40-05:00,717.166862458,98240730,https://sbapi.il.sportsbook.fanduel.com/api/content-managed-page?page=CUSTOM&customPageId=nfl&pbHorizontal=false&_ak=FhMFpcPWXMeyZxOx
FanDuel,IL,2026,Dak Prescott,passing_yards,4050.5,Under,-114,1.87719298245614,2026-07-19T00:28:40-05:00,717.166862458,98240729,https://sbapi.il.sportsbook.fanduel.com/api/content-managed-page?page=CUSTOM&customPageId=nfl&pbHorizontal=false&_ak=FhMFpcPWXMeyZxOx
FanDuel,IL,2026,Drake Maye,passing_yards,3850.5,Over,-114,1.87719298245614,2026-07-19T00:28:40-05:00,717.166862709,97985114,https://sbapi.il.sportsbook.fanduel.com/api/content-managed-page?page=CUSTOM&customPageId=nfl&pbHorizontal=false&_ak=FhMFpcPWXMeyZxOx
FanDuel,IL,2026,Drake Maye,passing_yards,3850.5,Under,-114,1.87719298245614,2026-07-19T00:28:40-05:00,717.166862709,97985113,https://sbapi.il.sportsbook.fanduel.com/api/content-managed-page?page=CUSTOM&customPageId=nfl&pbHorizontal=false&_ak=FhMFpcPWXMeyZxOx
FanDuel,IL,2026,Fernando Mendoza,passing_yards,2350.5,Over,-114,1.87719298245614,2026-07-19T00:28:40-05:00,717.165310588,97982756,https://sbapi.il.sportsbook.fanduel.com/api/content-managed-page?page=CUSTOM&customPageId=nfl&pbHorizontal=false&_ak=FhMFpcPWXMeyZxOx
FanDuel,IL,2026,Fernando Mendoza,passing_yards,2350.5,Under,-114,1.87719298245614,2026-07-19T00:28:40-05:00,717.165310588,97982757,https://sbapi.il.sportsbook.fanduel.com/api/content-managed-page?page=CUSTOM&customPageId=nfl&pbHorizontal=false&_ak=FhMFpcPWXMeyZxOx
FanDuel,IL,2026,Jalen Hurts,passing_yards,3150.5,Over,-114,1.87719298245614,2026-07-19T00:28:40-05:00,717.166926409,98948331,https://sbapi.il.sportsbook.fanduel.com/api/content-managed-page?page=CUSTOM&customPageId=nfl&pbHorizontal=false&_ak=FhMFpcPWXMeyZxOx
FanDuel,IL,2026,Jalen Hurts,passing_yards,3150.5,Under,-114,1.87719298245614,2026-07-19T00:28:40-05:00,717.166926409,98948330,https://sbapi.il.sportsbook.fanduel.com/api/content-managed-page?page=CUSTOM&customPageId=nfl&pbHorizontal=false&_ak=FhMFpcPWXMeyZxOx
FanDuel,IL,2026,Jared Goff,passing_yards,4050.5,Over,-114,1.87719298245614,2026-07-19T00:28:40-05:00,717.166861464,98240798,https://sbapi.il.sportsbook.fanduel.com/api/content-managed-page?page=CUSTOM&customPageId=nfl&pbHorizontal=false&_ak=FhMFpcPWXMeyZxOx
FanDuel,IL,2026,Jared Goff,passing_yards,4050.5,Under,-114,1.87719298245614,2026-07-19T00:28:40-05:00,717.166861464,98240799,https://sbapi.il.sportsbook.fanduel.com/api/content-managed-page?page=CUSTOM&customPageId=nfl&pbHorizontal=false&_ak=FhMFpcPWXMeyZxOx
FanDuel,IL,2026,Jaxson Dart,passing_yards,3050.5,Over,-114,1.87719298245614,2026-07-19T00:28:40-05:00,717.166860328,100233534,https://sbapi.il.sportsbook.fanduel.com/api/content-managed-page?page=CUSTOM&customPageId=nfl&pbHorizontal=false&_ak=FhMFpcPWXMeyZxOx
FanDuel,IL,2026,Jaxson Dart,passing_yards,3050.5,Under,-114,1.87719298245614,2026-07-19T00:28:40-05:00,717.166860328,100233533,https://sbapi.il.sportsbook.fanduel.com/api/content-managed-page?page=CUSTOM&customPageId=nfl&pbHorizontal=false&_ak=FhMFpcPWXMeyZxOx
FanDuel,IL,2026,Jayden Daniels,passing_yards,3200.5,Over,-114,1.87719298245614,2026-07-19T00:28:40-05:00,717.166856289,98948526,https://sbapi.il.sportsbook.fanduel.com/api/content-managed-page?page=CUSTOM&customPageId=nfl&pbHorizontal=false&_ak=FhMFpcPWXMeyZxOx
FanDuel,IL,2026,Jayden Daniels,passing_yards,3200.5,Under,-114,1.87719298245614,2026-07-19T00:28:40-05:00,717.166856289,98948525,https://sbapi.il.sportsbook.fanduel.com/api/content-managed-page?page=CUSTOM&customPageId=nfl&pbHorizontal=false&_ak=FhMFpcPWXMeyZxOx
FanDuel,IL,2026,Jordan Love,passing_yards,3525.5,Over,-114,1.87719298245614,2026-07-19T00:28:40-05:00,717.166860809,97984793,https://sbapi.il.sportsbook.fanduel.com/api/content-managed-page?page=CUSTOM&customPageId=nfl&pbHorizontal=false&_ak=FhMFpcPWXMeyZxOx
FanDuel,IL,2026,Jordan Love,passing_yards,3525.5,Under,-114,1.87719298245614,2026-07-19T00:28:40-05:00,717.166860809,97984792,https://sbapi.il.sportsbook.fanduel.com/api/content-managed-page?page=CUSTOM&customPageId=nfl&pbHorizontal=false&_ak=FhMFpcPWXMeyZxOx
FanDuel,IL,2026,Josh Allen,passing_yards,3600.5,Over,-114,1.87719298245614,2026-07-19T00:28:40-05:00,717.166857756,100252260,https://sbapi.il.sportsbook.fanduel.com/api/content-managed-page?page=CUSTOM&customPageId=nfl&pbHorizontal=false&_ak=FhMFpcPWXMeyZxOx
FanDuel,IL,2026,Josh Allen,passing_yards,3600.5,Under,-114,1.87719298245614,2026-07-19T00:28:40-05:00,717.166857756,100252259,https://sbapi.il.sportsbook.fanduel.com/api/content-managed-page?page=CUSTOM&customPageId=nfl&pbHorizontal=false&_ak=FhMFpcPWXMeyZxOx
FanDuel,IL,2026,Justin Herbert,passing_yards,3650.5,Over,-114,1.87719298245614,2026-07-19T00:28:40-05:00,717.166860394,97984781,https://sbapi.il.sportsbook.fanduel.com/api/content-managed-page?page=CUSTOM&customPageId=nfl&pbHorizontal=false&_ak=FhMFpcPWXMeyZxOx
FanDuel,IL,2026,Justin Herbert,passing_yards,3650.5,Under,-114,1.87719298245614,2026-07-19T00:28:40-05:00,717.166860394,97984782,https://sbapi.il.sportsbook.fanduel.com/api/content-managed-page?page=CUSTOM&customPageId=nfl&pbHorizontal=false&_ak=FhMFpcPWXMeyZxOx
FanDuel,IL,2026,Lamar Jackson,passing_yards,3200.5,Over,-114,1.87719298245614,2026-07-19T00:28:40-05:00,717.166860258,99171616,https://sbapi.il.sportsbook.fanduel.com/api/content-managed-page?page=CUSTOM&customPageId=nfl&pbHorizontal=false&_ak=FhMFpcPWXMeyZxOx
FanDuel,IL,2026,Lamar Jackson,passing_yards,3200.5,Under,-114,1.87719298245614,2026-07-19T00:28:40-05:00,717.166860258,99171615,https://sbapi.il.sportsbook.fanduel.com/api/content-managed-page?page=CUSTOM&customPageId=nfl&pbHorizontal=false&_ak=FhMFpcPWXMeyZxOx
FanDuel,IL,2026,Matthew Stafford,passing_yards,3925.5,Over,-114,1.87719298245614,2026-07-19T00:28:40-05:00,717.166859885,98240714,https://sbapi.il.sportsbook.fanduel.com/api/content-managed-page?page=CUSTOM&customPageId=nfl&pbHorizontal=false&_ak=FhMFpcPWXMeyZxOx
FanDuel,IL,2026,Matthew Stafford,passing_yards,3925.5,Under,-114,1.87719298245614,2026-07-19T00:28:40-05:00,717.166859885,98240715,https://sbapi.il.sportsbook.fanduel.com/api/content-managed-page?page=CUSTOM&customPageId=nfl&pbHorizontal=false&_ak=FhMFpcPWXMeyZxOx
FanDuel,IL,2026,Sam Darnold,passing_yards,3700.5,Over,-114,1.87719298245614,2026-07-19T00:28:40-05:00,717.166859033,98240795,https://sbapi.il.sportsbook.fanduel.com/api/content-managed-page?page=CUSTOM&customPageId=nfl&pbHorizontal=false&_ak=FhMFpcPWXMeyZxOx
FanDuel,IL,2026,Sam Darnold,passing_yards,3700.5,Under,-114,1.87719298245614,2026-07-19T00:28:40-05:00,717.166859033,98240794,https://sbapi.il.sportsbook.fanduel.com/api/content-managed-page?page=CUSTOM&customPageId=nfl&pbHorizontal=false&_ak=FhMFpcPWXMeyZxOx
FanDuel,IL,2026,Trevor Lawrence,passing_yards,3750.5,Over,-114,1.87719298245614,2026-07-19T00:28:40-05:00,717.166858320,100252433,https://sbapi.il.sportsbook.fanduel.com/api/content-managed-page?page=CUSTOM&customPageId=nfl&pbHorizontal=false&_ak=FhMFpcPWXMeyZxOx
FanDuel,IL,2026,Trevor Lawrence,passing_yards,3750.5,Under,-114,1.87719298245614,2026-07-19T00:28:40-05:00,717.166858320,100252434,https://sbapi.il.sportsbook.fanduel.com/api/content-managed-page?page=CUSTOM&customPageId=nfl&pbHorizontal=false&_ak=FhMFpcPWXMeyZxOx
FanDuel,IL,2026,Tyler Shough,passing_yards,3600.5,Over,-114,1.87719298245614,2026-07-19T00:28:40-05:00,717.166860679,98170518,https://sbapi.il.sportsbook.fanduel.com/api/content-managed-page?page=CUSTOM&customPageId=nfl&pbHorizontal=false&_ak=FhMFpcPWXMeyZxOx
FanDuel,IL,2026,Tyler Shough,passing_yards,3600.5,Under,-114,1.87719298245614,2026-07-19T00:28:40-05:00,717.166860679,98170519,https://sbapi.il.sportsbook.fanduel.com/api/content-managed-page?page=CUSTOM&customPageId=nfl&pbHorizontal=false&_ak=FhMFpcPWXMeyZxOx
FanDuel,IL,2026,Baker Mayfield,passing_tds,25.5,Over,-102,1.980392156862745,2026-07-19T00:28:40-05:00,717.169100404,98497169,https://sbapi.il.sportsbook.fanduel.com/api/content-managed-page?page=CUSTOM&customPageId=nfl&pbHorizontal=false&_ak=FhMFpcPWXMeyZxOx
FanDuel,IL,2026,Baker Mayfield,passing_tds,25.5,Under,-130,1.769230769230769,2026-07-19T00:28:40-05:00,717.169100404,98497170,https://sbapi.il.sportsbook.fanduel.com/api/content-managed-page?page=CUSTOM&customPageId=nfl&pbHorizontal=false&_ak=FhMFpcPWXMeyZxOx
FanDuel,IL,2026,Brock Purdy,passing_tds,27.5,Over,-114,1.87719298245614,2026-07-19T00:28:40-05:00,717.169092237,98496714,https://sbapi.il.sportsbook.fanduel.com/api/content-managed-page?page=CUSTOM&customPageId=nfl&pbHorizontal=false&_ak=FhMFpcPWXMeyZxOx
FanDuel,IL,2026,Brock Purdy,passing_tds,27.5,Under,-114,1.87719298245614,2026-07-19T00:28:40-05:00,717.169092237,98496713,https://sbapi.il.sportsbook.fanduel.com/api/content-managed-page?page=CUSTOM&customPageId=nfl&pbHorizontal=false&_ak=FhMFpcPWXMeyZxOx
FanDuel,IL,2026,Bryce Young,passing_tds,20.5,Over,-114,1.87719298245614,2026-07-19T00:28:40-05:00,717.169102962,98506671,https://sbapi.il.sportsbook.fanduel.com/api/content-managed-page?page=CUSTOM&customPageId=nfl&pbHorizontal=false&_ak=FhMFpcPWXMeyZxOx
FanDuel,IL,2026,Bryce Young,passing_tds,20.5,Under,-114,1.87719298245614,2026-07-19T00:28:40-05:00,717.169102962,98506672,https://sbapi.il.sportsbook.fanduel.com/api/content-managed-page?page=CUSTOM&customPageId=nfl&pbHorizontal=false&_ak=FhMFpcPWXMeyZxOx
FanDuel,IL,2026,C.J. Stroud,passing_tds,22.5,Over,-122,1.819672131147541,2026-07-19T00:28:40-05:00,717.169102677,98497299,https://sbapi.il.sportsbook.fanduel.com/api/content-managed-page?page=CUSTOM&customPageId=nfl&pbHorizontal=false&_ak=FhMFpcPWXMeyZxOx
FanDuel,IL,2026,C.J. Stroud,passing_tds,22.5,Under,-108,1.925925925925926,2026-07-19T00:28:40-05:00,717.169102677,98497300,https://sbapi.il.sportsbook.fanduel.com/api/content-managed-page?page=CUSTOM&customPageId=nfl&pbHorizontal=false&_ak=FhMFpcPWXMeyZxOx
FanDuel,IL,2026,Caleb Williams,passing_tds,24.5,Over,100,2,2026-07-19T00:28:40-05:00,717.169101048,98497232,https://sbapi.il.sportsbook.fanduel.com/api/content-managed-page?page=CUSTOM&customPageId=nfl&pbHorizontal=false&_ak=FhMFpcPWXMeyZxOx
FanDuel,IL,2026,Caleb Williams,passing_tds,24.5,Under,-132,1.757575757575758,2026-07-19T00:28:40-05:00,717.169101048,98497231,https://sbapi.il.sportsbook.fanduel.com/api/content-managed-page?page=CUSTOM&customPageId=nfl&pbHorizontal=false&_ak=FhMFpcPWXMeyZxOx
FanDuel,IL,2026,Cam Ward,passing_tds,19.5,Over,-102,1.980392156862745,2026-07-19T00:28:40-05:00,717.169108856,98498258,https://sbapi.il.sportsbook.fanduel.com/api/content-managed-page?page=CUSTOM&customPageId=nfl&pbHorizontal=false&_ak=FhMFpcPWXMeyZxOx
FanDuel,IL,2026,Cam Ward,passing_tds,19.5,Under,-130,1.769230769230769,2026-07-19T00:28:40-05:00,717.169108856,98498259,https://sbapi.il.sportsbook.fanduel.com/api/content-managed-page?page=CUSTOM&customPageId=nfl&pbHorizontal=false&_ak=FhMFpcPWXMeyZxOx
FanDuel,IL,2026,Dak Prescott,passing_tds,27.5,Over,-108,1.925925925925926,2026-07-19T00:28:40-05:00,717.169094538,98496853,https://sbapi.il.sportsbook.fanduel.com/api/content-managed-page?page=CUSTOM&customPageId=nfl&pbHorizontal=false&_ak=FhMFpcPWXMeyZxOx
FanDuel,IL,2026,Dak Prescott,passing_tds,27.5,Under,-122,1.819672131147541,2026-07-19T00:28:40-05:00,717.169094538,98496852,https://sbapi.il.sportsbook.fanduel.com/api/content-managed-page?page=CUSTOM&customPageId=nfl&pbHorizontal=false&_ak=FhMFpcPWXMeyZxOx
FanDuel,IL,2026,Drake Maye,passing_tds,25.5,Over,-122,1.819672131147541,2026-07-19T00:28:40-05:00,717.169095394,98496904,https://sbapi.il.sportsbook.fanduel.com/api/content-managed-page?page=CUSTOM&customPageId=nfl&pbHorizontal=false&_ak=FhMFpcPWXMeyZxOx
FanDuel,IL,2026,Drake Maye,passing_tds,25.5,Under,-108,1.925925925925926,2026-07-19T00:28:40-05:00,717.169095394,98496905,https://sbapi.il.sportsbook.fanduel.com/api/content-managed-page?page=CUSTOM&customPageId=nfl&pbHorizontal=false&_ak=FhMFpcPWXMeyZxOx
FanDuel,IL,2026,Fernando Mendoza,passing_tds,12.5,Over,-122,1.819672131147541,2026-07-19T00:28:40-05:00,717.165311362,97918730,https://sbapi.il.sportsbook.fanduel.com/api/content-managed-page?page=CUSTOM&customPageId=nfl&pbHorizontal=false&_ak=FhMFpcPWXMeyZxOx
FanDuel,IL,2026,Fernando Mendoza,passing_tds,12.5,Under,-108,1.925925925925926,2026-07-19T00:28:40-05:00,717.165311362,97918731,https://sbapi.il.sportsbook.fanduel.com/api/content-managed-page?page=CUSTOM&customPageId=nfl&pbHorizontal=false&_ak=FhMFpcPWXMeyZxOx
FanDuel,IL,2026,Jalen Hurts,passing_tds,21.5,Over,-122,1.819672131147541,2026-07-19T00:28:40-05:00,717.169102412,100215516,https://sbapi.il.sportsbook.fanduel.com/api/content-managed-page?page=CUSTOM&customPageId=nfl&pbHorizontal=false&_ak=FhMFpcPWXMeyZxOx
FanDuel,IL,2026,Jalen Hurts,passing_tds,21.5,Under,-108,1.925925925925926,2026-07-19T00:28:40-05:00,717.169102412,100215517,https://sbapi.il.sportsbook.fanduel.com/api/content-managed-page?page=CUSTOM&customPageId=nfl&pbHorizontal=false&_ak=FhMFpcPWXMeyZxOx
FanDuel,IL,2026,Jared Goff,passing_tds,29.5,Over,-114,1.87719298245614,2026-07-19T00:28:40-05:00,717.169116594,98496701,https://sbapi.il.sportsbook.fanduel.com/api/content-managed-page?page=CUSTOM&customPageId=nfl&pbHorizontal=false&_ak=FhMFpcPWXMeyZxOx
FanDuel,IL,2026,Jared Goff,passing_tds,29.5,Under,-114,1.87719298245614,2026-07-19T00:28:40-05:00,717.169116594,98496702,https://sbapi.il.sportsbook.fanduel.com/api/content-managed-page?page=CUSTOM&customPageId=nfl&pbHorizontal=false&_ak=FhMFpcPWXMeyZxOx
FanDuel,IL,2026,Jaxson Dart,passing_tds,19.5,Over,-108,1.925925925925926,2026-07-19T00:28:40-05:00,717.169108573,98498215,https://sbapi.il.sportsbook.fanduel.com/api/content-managed-page?page=CUSTOM&customPageId=nfl&pbHorizontal=false&_ak=FhMFpcPWXMeyZxOx
FanDuel,IL,2026,Jaxson Dart,passing_tds,19.5,Under,-122,1.819672131147541,2026-07-19T00:28:40-05:00,717.169108573,98498214,https://sbapi.il.sportsbook.fanduel.com/api/content-managed-page?page=CUSTOM&customPageId=nfl&pbHorizontal=false&_ak=FhMFpcPWXMeyZxOx
FanDuel,IL,2026,Jayden Daniels,passing_tds,20.5,Over,-122,1.819672131147541,2026-07-19T00:28:40-05:00,717.169103127,98497314,https://sbapi.il.sportsbook.fanduel.com/api/content-managed-page?page=CUSTOM&customPageId=nfl&pbHorizontal=false&_ak=FhMFpcPWXMeyZxOx
FanDuel,IL,2026,Jayden Daniels,passing_tds,20.5,Under,-108,1.925925925925926,2026-07-19T00:28:40-05:00,717.169103127,98497313,https://sbapi.il.sportsbook.fanduel.com/api/content-managed-page?page=CUSTOM&customPageId=nfl&pbHorizontal=false&_ak=FhMFpcPWXMeyZxOx
FanDuel,IL,2026,Joe Burrow,passing_tds,32.5,Over,-114,1.87719298245614,2026-07-19T00:28:40-05:00,717.169090370,98496370,https://sbapi.il.sportsbook.fanduel.com/api/content-managed-page?page=CUSTOM&customPageId=nfl&pbHorizontal=false&_ak=FhMFpcPWXMeyZxOx
FanDuel,IL,2026,Joe Burrow,passing_tds,32.5,Under,-114,1.87719298245614,2026-07-19T00:28:40-05:00,717.169090370,98496371,https://sbapi.il.sportsbook.fanduel.com/api/content-managed-page?page=CUSTOM&customPageId=nfl&pbHorizontal=false&_ak=FhMFpcPWXMeyZxOx
FanDuel,IL,2026,Jordan Love,passing_tds,24.5,Over,-102,1.980392156862745,2026-07-19T00:28:40-05:00,717.169101723,98497275,https://sbapi.il.sportsbook.fanduel.com/api/content-managed-page?page=CUSTOM&customPageId=nfl&pbHorizontal=false&_ak=FhMFpcPWXMeyZxOx
FanDuel,IL,2026,Jordan Love,passing_tds,24.5,Under,-130,1.769230769230769,2026-07-19T00:28:40-05:00,717.169101723,98497274,https://sbapi.il.sportsbook.fanduel.com/api/content-managed-page?page=CUSTOM&customPageId=nfl&pbHorizontal=false&_ak=FhMFpcPWXMeyZxOx
FanDuel,IL,2026,Josh Allen,passing_tds,24.5,Over,-120,1.833333333333333,2026-07-19T00:28:40-05:00,717.169100784,98497218,https://sbapi.il.sportsbook.fanduel.com/api/content-managed-page?page=CUSTOM&customPageId=nfl&pbHorizontal=false&_ak=FhMFpcPWXMeyZxOx
FanDuel,IL,2026,Josh Allen,passing_tds,24.5,Under,-110,1.909090909090909,2026-07-19T00:28:40-05:00,717.169100784,98497217,https://sbapi.il.sportsbook.fanduel.com/api/content-managed-page?page=CUSTOM&customPageId=nfl&pbHorizontal=false&_ak=FhMFpcPWXMeyZxOx
FanDuel,IL,2026,Justin Herbert,passing_tds,25.5,Over,-108,1.925925925925926,2026-07-19T00:28:40-05:00,717.169100127,98497164,https://sbapi.il.sportsbook.fanduel.com/api/content-managed-page?page=CUSTOM&customPageId=nfl&pbHorizontal=false&_ak=FhMFpcPWXMeyZxOx
FanDuel,IL,2026,Justin Herbert,passing_tds,25.5,Under,-122,1.819672131147541,2026-07-19T00:28:40-05:00,717.169100127,98497165,https://sbapi.il.sportsbook.fanduel.com/api/content-managed-page?page=CUSTOM&customPageId=nfl&pbHorizontal=false&_ak=FhMFpcPWXMeyZxOx
FanDuel,IL,2026,Lamar Jackson,passing_tds,24.5,Over,104,2.04,2026-07-19T00:28:40-05:00,717.169101408,98497244,https://sbapi.il.sportsbook.fanduel.com/api/content-managed-page?page=CUSTOM&customPageId=nfl&pbHorizontal=false&_ak=FhMFpcPWXMeyZxOx
FanDuel,IL,2026,Lamar Jackson,passing_tds,24.5,Under,-138,1.72463768115942,2026-07-19T00:28:40-05:00,717.169101408,98497243,https://sbapi.il.sportsbook.fanduel.com/api/content-managed-page?page=CUSTOM&customPageId=nfl&pbHorizontal=false&_ak=FhMFpcPWXMeyZxOx
FanDuel,IL,2026,Matthew Stafford,passing_tds,29.5,Over,-114,1.87719298245614,2026-07-19T00:28:40-05:00,717.169093009,98496803,https://sbapi.il.sportsbook.fanduel.com/api/content-managed-page?page=CUSTOM&customPageId=nfl&pbHorizontal=false&_ak=FhMFpcPWXMeyZxOx
FanDuel,IL,2026,Matthew Stafford,passing_tds,29.5,Under,-114,1.87719298245614,2026-07-19T00:28:40-05:00,717.169093009,98496802,https://sbapi.il.sportsbook.fanduel.com/api/content-managed-page?page=CUSTOM&customPageId=nfl&pbHorizontal=false&_ak=FhMFpcPWXMeyZxOx
FanDuel,IL,2026,Sam Darnold,passing_tds,23.5,Over,-102,1.980392156862745,2026-07-19T00:28:40-05:00,717.169102020,98497287,https://sbapi.il.sportsbook.fanduel.com/api/content-managed-page?page=CUSTOM&customPageId=nfl&pbHorizontal=false&_ak=FhMFpcPWXMeyZxOx
FanDuel,IL,2026,Sam Darnold,passing_tds,23.5,Under,-130,1.769230769230769,2026-07-19T00:28:40-05:00,717.169102020,98497286,https://sbapi.il.sportsbook.fanduel.com/api/content-managed-page?page=CUSTOM&customPageId=nfl&pbHorizontal=false&_ak=FhMFpcPWXMeyZxOx
FanDuel,IL,2026,Trevor Lawrence,passing_tds,25.5,Over,-102,1.980392156862745,2026-07-19T00:28:40-05:00,717.169095021,98496892,https://sbapi.il.sportsbook.fanduel.com/api/content-managed-page?page=CUSTOM&customPageId=nfl&pbHorizontal=false&_ak=FhMFpcPWXMeyZxOx
FanDuel,IL,2026,Trevor Lawrence,passing_tds,25.5,Under,-130,1.769230769230769,2026-07-19T00:28:40-05:00,717.169095021,98496891,https://sbapi.il.sportsbook.fanduel.com/api/content-managed-page?page=CUSTOM&customPageId=nfl&pbHorizontal=false&_ak=FhMFpcPWXMeyZxOx
FanDuel,IL,2026,Tyler Shough,passing_tds,19.5,Over,-132,1.757575757575758,2026-07-19T00:28:40-05:00,717.169109189,98996829,https://sbapi.il.sportsbook.fanduel.com/api/content-managed-page?page=CUSTOM&customPageId=nfl&pbHorizontal=false&_ak=FhMFpcPWXMeyZxOx
FanDuel,IL,2026,Tyler Shough,passing_tds,19.5,Under,100,2,2026-07-19T00:28:40-05:00,717.169109189,98996830,https://sbapi.il.sportsbook.fanduel.com/api/content-managed-page?page=CUSTOM&customPageId=nfl&pbHorizontal=false&_ak=FhMFpcPWXMeyZxOx
FanDuel,IL,2026,Ashton Jeanty,rushing_yards,975.5,Over,-114,1.87719298245614,2026-07-19T00:28:40-05:00,717.167942302,98227873,https://sbapi.il.sportsbook.fanduel.com/api/content-managed-page?page=CUSTOM&customPageId=nfl&pbHorizontal=false&_ak=FhMFpcPWXMeyZxOx
FanDuel,IL,2026,Ashton Jeanty,rushing_yards,975.5,Under,-114,1.87719298245614,2026-07-19T00:28:40-05:00,717.167942302,98227874,https://sbapi.il.sportsbook.fanduel.com/api/content-managed-page?page=CUSTOM&customPageId=nfl&pbHorizontal=false&_ak=FhMFpcPWXMeyZxOx
FanDuel,IL,2026,Bijan Robinson,rushing_yards,1150.5,Over,-114,1.87719298245614,2026-07-19T00:28:40-05:00,717.167940856,99983894,https://sbapi.il.sportsbook.fanduel.com/api/content-managed-page?page=CUSTOM&customPageId=nfl&pbHorizontal=false&_ak=FhMFpcPWXMeyZxOx
FanDuel,IL,2026,Bijan Robinson,rushing_yards,1150.5,Under,-114,1.87719298245614,2026-07-19T00:28:40-05:00,717.167940856,99983893,https://sbapi.il.sportsbook.fanduel.com/api/content-managed-page?page=CUSTOM&customPageId=nfl&pbHorizontal=false&_ak=FhMFpcPWXMeyZxOx
FanDuel,IL,2026,Breece Hall,rushing_yards,900.5,Over,-114,1.87719298245614,2026-07-19T00:28:40-05:00,717.167945304,99171620,https://sbapi.il.sportsbook.fanduel.com/api/content-managed-page?page=CUSTOM&customPageId=nfl&pbHorizontal=false&_ak=FhMFpcPWXMeyZxOx
FanDuel,IL,2026,Breece Hall,rushing_yards,900.5,Under,-114,1.87719298245614,2026-07-19T00:28:40-05:00,717.167945304,99171621,https://sbapi.il.sportsbook.fanduel.com/api/content-managed-page?page=CUSTOM&customPageId=nfl&pbHorizontal=false&_ak=FhMFpcPWXMeyZxOx
FanDuel,IL,2026,Chase Brown,rushing_yards,825.5,Over,-114,1.87719298245614,2026-07-19T00:28:40-05:00,717.167945557,98228078,https://sbapi.il.sportsbook.fanduel.com/api/content-managed-page?page=CUSTOM&customPageId=nfl&pbHorizontal=false&_ak=FhMFpcPWXMeyZxOx
FanDuel,IL,2026,Chase Brown,rushing_yards,825.5,Under,-114,1.87719298245614,2026-07-19T00:28:40-05:00,717.167945557,98228077,https://sbapi.il.sportsbook.fanduel.com/api/content-managed-page?page=CUSTOM&customPageId=nfl&pbHorizontal=false&_ak=FhMFpcPWXMeyZxOx
FanDuel,IL,2026,Christian McCaffrey,rushing_yards,925.5,Over,-114,1.87719298245614,2026-07-19T00:28:40-05:00,717.167942961,98227984,https://sbapi.il.sportsbook.fanduel.com/api/content-managed-page?page=CUSTOM&customPageId=nfl&pbHorizontal=false&_ak=FhMFpcPWXMeyZxOx
FanDuel,IL,2026,Christian McCaffrey,rushing_yards,925.5,Under,-114,1.87719298245614,2026-07-19T00:28:40-05:00,717.167942961,98227985,https://sbapi.il.sportsbook.fanduel.com/api/content-managed-page?page=CUSTOM&customPageId=nfl&pbHorizontal=false&_ak=FhMFpcPWXMeyZxOx
FanDuel,IL,2026,D'Andre Swift,rushing_yards,800.5,Over,-114,1.87719298245614,2026-07-19T00:28:40-05:00,717.167945990,99153350,https://sbapi.il.sportsbook.fanduel.com/api/content-managed-page?page=CUSTOM&customPageId=nfl&pbHorizontal=false&_ak=FhMFpcPWXMeyZxOx
FanDuel,IL,2026,D'Andre Swift,rushing_yards,800.5,Under,-114,1.87719298245614,2026-07-19T00:28:40-05:00,717.167945990,99153349,https://sbapi.il.sportsbook.fanduel.com/api/content-managed-page?page=CUSTOM&customPageId=nfl&pbHorizontal=false&_ak=FhMFpcPWXMeyZxOx
FanDuel,IL,2026,David Montgomery,rushing_yards,825.5,Over,-114,1.87719298245614,2026-07-19T00:28:40-05:00,717.167945752,99983919,https://sbapi.il.sportsbook.fanduel.com/api/content-managed-page?page=CUSTOM&customPageId=nfl&pbHorizontal=false&_ak=FhMFpcPWXMeyZxOx
FanDuel,IL,2026,David Montgomery,rushing_yards,825.5,Under,-114,1.87719298245614,2026-07-19T00:28:40-05:00,717.167945752,99983918,https://sbapi.il.sportsbook.fanduel.com/api/content-managed-page?page=CUSTOM&customPageId=nfl&pbHorizontal=false&_ak=FhMFpcPWXMeyZxOx
FanDuel,IL,2026,De'Von Achane,rushing_yards,975.5,Over,-114,1.87719298245614,2026-07-19T00:28:40-05:00,717.167942002,99965603,https://sbapi.il.sportsbook.fanduel.com/api/content-managed-page?page=CUSTOM&customPageId=nfl&pbHorizontal=false&_ak=FhMFpcPWXMeyZxOx
FanDuel,IL,2026,De'Von Achane,rushing_yards,975.5,Under,-114,1.87719298245614,2026-07-19T00:28:40-05:00,717.167942002,99965602,https://sbapi.il.sportsbook.fanduel.com/api/content-managed-page?page=CUSTOM&customPageId=nfl&pbHorizontal=false&_ak=FhMFpcPWXMeyZxOx
FanDuel,IL,2026,Derrick Henry,rushing_yards,1225.5,Over,-114,1.87719298245614,2026-07-19T00:28:40-05:00,717.167940444,99983863,https://sbapi.il.sportsbook.fanduel.com/api/content-managed-page?page=CUSTOM&customPageId=nfl&pbHorizontal=false&_ak=FhMFpcPWXMeyZxOx
FanDuel,IL,2026,Derrick Henry,rushing_yards,1225.5,Under,-114,1.87719298245614,2026-07-19T00:28:40-05:00,717.167940444,99983864,https://sbapi.il.sportsbook.fanduel.com/api/content-managed-page?page=CUSTOM&customPageId=nfl&pbHorizontal=false&_ak=FhMFpcPWXMeyZxOx
FanDuel,IL,2026,Drake Maye,rushing_yards,400.5,Over,-114,1.87719298245614,2026-07-19T00:28:40-05:00,717.167947458,98228178,https://sbapi.il.sportsbook.fanduel.com/api/content-managed-page?page=CUSTOM&customPageId=nfl&pbHorizontal=false&_ak=FhMFpcPWXMeyZxOx
FanDuel,IL,2026,Drake Maye,rushing_yards,400.5,Under,-114,1.87719298245614,2026-07-19T00:28:40-05:00,717.167947458,98228179,https://sbapi.il.sportsbook.fanduel.com/api/content-managed-page?page=CUSTOM&customPageId=nfl&pbHorizontal=false&_ak=FhMFpcPWXMeyZxOx
FanDuel,IL,2026,J.K. Dobbins,rushing_yards,675.5,Over,-114,1.87719298245614,2026-07-19T00:28:40-05:00,717.173594356,99983973,https://sbapi.il.sportsbook.fanduel.com/api/content-managed-page?page=CUSTOM&customPageId=nfl&pbHorizontal=false&_ak=FhMFpcPWXMeyZxOx
FanDuel,IL,2026,J.K. Dobbins,rushing_yards,675.5,Under,-114,1.87719298245614,2026-07-19T00:28:40-05:00,717.173594356,99983972,https://sbapi.il.sportsbook.fanduel.com/api/content-managed-page?page=CUSTOM&customPageId=nfl&pbHorizontal=false&_ak=FhMFpcPWXMeyZxOx
FanDuel,IL,2026,Jahmyr Gibbs,rushing_yards,1125.5,Over,-114,1.87719298245614,2026-07-19T00:28:40-05:00,717.167941680,99983929,https://sbapi.il.sportsbook.fanduel.com/api/content-managed-page?page=CUSTOM&customPageId=nfl&pbHorizontal=false&_ak=FhMFpcPWXMeyZxOx
FanDuel,IL,2026,Jahmyr Gibbs,rushing_yards,1125.5,Under,-114,1.87719298245614,2026-07-19T00:28:40-05:00,717.167941680,99983928,https://sbapi.il.sportsbook.fanduel.com/api/content-managed-page?page=CUSTOM&customPageId=nfl&pbHorizontal=false&_ak=FhMFpcPWXMeyZxOx
FanDuel,IL,2026,Jalen Hurts,rushing_yards,400.5,Over,-114,1.87719298245614,2026-07-19T00:28:40-05:00,717.167946813,98241196,https://sbapi.il.sportsbook.fanduel.com/api/content-managed-page?page=CUSTOM&customPageId=nfl&pbHorizontal=false&_ak=FhMFpcPWXMeyZxOx
FanDuel,IL,2026,Jalen Hurts,rushing_yards,400.5,Under,-114,1.87719298245614,2026-07-19T00:28:40-05:00,717.167946813,98241197,https://sbapi.il.sportsbook.fanduel.com/api/content-managed-page?page=CUSTOM&customPageId=nfl&pbHorizontal=false&_ak=FhMFpcPWXMeyZxOx
FanDuel,IL,2026,James Cook,rushing_yards,1200.5,Over,-114,1.87719298245614,2026-07-19T00:28:40-05:00,717.167930888,99983871,https://sbapi.il.sportsbook.fanduel.com/api/content-managed-page?page=CUSTOM&customPageId=nfl&pbHorizontal=false&_ak=FhMFpcPWXMeyZxOx
FanDuel,IL,2026,James Cook,rushing_yards,1200.5,Under,-114,1.87719298245614,2026-07-19T00:28:40-05:00,717.167930888,99983872,https://sbapi.il.sportsbook.fanduel.com/api/content-managed-page?page=CUSTOM&customPageId=nfl&pbHorizontal=false&_ak=FhMFpcPWXMeyZxOx
FanDuel,IL,2026,Javonte Williams,rushing_yards,950.5,Over,-114,1.87719298245614,2026-07-19T00:28:40-05:00,717.167943650,100252251,https://sbapi.il.sportsbook.fanduel.com/api/content-managed-page?page=CUSTOM&customPageId=nfl&pbHorizontal=false&_ak=FhMFpcPWXMeyZxOx
FanDuel,IL,2026,Javonte Williams,rushing_yards,950.5,Under,-114,1.87719298245614,2026-07-19T00:28:40-05:00,717.167943650,100252252,https://sbapi.il.sportsbook.fanduel.com/api/content-managed-page?page=CUSTOM&customPageId=nfl&pbHorizontal=false&_ak=FhMFpcPWXMeyZxOx
FanDuel,IL,2026,Jaxson Dart,rushing_yards,425.5,Over,-114,1.87719298245614,2026-07-19T00:28:40-05:00,717.167947141,98228163,https://sbapi.il.sportsbook.fanduel.com/api/content-managed-page?page=CUSTOM&customPageId=nfl&pbHorizontal=false&_ak=FhMFpcPWXMeyZxOx
FanDuel,IL,2026,Jaxson Dart,rushing_yards,425.5,Under,-114,1.87719298245614,2026-07-19T00:28:40-05:00,717.167947141,98228164,https://sbapi.il.sportsbook.fanduel.com/api/content-managed-page?page=CUSTOM&customPageId=nfl&pbHorizontal=false&_ak=FhMFpcPWXMeyZxOx
FanDuel,IL,2026,Jaylen Warren,rushing_yards,650.5,Over,-114,1.87719298245614,2026-07-19T00:28:40-05:00,717.173595850,99950760,https://sbapi.il.sportsbook.fanduel.com/api/content-managed-page?page=CUSTOM&customPageId=nfl&pbHorizontal=false&_ak=FhMFpcPWXMeyZxOx
FanDuel,IL,2026,Jaylen Warren,rushing_yards,650.5,Under,-114,1.87719298245614,2026-07-19T00:28:40-05:00,717.173595850,99950761,https://sbapi.il.sportsbook.fanduel.com/api/content-managed-page?page=CUSTOM&customPageId=nfl&pbHorizontal=false&_ak=FhMFpcPWXMeyZxOx
FanDuel,IL,2026,Jeremiyah Love,rushing_yards,850.5,Over,-114,1.87719298245614,2026-07-19T00:28:40-05:00,717.165372361,100711458,https://sbapi.il.sportsbook.fanduel.com/api/content-managed-page?page=CUSTOM&customPageId=nfl&pbHorizontal=false&_ak=FhMFpcPWXMeyZxOx
FanDuel,IL,2026,Jeremiyah Love,rushing_yards,850.5,Under,-114,1.87719298245614,2026-07-19T00:28:40-05:00,717.165372361,100711457,https://sbapi.il.sportsbook.fanduel.com/api/content-managed-page?page=CUSTOM&customPageId=nfl&pbHorizontal=false&_ak=FhMFpcPWXMeyZxOx
FanDuel,IL,2026,Jonathan Taylor,rushing_yards,1225.5,Over,-114,1.87719298245614,2026-07-19T00:28:40-05:00,717.167930545,100630781,https://sbapi.il.sportsbook.fanduel.com/api/content-managed-page?page=CUSTOM&customPageId=nfl&pbHorizontal=false&_ak=FhMFpcPWXMeyZxOx
FanDuel,IL,2026,Jonathan Taylor,rushing_yards,1225.5,Under,-114,1.87719298245614,2026-07-19T00:28:40-05:00,717.167930545,100630782,https://sbapi.il.sportsbook.fanduel.com/api/content-managed-page?page=CUSTOM&customPageId=nfl&pbHorizontal=false&_ak=FhMFpcPWXMeyZxOx
FanDuel,IL,2026,Josh Allen,rushing_yards,500.5,Over,-114,1.87719298245614,2026-07-19T00:28:40-05:00,717.167946653,98241183,https://sbapi.il.sportsbook.fanduel.com/api/content-managed-page?page=CUSTOM&customPageId=nfl&pbHorizontal=false&_ak=FhMFpcPWXMeyZxOx
FanDuel,IL,2026,Josh Allen,rushing_yards,500.5,Under,-114,1.87719298245614,2026-07-19T00:28:40-05:00,717.167946653,98241182,https://sbapi.il.sportsbook.fanduel.com/api/content-managed-page?page=CUSTOM&customPageId=nfl&pbHorizontal=false&_ak=FhMFpcPWXMeyZxOx
FanDuel,IL,2026,Kenneth Walker,rushing_yards,925.5,Over,-114,1.87719298245614,2026-07-19T00:28:40-05:00,717.167942661,98227903,https://sbapi.il.sportsbook.fanduel.com/api/content-managed-page?page=CUSTOM&customPageId=nfl&pbHorizontal=false&_ak=FhMFpcPWXMeyZxOx
FanDuel,IL,2026,Kenneth Walker,rushing_yards,925.5,Under,-114,1.87719298245614,2026-07-19T00:28:40-05:00,717.167942661,98227904,https://sbapi.il.sportsbook.fanduel.com/api/content-managed-page?page=CUSTOM&customPageId=nfl&pbHorizontal=false&_ak=FhMFpcPWXMeyZxOx
FanDuel,IL,2026,Kyren Williams,rushing_yards,925.5,Over,-114,1.87719298245614,2026-07-19T00:28:40-05:00,717.173528751,99983895,https://sbapi.il.sportsbook.fanduel.com/api/content-managed-page?page=CUSTOM&customPageId=nfl&pbHorizontal=false&_ak=FhMFpcPWXMeyZxOx
FanDuel,IL,2026,Kyren Williams,rushing_yards,925.5,Under,-114,1.87719298245614,2026-07-19T00:28:40-05:00,717.173528751,99983896,https://sbapi.il.sportsbook.fanduel.com/api/content-managed-page?page=CUSTOM&customPageId=nfl&pbHorizontal=false&_ak=FhMFpcPWXMeyZxOx
FanDuel,IL,2026,Lamar Jackson,rushing_yards,575.5,Over,-114,1.87719298245614,2026-07-19T00:28:40-05:00,717.167946458,98228100,https://sbapi.il.sportsbook.fanduel.com/api/content-managed-page?page=CUSTOM&customPageId=nfl&pbHorizontal=false&_ak=FhMFpcPWXMeyZxOx
FanDuel,IL,2026,Lamar Jackson,rushing_yards,575.5,Under,-114,1.87719298245614,2026-07-19T00:28:40-05:00,717.167946458,98228101,https://sbapi.il.sportsbook.fanduel.com/api/content-managed-page?page=CUSTOM&customPageId=nfl&pbHorizontal=false&_ak=FhMFpcPWXMeyZxOx
FanDuel,IL,2026,Omarion Hampton,rushing_yards,925.5,Over,-114,1.87719298245614,2026-07-19T00:28:40-05:00,717.167943957,98228041,https://sbapi.il.sportsbook.fanduel.com/api/content-managed-page?page=CUSTOM&customPageId=nfl&pbHorizontal=false&_ak=FhMFpcPWXMeyZxOx
FanDuel,IL,2026,Omarion Hampton,rushing_yards,925.5,Under,-114,1.87719298245614,2026-07-19T00:28:40-05:00,717.167943957,98228042,https://sbapi.il.sportsbook.fanduel.com/api/content-managed-page?page=CUSTOM&customPageId=nfl&pbHorizontal=false&_ak=FhMFpcPWXMeyZxOx
FanDuel,IL,2026,Quinshon Judkins,rushing_yards,875.5,Over,-114,1.87719298245614,2026-07-19T00:28:40-05:00,717.173594174,100633296,https://sbapi.il.sportsbook.fanduel.com/api/content-managed-page?page=CUSTOM&customPageId=nfl&pbHorizontal=false&_ak=FhMFpcPWXMeyZxOx
FanDuel,IL,2026,Quinshon Judkins,rushing_yards,875.5,Under,-114,1.87719298245614,2026-07-19T00:28:40-05:00,717.173594174,100633297,https://sbapi.il.sportsbook.fanduel.com/api/content-managed-page?page=CUSTOM&customPageId=nfl&pbHorizontal=false&_ak=FhMFpcPWXMeyZxOx
FanDuel,IL,2026,Rhamondre Stevenson,rushing_yards,600.5,Over,-114,1.87719298245614,2026-07-19T00:28:40-05:00,717.173594913,99984023,https://sbapi.il.sportsbook.fanduel.com/api/content-managed-page?page=CUSTOM&customPageId=nfl&pbHorizontal=false&_ak=FhMFpcPWXMeyZxOx
FanDuel,IL,2026,Rhamondre Stevenson,rushing_yards,600.5,Under,-114,1.87719298245614,2026-07-19T00:28:40-05:00,717.173594913,99984022,https://sbapi.il.sportsbook.fanduel.com/api/content-managed-page?page=CUSTOM&customPageId=nfl&pbHorizontal=false&_ak=FhMFpcPWXMeyZxOx
FanDuel,IL,2026,Saquon Barkley,rushing_yards,1050.5,Over,-114,1.87719298245614,2026-07-19T00:28:40-05:00,717.167931343,99983944,https://sbapi.il.sportsbook.fanduel.com/api/content-managed-page?page=CUSTOM&customPageId=nfl&pbHorizontal=false&_ak=FhMFpcPWXMeyZxOx
FanDuel,IL,2026,Saquon Barkley,rushing_yards,1050.5,Under,-114,1.87719298245614,2026-07-19T00:28:40-05:00,717.167931343,99983945,https://sbapi.il.sportsbook.fanduel.com/api/content-managed-page?page=CUSTOM&customPageId=nfl&pbHorizontal=false&_ak=FhMFpcPWXMeyZxOx
FanDuel,IL,2026,Tony Pollard,rushing_yards,800.5,Over,-114,1.87719298245614,2026-07-19T00:28:40-05:00,717.167944124,98228047,https://sbapi.il.sportsbook.fanduel.com/api/content-managed-page?page=CUSTOM&customPageId=nfl&pbHorizontal=false&_ak=FhMFpcPWXMeyZxOx
FanDuel,IL,2026,Tony Pollard,rushing_yards,800.5,Under,-114,1.87719298245614,2026-07-19T00:28:40-05:00,717.167944124,98228048,https://sbapi.il.sportsbook.fanduel.com/api/content-managed-page?page=CUSTOM&customPageId=nfl&pbHorizontal=false&_ak=FhMFpcPWXMeyZxOx
FanDuel,IL,2026,Travis Etienne,rushing_yards,800.5,Over,-114,1.87719298245614,2026-07-19T00:28:40-05:00,717.173595757,99811687,https://sbapi.il.sportsbook.fanduel.com/api/content-managed-page?page=CUSTOM&customPageId=nfl&pbHorizontal=false&_ak=FhMFpcPWXMeyZxOx
FanDuel,IL,2026,Travis Etienne,rushing_yards,800.5,Under,-114,1.87719298245614,2026-07-19T00:28:40-05:00,717.173595757,99811686,https://sbapi.il.sportsbook.fanduel.com/api/content-managed-page?page=CUSTOM&customPageId=nfl&pbHorizontal=false&_ak=FhMFpcPWXMeyZxOx
FanDuel,IL,2026,TreVeyon Henderson,rushing_yards,700.5,Over,-114,1.87719298245614,2026-07-19T00:28:40-05:00,717.173594526,99811597,https://sbapi.il.sportsbook.fanduel.com/api/content-managed-page?page=CUSTOM&customPageId=nfl&pbHorizontal=false&_ak=FhMFpcPWXMeyZxOx
FanDuel,IL,2026,TreVeyon Henderson,rushing_yards,700.5,Under,-114,1.87719298245614,2026-07-19T00:28:40-05:00,717.173594526,99811598,https://sbapi.il.sportsbook.fanduel.com/api/content-managed-page?page=CUSTOM&customPageId=nfl&pbHorizontal=false&_ak=FhMFpcPWXMeyZxOx
FanDuel,IL,2026,Ashton Jeanty,rushing_tds,7.5,Over,-108,1.925925925925926,2026-07-19T00:28:40-05:00,717.170870114,99007940,https://sbapi.il.sportsbook.fanduel.com/api/content-managed-page?page=CUSTOM&customPageId=nfl&pbHorizontal=false&_ak=FhMFpcPWXMeyZxOx
FanDuel,IL,2026,Ashton Jeanty,rushing_tds,7.5,Under,-122,1.819672131147541,2026-07-19T00:28:40-05:00,717.170870114,99007939,https://sbapi.il.sportsbook.fanduel.com/api/content-managed-page?page=CUSTOM&customPageId=nfl&pbHorizontal=false&_ak=FhMFpcPWXMeyZxOx
FanDuel,IL,2026,Bijan Robinson,rushing_tds,9.5,Over,-122,1.819672131147541,2026-07-19T00:28:40-05:00,717.170847245,99983711,https://sbapi.il.sportsbook.fanduel.com/api/content-managed-page?page=CUSTOM&customPageId=nfl&pbHorizontal=false&_ak=FhMFpcPWXMeyZxOx
FanDuel,IL,2026,Bijan Robinson,rushing_tds,9.5,Under,-108,1.925925925925926,2026-07-19T00:28:40-05:00,717.170847245,99983710,https://sbapi.il.sportsbook.fanduel.com/api/content-managed-page?page=CUSTOM&customPageId=nfl&pbHorizontal=false&_ak=FhMFpcPWXMeyZxOx
FanDuel,IL,2026,Breece Hall,rushing_tds,5.5,Over,116,2.16,2026-07-19T00:28:40-05:00,717.170867553,99007763,https://sbapi.il.sportsbook.fanduel.com/api/content-managed-page?page=CUSTOM&customPageId=nfl&pbHorizontal=false&_ak=FhMFpcPWXMeyZxOx
FanDuel,IL,2026,Breece Hall,rushing_tds,5.5,Under,-154,1.649350649350649,2026-07-19T00:28:40-05:00,717.170867553,99007762,https://sbapi.il.sportsbook.fanduel.com/api/content-managed-page?page=CUSTOM&customPageId=nfl&pbHorizontal=false&_ak=FhMFpcPWXMeyZxOx
FanDuel,IL,2026,Chase Brown,rushing_tds,5.5,Over,-114,1.87719298245614,2026-07-19T00:28:40-05:00,717.170854517,99007096,https://sbapi.il.sportsbook.fanduel.com/api/content-managed-page?page=CUSTOM&customPageId=nfl&pbHorizontal=false&_ak=FhMFpcPWXMeyZxOx
FanDuel,IL,2026,Chase Brown,rushing_tds,5.5,Under,-114,1.87719298245614,2026-07-19T00:28:40-05:00,717.170854517,99007097,https://sbapi.il.sportsbook.fanduel.com/api/content-managed-page?page=CUSTOM&customPageId=nfl&pbHorizontal=false&_ak=FhMFpcPWXMeyZxOx
FanDuel,IL,2026,Christian McCaffrey,rushing_tds,8.5,Over,106,2.06,2026-07-19T00:28:40-05:00,717.170848972,99006760,https://sbapi.il.sportsbook.fanduel.com/api/content-managed-page?page=CUSTOM&customPageId=nfl&pbHorizontal=false&_ak=FhMFpcPWXMeyZxOx
FanDuel,IL,2026,Christian McCaffrey,rushing_tds,8.5,Under,-140,1.714285714285714,2026-07-19T00:28:40-05:00,717.170848972,99006761,https://sbapi.il.sportsbook.fanduel.com/api/content-managed-page?page=CUSTOM&customPageId=nfl&pbHorizontal=false&_ak=FhMFpcPWXMeyZxOx
FanDuel,IL,2026,D'Andre Swift,rushing_tds,5.5,Over,-114,1.87719298245614,2026-07-19T00:28:40-05:00,717.170853447,99007008,https://sbapi.il.sportsbook.fanduel.com/api/content-managed-page?page=CUSTOM&customPageId=nfl&pbHorizontal=false&_ak=FhMFpcPWXMeyZxOx
FanDuel,IL,2026,D'Andre Swift,rushing_tds,5.5,Under,-114,1.87719298245614,2026-07-19T00:28:40-05:00,717.170853447,99007009,https://sbapi.il.sportsbook.fanduel.com/api/content-managed-page?page=CUSTOM&customPageId=nfl&pbHorizontal=false&_ak=FhMFpcPWXMeyZxOx
FanDuel,IL,2026,David Montgomery,rushing_tds,7.5,Over,-102,1.980392156862745,2026-07-19T00:28:40-05:00,717.170851297,99006892,https://sbapi.il.sportsbook.fanduel.com/api/content-managed-page?page=CUSTOM&customPageId=nfl&pbHorizontal=false&_ak=FhMFpcPWXMeyZxOx
FanDuel,IL,2026,David Montgomery,rushing_tds,7.5,Under,-130,1.769230769230769,2026-07-19T00:28:40-05:00,717.170851297,99006891,https://sbapi.il.sportsbook.fanduel.com/api/content-managed-page?page=CUSTOM&customPageId=nfl&pbHorizontal=false&_ak=FhMFpcPWXMeyZxOx
FanDuel,IL,2026,Derrick Henry,rushing_tds,12.5,Over,-148,1.675675675675676,2026-07-19T00:28:40-05:00,717.170845075,100630862,https://sbapi.il.sportsbook.fanduel.com/api/content-managed-page?page=CUSTOM&customPageId=nfl&pbHorizontal=false&_ak=FhMFpcPWXMeyZxOx
FanDuel,IL,2026,Derrick Henry,rushing_tds,12.5,Under,112,2.12,2026-07-19T00:28:40-05:00,717.170845075,100630861,https://sbapi.il.sportsbook.fanduel.com/api/content-managed-page?page=CUSTOM&customPageId=nfl&pbHorizontal=false&_ak=FhMFpcPWXMeyZxOx
FanDuel,IL,2026,Drake Maye,rushing_tds,3.5,Over,-108,1.925925925925926,2026-07-19T00:28:40-05:00,717.170869260,99007914,https://sbapi.il.sportsbook.fanduel.com/api/content-managed-page?page=CUSTOM&customPageId=nfl&pbHorizontal=false&_ak=FhMFpcPWXMeyZxOx
FanDuel,IL,2026,Drake Maye,rushing_tds,3.5,Under,-122,1.819672131147541,2026-07-19T00:28:40-05:00,717.170869260,99007915,https://sbapi.il.sportsbook.fanduel.com/api/content-managed-page?page=CUSTOM&customPageId=nfl&pbHorizontal=false&_ak=FhMFpcPWXMeyZxOx
FanDuel,IL,2026,Jahmyr Gibbs,rushing_tds,11.5,Over,-114,1.87719298245614,2026-07-19T00:28:40-05:00,717.170846875,99007984,https://sbapi.il.sportsbook.fanduel.com/api/content-managed-page?page=CUSTOM&customPageId=nfl&pbHorizontal=false&_ak=FhMFpcPWXMeyZxOx
FanDuel,IL,2026,Jahmyr Gibbs,rushing_tds,11.5,Under,-114,1.87719298245614,2026-07-19T00:28:40-05:00,717.170846875,99007985,https://sbapi.il.sportsbook.fanduel.com/api/content-managed-page?page=CUSTOM&customPageId=nfl&pbHorizontal=false&_ak=FhMFpcPWXMeyZxOx
FanDuel,IL,2026,Jalen Hurts,rushing_tds,7.5,Over,-148,1.675675675675676,2026-07-19T00:28:40-05:00,717.170852248,99006927,https://sbapi.il.sportsbook.fanduel.com/api/content-managed-page?page=CUSTOM&customPageId=nfl&pbHorizontal=false&_ak=FhMFpcPWXMeyZxOx
FanDuel,IL,2026,Jalen Hurts,rushing_tds,7.5,Under,112,2.12,2026-07-19T00:28:40-05:00,717.170852248,99006928,https://sbapi.il.sportsbook.fanduel.com/api/content-managed-page?page=CUSTOM&customPageId=nfl&pbHorizontal=false&_ak=FhMFpcPWXMeyZxOx
FanDuel,IL,2026,James Cook,rushing_tds,10.5,Over,106,2.06,2026-07-19T00:28:40-05:00,717.170847603,99006729,https://sbapi.il.sportsbook.fanduel.com/api/content-managed-page?page=CUSTOM&customPageId=nfl&pbHorizontal=false&_ak=FhMFpcPWXMeyZxOx
FanDuel,IL,2026,James Cook,rushing_tds,10.5,Under,-140,1.714285714285714,2026-07-19T00:28:40-05:00,717.170847603,99006728,https://sbapi.il.sportsbook.fanduel.com/api/content-managed-page?page=CUSTOM&customPageId=nfl&pbHorizontal=false&_ak=FhMFpcPWXMeyZxOx
FanDuel,IL,2026,Javonte Williams,rushing_tds,9.5,Over,-128,1.78125,2026-07-19T00:28:40-05:00,717.170848558,99006750,https://sbapi.il.sportsbook.fanduel.com/api/content-managed-page?page=CUSTOM&customPageId=nfl&pbHorizontal=false&_ak=FhMFpcPWXMeyZxOx
FanDuel,IL,2026,Javonte Williams,rushing_tds,9.5,Under,-104,1.961538461538462,2026-07-19T00:28:40-05:00,717.170848558,99006749,https://sbapi.il.sportsbook.fanduel.com/api/content-managed-page?page=CUSTOM&customPageId=nfl&pbHorizontal=false&_ak=FhMFpcPWXMeyZxOx
FanDuel,IL,2026,Jaxson Dart,rushing_tds,5.5,Over,-102,1.980392156862745,2026-07-19T00:28:40-05:00,717.170867794,100454290,https://sbapi.il.sportsbook.fanduel.com/api/content-managed-page?page=CUSTOM&customPageId=nfl&pbHorizontal=false&_ak=FhMFpcPWXMeyZxOx
FanDuel,IL,2026,Jaxson Dart,rushing_tds,5.5,Under,-130,1.769230769230769,2026-07-19T00:28:40-05:00,717.170867794,100454291,https://sbapi.il.sportsbook.fanduel.com/api/content-managed-page?page=CUSTOM&customPageId=nfl&pbHorizontal=false&_ak=FhMFpcPWXMeyZxOx
FanDuel,IL,2026,Jeremiyah Love,rushing_tds,5.5,Over,-140,1.714285714285714,2026-07-19T00:28:40-05:00,717.170853792,97499451,https://sbapi.il.sportsbook.fanduel.com/api/content-managed-page?page=CUSTOM&customPageId=nfl&pbHorizontal=false&_ak=FhMFpcPWXMeyZxOx
FanDuel,IL,2026,Jeremiyah Love,rushing_tds,5.5,Under,106,2.06,2026-07-19T00:28:40-05:00,717.170853792,97499450,https://sbapi.il.sportsbook.fanduel.com/api/content-managed-page?page=CUSTOM&customPageId=nfl&pbHorizontal=false&_ak=FhMFpcPWXMeyZxOx
FanDuel,IL,2026,Jonathan Taylor,rushing_tds,11.5,Over,-114,1.87719298245614,2026-07-19T00:28:40-05:00,717.170845459,99006667,https://sbapi.il.sportsbook.fanduel.com/api/content-managed-page?page=CUSTOM&customPageId=nfl&pbHorizontal=false&_ak=FhMFpcPWXMeyZxOx
FanDuel,IL,2026,Jonathan Taylor,rushing_tds,11.5,Under,-114,1.87719298245614,2026-07-19T00:28:40-05:00,717.170845459,99006666,https://sbapi.il.sportsbook.fanduel.com/api/content-managed-page?page=CUSTOM&customPageId=nfl&pbHorizontal=false&_ak=FhMFpcPWXMeyZxOx
FanDuel,IL,2026,Josh Allen,rushing_tds,10.5,Over,-114,1.87719298245614,2026-07-19T00:28:40-05:00,717.170847958,99006745,https://sbapi.il.sportsbook.fanduel.com/api/content-managed-page?page=CUSTOM&customPageId=nfl&pbHorizontal=false&_ak=FhMFpcPWXMeyZxOx
FanDuel,IL,2026,Josh Allen,rushing_tds,10.5,Under,-114,1.87719298245614,2026-07-19T00:28:40-05:00,717.170847958,99006746,https://sbapi.il.sportsbook.fanduel.com/api/content-managed-page?page=CUSTOM&customPageId=nfl&pbHorizontal=false&_ak=FhMFpcPWXMeyZxOx
FanDuel,IL,2026,Kenneth Walker III,rushing_tds,7.5,Over,-102,1.980392156862745,2026-07-19T00:28:40-05:00,717.170851912,99006903,https://sbapi.il.sportsbook.fanduel.com/api/content-managed-page?page=CUSTOM&customPageId=nfl&pbHorizontal=false&_ak=FhMFpcPWXMeyZxOx
FanDuel,IL,2026,Kenneth Walker III,rushing_tds,7.5,Under,-130,1.769230769230769,2026-07-19T00:28:40-05:00,717.170851912,99006904,https://sbapi.il.sportsbook.fanduel.com/api/content-managed-page?page=CUSTOM&customPageId=nfl&pbHorizontal=false&_ak=FhMFpcPWXMeyZxOx
FanDuel,IL,2026,Lamar Jackson,rushing_tds,3.5,Over,-130,1.769230769230769,2026-07-19T00:28:40-05:00,717.170868614,99007823,https://sbapi.il.sportsbook.fanduel.com/api/content-managed-page?page=CUSTOM&customPageId=nfl&pbHorizontal=false&_ak=FhMFpcPWXMeyZxOx
FanDuel,IL,2026,Lamar Jackson,rushing_tds,3.5,Under,-102,1.980392156862745,2026-07-19T00:28:40-05:00,717.170868614,99007824,https://sbapi.il.sportsbook.fanduel.com/api/content-managed-page?page=CUSTOM&customPageId=nfl&pbHorizontal=false&_ak=FhMFpcPWXMeyZxOx
FanDuel,IL,2026,Omarion Hampton,rushing_tds,7.5,Over,-148,1.675675675675676,2026-07-19T00:28:40-05:00,717.170849391,99006808,https://sbapi.il.sportsbook.fanduel.com/api/content-managed-page?page=CUSTOM&customPageId=nfl&pbHorizontal=false&_ak=FhMFpcPWXMeyZxOx
FanDuel,IL,2026,Omarion Hampton,rushing_tds,7.5,Under,112,2.12,2026-07-19T00:28:40-05:00,717.170849391,99006809,https://sbapi.il.sportsbook.fanduel.com/api/content-managed-page?page=CUSTOM&customPageId=nfl&pbHorizontal=false&_ak=FhMFpcPWXMeyZxOx
FanDuel,IL,2026,Rhamondre Stevenson,rushing_tds,5.5,Over,-128,1.78125,2026-07-19T00:28:40-05:00,717.170854771,99007129,https://sbapi.il.sportsbook.fanduel.com/api/content-managed-page?page=CUSTOM&customPageId=nfl&pbHorizontal=false&_ak=FhMFpcPWXMeyZxOx
FanDuel,IL,2026,Rhamondre Stevenson,rushing_tds,5.5,Under,-104,1.961538461538462,2026-07-19T00:28:40-05:00,717.170854771,99007130,https://sbapi.il.sportsbook.fanduel.com/api/content-managed-page?page=CUSTOM&customPageId=nfl&pbHorizontal=false&_ak=FhMFpcPWXMeyZxOx
FanDuel,IL,2026,Saquon Barkley,rushing_tds,7.5,Over,-102,1.980392156862745,2026-07-19T00:28:40-05:00,717.170852680,99006961,https://sbapi.il.sportsbook.fanduel.com/api/content-managed-page?page=CUSTOM&customPageId=nfl&pbHorizontal=false&_ak=FhMFpcPWXMeyZxOx
FanDuel,IL,2026,Saquon Barkley,rushing_tds,7.5,Under,-130,1.769230769230769,2026-07-19T00:28:40-05:00,717.170852680,99006960,https://sbapi.il.sportsbook.fanduel.com/api/content-managed-page?page=CUSTOM&customPageId=nfl&pbHorizontal=false&_ak=FhMFpcPWXMeyZxOx
FanDuel,IL,2026,Tony Pollard,rushing_tds,5.5,Over,112,2.12,2026-07-19T00:28:40-05:00,717.170854158,99007090,https://sbapi.il.sportsbook.fanduel.com/api/content-managed-page?page=CUSTOM&customPageId=nfl&pbHorizontal=false&_ak=FhMFpcPWXMeyZxOx
FanDuel,IL,2026,Tony Pollard,rushing_tds,5.5,Under,-148,1.675675675675676,2026-07-19T00:28:40-05:00,717.170854158,99007089,https://sbapi.il.sportsbook.fanduel.com/api/content-managed-page?page=CUSTOM&customPageId=nfl&pbHorizontal=false&_ak=FhMFpcPWXMeyZxOx
FanDuel,IL,2026,Travis Etienne,rushing_tds,4.5,Over,-162,1.617283950617284,2026-07-19T00:28:40-05:00,717.170867207,99983767,https://sbapi.il.sportsbook.fanduel.com/api/content-managed-page?page=CUSTOM&customPageId=nfl&pbHorizontal=false&_ak=FhMFpcPWXMeyZxOx
FanDuel,IL,2026,Travis Etienne,rushing_tds,4.5,Under,120,2.2,2026-07-19T00:28:40-05:00,717.170867207,99983766,https://sbapi.il.sportsbook.fanduel.com/api/content-managed-page?page=CUSTOM&customPageId=nfl&pbHorizontal=false&_ak=FhMFpcPWXMeyZxOx
FanDuel,IL,2026,TreVeyon Henderson,rushing_tds,5.5,Over,-102,1.980392156862745,2026-07-19T00:28:40-05:00,717.170855349,99007142,https://sbapi.il.sportsbook.fanduel.com/api/content-managed-page?page=CUSTOM&customPageId=nfl&pbHorizontal=false&_ak=FhMFpcPWXMeyZxOx
FanDuel,IL,2026,TreVeyon Henderson,rushing_tds,5.5,Under,-130,1.769230769230769,2026-07-19T00:28:40-05:00,717.170855349,99007143,https://sbapi.il.sportsbook.fanduel.com/api/content-managed-page?page=CUSTOM&customPageId=nfl&pbHorizontal=false&_ak=FhMFpcPWXMeyZxOx
FanDuel,IL,2026,A.J. Brown,receiving_yards,1100.5,Over,-114,1.87719298245614,2026-07-19T00:28:40-05:00,717.171399850,99165743,https://sbapi.il.sportsbook.fanduel.com/api/content-managed-page?page=CUSTOM&customPageId=nfl&pbHorizontal=false&_ak=FhMFpcPWXMeyZxOx
FanDuel,IL,2026,A.J. Brown,receiving_yards,1100.5,Under,-114,1.87719298245614,2026-07-19T00:28:40-05:00,717.171399850,99165744,https://sbapi.il.sportsbook.fanduel.com/api/content-managed-page?page=CUSTOM&customPageId=nfl&pbHorizontal=false&_ak=FhMFpcPWXMeyZxOx
FanDuel,IL,2026,Amon-Ra St. Brown,receiving_yards,1225.5,Over,-114,1.87719298245614,2026-07-19T00:28:40-05:00,717.168959978,98467676,https://sbapi.il.sportsbook.fanduel.com/api/content-managed-page?page=CUSTOM&customPageId=nfl&pbHorizontal=false&_ak=FhMFpcPWXMeyZxOx
FanDuel,IL,2026,Amon-Ra St. Brown,receiving_yards,1225.5,Under,-114,1.87719298245614,2026-07-19T00:28:40-05:00,717.168959978,98467677,https://sbapi.il.sportsbook.fanduel.com/api/content-managed-page?page=CUSTOM&customPageId=nfl&pbHorizontal=false&_ak=FhMFpcPWXMeyZxOx
FanDuel,IL,2026,Brock Bowers,receiving_yards,900.5,Over,-114,1.87719298245614,2026-07-19T00:28:40-05:00,717.168964905,100731710,https://sbapi.il.sportsbook.fanduel.com/api/content-managed-page?page=CUSTOM&customPageId=nfl&pbHorizontal=false&_ak=FhMFpcPWXMeyZxOx
FanDuel,IL,2026,Brock Bowers,receiving_yards,900.5,Under,-114,1.87719298245614,2026-07-19T00:28:40-05:00,717.168964905,100731709,https://sbapi.il.sportsbook.fanduel.com/api/content-managed-page?page=CUSTOM&customPageId=nfl&pbHorizontal=false&_ak=FhMFpcPWXMeyZxOx
FanDuel,IL,2026,Carnell Tate,receiving_yards,775.5,Over,-114,1.87719298245614,2026-07-19T00:28:40-05:00,717.165615463,97918738,https://sbapi.il.sportsbook.fanduel.com/api/content-managed-page?page=CUSTOM&customPageId=nfl&pbHorizontal=false&_ak=FhMFpcPWXMeyZxOx
FanDuel,IL,2026,Carnell Tate,receiving_yards,775.5,Under,-114,1.87719298245614,2026-07-19T00:28:40-05:00,717.165615463,97918737,https://sbapi.il.sportsbook.fanduel.com/api/content-managed-page?page=CUSTOM&customPageId=nfl&pbHorizontal=false&_ak=FhMFpcPWXMeyZxOx
FanDuel,IL,2026,CeeDee Lamb,receiving_yards,1200.5,Over,-114,1.87719298245614,2026-07-19T00:28:40-05:00,717.168960240,99983892,https://sbapi.il.sportsbook.fanduel.com/api/content-managed-page?page=CUSTOM&customPageId=nfl&pbHorizontal=false&_ak=FhMFpcPWXMeyZxOx
FanDuel,IL,2026,CeeDee Lamb,receiving_yards,1200.5,Under,-114,1.87719298245614,2026-07-19T00:28:40-05:00,717.168960240,99983891,https://sbapi.il.sportsbook.fanduel.com/api/content-managed-page?page=CUSTOM&customPageId=nfl&pbHorizontal=false&_ak=FhMFpcPWXMeyZxOx
FanDuel,IL,2026,Chris Olave,receiving_yards,1050.5,Over,-114,1.87719298245614,2026-07-19T00:28:40-05:00,717.168960710,98467741,https://sbapi.il.sportsbook.fanduel.com/api/content-managed-page?page=CUSTOM&customPageId=nfl&pbHorizontal=false&_ak=FhMFpcPWXMeyZxOx
FanDuel,IL,2026,Chris Olave,receiving_yards,1050.5,Under,-114,1.87719298245614,2026-07-19T00:28:40-05:00,717.168960710,98467742,https://sbapi.il.sportsbook.fanduel.com/api/content-managed-page?page=CUSTOM&customPageId=nfl&pbHorizontal=false&_ak=FhMFpcPWXMeyZxOx
FanDuel,IL,2026,Christian McCaffrey,receiving_yards,550.5,Over,-114,1.87719298245614,2026-07-19T00:28:40-05:00,717.173526529,99787627,https://sbapi.il.sportsbook.fanduel.com/api/content-managed-page?page=CUSTOM&customPageId=nfl&pbHorizontal=false&_ak=FhMFpcPWXMeyZxOx
FanDuel,IL,2026,Christian McCaffrey,receiving_yards,550.5,Under,-114,1.87719298245614,2026-07-19T00:28:40-05:00,717.173526529,99787626,https://sbapi.il.sportsbook.fanduel.com/api/content-managed-page?page=CUSTOM&customPageId=nfl&pbHorizontal=false&_ak=FhMFpcPWXMeyZxOx
FanDuel,IL,2026,Christian Watson,receiving_yards,750.5,Over,-114,1.87719298245614,2026-07-19T00:28:40-05:00,717.168964572,99983934,https://sbapi.il.sportsbook.fanduel.com/api/content-managed-page?page=CUSTOM&customPageId=nfl&pbHorizontal=false&_ak=FhMFpcPWXMeyZxOx
FanDuel,IL,2026,Christian Watson,receiving_yards,750.5,Under,-114,1.87719298245614,2026-07-19T00:28:40-05:00,717.168964572,99983935,https://sbapi.il.sportsbook.fanduel.com/api/content-managed-page?page=CUSTOM&customPageId=nfl&pbHorizontal=false&_ak=FhMFpcPWXMeyZxOx
FanDuel,IL,2026,Colston Loveland,receiving_yards,775.5,Over,-114,1.87719298245614,2026-07-19T00:28:40-05:00,717.168967521,99983901,https://sbapi.il.sportsbook.fanduel.com/api/content-managed-page?page=CUSTOM&customPageId=nfl&pbHorizontal=false&_ak=FhMFpcPWXMeyZxOx
FanDuel,IL,2026,Colston Loveland,receiving_yards,775.5,Under,-114,1.87719298245614,2026-07-19T00:28:40-05:00,717.168967521,99983902,https://sbapi.il.sportsbook.fanduel.com/api/content-managed-page?page=CUSTOM&customPageId=nfl&pbHorizontal=false&_ak=FhMFpcPWXMeyZxOx
FanDuel,IL,2026,Courtland Sutton,receiving_yards,775.5,Over,-114,1.87719298245614,2026-07-19T00:28:40-05:00,717.173524590,99787446,https://sbapi.il.sportsbook.fanduel.com/api/content-managed-page?page=CUSTOM&customPageId=nfl&pbHorizontal=false&_ak=FhMFpcPWXMeyZxOx
FanDuel,IL,2026,Courtland Sutton,receiving_yards,775.5,Under,-114,1.87719298245614,2026-07-19T00:28:40-05:00,717.173524590,99787447,https://sbapi.il.sportsbook.fanduel.com/api/content-managed-page?page=CUSTOM&customPageId=nfl&pbHorizontal=false&_ak=FhMFpcPWXMeyZxOx
FanDuel,IL,2026,Davante Adams,receiving_yards,800.5,Over,-114,1.87719298245614,2026-07-19T00:28:40-05:00,717.168963486,98517012,https://sbapi.il.sportsbook.fanduel.com/api/content-managed-page?page=CUSTOM&customPageId=nfl&pbHorizontal=false&_ak=FhMFpcPWXMeyZxOx
FanDuel,IL,2026,Davante Adams,receiving_yards,800.5,Under,-114,1.87719298245614,2026-07-19T00:28:40-05:00,717.168963486,98517013,https://sbapi.il.sportsbook.fanduel.com/api/content-managed-page?page=CUSTOM&customPageId=nfl&pbHorizontal=false&_ak=FhMFpcPWXMeyZxOx
FanDuel,IL,2026,Drake London,receiving_yards,1100.5,Over,-114,1.87719298245614,2026-07-19T00:28:40-05:00,717.168960913,98467861,https://sbapi.il.sportsbook.fanduel.com/api/content-managed-page?page=CUSTOM&customPageId=nfl&pbHorizontal=false&_ak=FhMFpcPWXMeyZxOx
FanDuel,IL,2026,Drake London,receiving_yards,1100.5,Under,-114,1.87719298245614,2026-07-19T00:28:40-05:00,717.168960913,98467862,https://sbapi.il.sportsbook.fanduel.com/api/content-managed-page?page=CUSTOM&customPageId=nfl&pbHorizontal=false&_ak=FhMFpcPWXMeyZxOx
FanDuel,IL,2026,Emeka Egbuka,receiving_yards,900.5,Over,-114,1.87719298245614,2026-07-19T00:28:40-05:00,717.168967755,100630803,https://sbapi.il.sportsbook.fanduel.com/api/content-managed-page?page=CUSTOM&customPageId=nfl&pbHorizontal=false&_ak=FhMFpcPWXMeyZxOx
FanDuel,IL,2026,Emeka Egbuka,receiving_yards,900.5,Under,-114,1.87719298245614,2026-07-19T00:28:40-05:00,717.168967755,100630802,https://sbapi.il.sportsbook.fanduel.com/api/content-managed-page?page=CUSTOM&customPageId=nfl&pbHorizontal=false&_ak=FhMFpcPWXMeyZxOx
FanDuel,IL,2026,Garrett Wilson,receiving_yards,975.5,Over,-114,1.87719298245614,2026-07-19T00:28:40-05:00,717.168962804,98467989,https://sbapi.il.sportsbook.fanduel.com/api/content-managed-page?page=CUSTOM&customPageId=nfl&pbHorizontal=false&_ak=FhMFpcPWXMeyZxOx
FanDuel,IL,2026,Garrett Wilson,receiving_yards,975.5,Under,-114,1.87719298245614,2026-07-19T00:28:40-05:00,717.168962804,98467990,https://sbapi.il.sportsbook.fanduel.com/api/content-managed-page?page=CUSTOM&customPageId=nfl&pbHorizontal=false&_ak=FhMFpcPWXMeyZxOx
FanDuel,IL,2026,George Kittle,receiving_yards,700.5,Over,-114,1.87719298245614,2026-07-19T00:28:40-05:00,717.173521844,100630901,https://sbapi.il.sportsbook.fanduel.com/api/content-managed-page?page=CUSTOM&customPageId=nfl&pbHorizontal=false&_ak=FhMFpcPWXMeyZxOx
FanDuel,IL,2026,George Kittle,receiving_yards,700.5,Under,-114,1.87719298245614,2026-07-19T00:28:40-05:00,717.173521844,100630902,https://sbapi.il.sportsbook.fanduel.com/api/content-managed-page?page=CUSTOM&customPageId=nfl&pbHorizontal=false&_ak=FhMFpcPWXMeyZxOx
FanDuel,IL,2026,George Pickens,receiving_yards,1050.5,Over,-114,1.87719298245614,2026-07-19T00:28:40-05:00,717.168960460,98516980,https://sbapi.il.sportsbook.fanduel.com/api/content-managed-page?page=CUSTOM&customPageId=nfl&pbHorizontal=false&_ak=FhMFpcPWXMeyZxOx
FanDuel,IL,2026,George Pickens,receiving_yards,1050.5,Under,-114,1.87719298245614,2026-07-19T00:28:40-05:00,717.168960460,98516981,https://sbapi.il.sportsbook.fanduel.com/api/content-managed-page?page=CUSTOM&customPageId=nfl&pbHorizontal=false&_ak=FhMFpcPWXMeyZxOx
FanDuel,IL,2026,Ja'Marr Chase,receiving_yards,1325.5,Over,-114,1.87719298245614,2026-07-19T00:28:40-05:00,717.168959788,99983884,https://sbapi.il.sportsbook.fanduel.com/api/content-managed-page?page=CUSTOM&customPageId=nfl&pbHorizontal=false&_ak=FhMFpcPWXMeyZxOx
FanDuel,IL,2026,Ja'Marr Chase,receiving_yards,1325.5,Under,-114,1.87719298245614,2026-07-19T00:28:40-05:00,717.168959788,99983883,https://sbapi.il.sportsbook.fanduel.com/api/content-managed-page?page=CUSTOM&customPageId=nfl&pbHorizontal=false&_ak=FhMFpcPWXMeyZxOx
FanDuel,IL,2026,Jameson Williams,receiving_yards,900.5,Over,-114,1.87719298245614,2026-07-19T00:28:40-05:00,717.168962137,99983974,https://sbapi.il.sportsbook.fanduel.com/api/content-managed-page?page=CUSTOM&customPageId=nfl&pbHorizontal=false&_ak=FhMFpcPWXMeyZxOx
FanDuel,IL,2026,Jameson Williams,receiving_yards,900.5,Under,-114,1.87719298245614,2026-07-19T00:28:40-05:00,717.168962137,99983975,https://sbapi.il.sportsbook.fanduel.com/api/content-managed-page?page=CUSTOM&customPageId=nfl&pbHorizontal=false&_ak=FhMFpcPWXMeyZxOx
FanDuel,IL,2026,Jaxon Smith-Njigba,receiving_yards,1350.5,Over,-114,1.87719298245614,2026-07-19T00:28:40-05:00,717.168956187,98467252,https://sbapi.il.sportsbook.fanduel.com/api/content-managed-page?page=CUSTOM&customPageId=nfl&pbHorizontal=false&_ak=FhMFpcPWXMeyZxOx
FanDuel,IL,2026,Jaxon Smith-Njigba,receiving_yards,1350.5,Under,-114,1.87719298245614,2026-07-19T00:28:40-05:00,717.168956187,98467251,https://sbapi.il.sportsbook.fanduel.com/api/content-managed-page?page=CUSTOM&customPageId=nfl&pbHorizontal=false&_ak=FhMFpcPWXMeyZxOx
FanDuel,IL,2026,Jaylen Waddle,receiving_yards,900.5,Over,-114,1.87719298245614,2026-07-19T00:28:40-05:00,717.168964317,100731554,https://sbapi.il.sportsbook.fanduel.com/api/content-managed-page?page=CUSTOM&customPageId=nfl&pbHorizontal=false&_ak=FhMFpcPWXMeyZxOx
FanDuel,IL,2026,Jaylen Waddle,receiving_yards,900.5,Under,-114,1.87719298245614,2026-07-19T00:28:40-05:00,717.168964317,100731553,https://sbapi.il.sportsbook.fanduel.com/api/content-managed-page?page=CUSTOM&customPageId=nfl&pbHorizontal=false&_ak=FhMFpcPWXMeyZxOx
FanDuel,IL,2026,Jordyn Tyson,receiving_yards,750.5,Over,-114,1.87719298245614,2026-07-19T00:28:40-05:00,717.165616181,99983970,https://sbapi.il.sportsbook.fanduel.com/api/content-managed-page?page=CUSTOM&customPageId=nfl&pbHorizontal=false&_ak=FhMFpcPWXMeyZxOx
FanDuel,IL,2026,Jordyn Tyson,receiving_yards,750.5,Under,-114,1.87719298245614,2026-07-19T00:28:40-05:00,717.165616181,99983969,https://sbapi.il.sportsbook.fanduel.com/api/content-managed-page?page=CUSTOM&customPageId=nfl&pbHorizontal=false&_ak=FhMFpcPWXMeyZxOx
FanDuel,IL,2026,Justin Jefferson,receiving_yards,1150.5,Over,-114,1.87719298245614,2026-07-19T00:28:40-05:00,717.168960362,98467711,https://sbapi.il.sportsbook.fanduel.com/api/content-managed-page?page=CUSTOM&customPageId=nfl&pbHorizontal=false&_ak=FhMFpcPWXMeyZxOx
FanDuel,IL,2026,Justin Jefferson,receiving_yards,1150.5,Under,-114,1.87719298245614,2026-07-19T00:28:40-05:00,717.168960362,98467712,https://sbapi.il.sportsbook.fanduel.com/api/content-managed-page?page=CUSTOM&customPageId=nfl&pbHorizontal=false&_ak=FhMFpcPWXMeyZxOx
FanDuel,IL,2026,KC Concepcion,receiving_yards,600.5,Over,-114,1.87719298245614,2026-07-19T00:28:40-05:00,717.165618899,97695501,https://sbapi.il.sportsbook.fanduel.com/api/content-managed-page?page=CUSTOM&customPageId=nfl&pbHorizontal=false&_ak=FhMFpcPWXMeyZxOx
FanDuel,IL,2026,KC Concepcion,receiving_yards,600.5,Under,-114,1.87719298245614,2026-07-19T00:28:40-05:00,717.165618899,97695502,https://sbapi.il.sportsbook.fanduel.com/api/content-managed-page?page=CUSTOM&customPageId=nfl&pbHorizontal=false&_ak=FhMFpcPWXMeyZxOx
FanDuel,IL,2026,Kyle Pitts,receiving_yards,725.5,Over,-114,1.87719298245614,2026-07-19T00:28:40-05:00,717.168968228,98472887,https://sbapi.il.sportsbook.fanduel.com/api/content-managed-page?page=CUSTOM&customPageId=nfl&pbHorizontal=false&_ak=FhMFpcPWXMeyZxOx
FanDuel,IL,2026,Kyle Pitts,receiving_yards,725.5,Under,-114,1.87719298245614,2026-07-19T00:28:40-05:00,717.168968228,98472888,https://sbapi.il.sportsbook.fanduel.com/api/content-managed-page?page=CUSTOM&customPageId=nfl&pbHorizontal=false&_ak=FhMFpcPWXMeyZxOx
FanDuel,IL,2026,Ladd McConkey,receiving_yards,900.5,Over,-114,1.87719298245614,2026-07-19T00:28:40-05:00,717.168963979,100731539,https://sbapi.il.sportsbook.fanduel.com/api/content-managed-page?page=CUSTOM&customPageId=nfl&pbHorizontal=false&_ak=FhMFpcPWXMeyZxOx
FanDuel,IL,2026,Ladd McConkey,receiving_yards,900.5,Under,-114,1.87719298245614,2026-07-19T00:28:40-05:00,717.168963979,100731538,https://sbapi.il.sportsbook.fanduel.com/api/content-managed-page?page=CUSTOM&customPageId=nfl&pbHorizontal=false&_ak=FhMFpcPWXMeyZxOx
FanDuel,IL,2026,Makai Lemon,receiving_yards,600.5,Over,-114,1.87719298245614,2026-07-19T00:28:40-05:00,717.165616497,100191464,https://sbapi.il.sportsbook.fanduel.com/api/content-managed-page?page=CUSTOM&customPageId=nfl&pbHorizontal=false&_ak=FhMFpcPWXMeyZxOx
FanDuel,IL,2026,Makai Lemon,receiving_yards,600.5,Under,-114,1.87719298245614,2026-07-19T00:28:40-05:00,717.165616497,100191465,https://sbapi.il.sportsbook.fanduel.com/api/content-managed-page?page=CUSTOM&customPageId=nfl&pbHorizontal=false&_ak=FhMFpcPWXMeyZxOx
FanDuel,IL,2026,Mark Andrews,receiving_yards,500.5,Over,-114,1.87719298245614,2026-07-19T00:28:40-05:00,717.173526835,99787657,https://sbapi.il.sportsbook.fanduel.com/api/content-managed-page?page=CUSTOM&customPageId=nfl&pbHorizontal=false&_ak=FhMFpcPWXMeyZxOx
FanDuel,IL,2026,Mark Andrews,receiving_yards,500.5,Under,-114,1.87719298245614,2026-07-19T00:28:40-05:00,717.173526835,99787658,https://sbapi.il.sportsbook.fanduel.com/api/content-managed-page?page=CUSTOM&customPageId=nfl&pbHorizontal=false&_ak=FhMFpcPWXMeyZxOx
FanDuel,IL,2026,Marvin Harrison Jr.,receiving_yards,825.5,Over,-114,1.87719298245614,2026-07-19T00:28:40-05:00,717.168966719,99153355,https://sbapi.il.sportsbook.fanduel.com/api/content-managed-page?page=CUSTOM&customPageId=nfl&pbHorizontal=false&_ak=FhMFpcPWXMeyZxOx
FanDuel,IL,2026,Marvin Harrison Jr.,receiving_yards,825.5,Under,-114,1.87719298245614,2026-07-19T00:28:40-05:00,717.168966719,99153356,https://sbapi.il.sportsbook.fanduel.com/api/content-managed-page?page=CUSTOM&customPageId=nfl&pbHorizontal=false&_ak=FhMFpcPWXMeyZxOx
FanDuel,IL,2026,Michael Pittman Jr.,receiving_yards,725.5,Over,-114,1.87719298245614,2026-07-19T00:28:40-05:00,717.173525581,99787542,https://sbapi.il.sportsbook.fanduel.com/api/content-managed-page?page=CUSTOM&customPageId=nfl&pbHorizontal=false&_ak=FhMFpcPWXMeyZxOx
FanDuel,IL,2026,Michael Pittman Jr.,receiving_yards,725.5,Under,-114,1.87719298245614,2026-07-19T00:28:40-05:00,717.173525581,99787541,https://sbapi.il.sportsbook.fanduel.com/api/content-managed-page?page=CUSTOM&customPageId=nfl&pbHorizontal=false&_ak=FhMFpcPWXMeyZxOx
FanDuel,IL,2026,Mike Evans,receiving_yards,800.5,Over,-114,1.87719298245614,2026-07-19T00:28:40-05:00,717.173522644,99952808,https://sbapi.il.sportsbook.fanduel.com/api/content-managed-page?page=CUSTOM&customPageId=nfl&pbHorizontal=false&_ak=FhMFpcPWXMeyZxOx
FanDuel,IL,2026,Mike Evans,receiving_yards,800.5,Under,-114,1.87719298245614,2026-07-19T00:28:40-05:00,717.173522644,99952809,https://sbapi.il.sportsbook.fanduel.com/api/content-managed-page?page=CUSTOM&customPageId=nfl&pbHorizontal=false&_ak=FhMFpcPWXMeyZxOx
FanDuel,IL,2026,Nico Collins,receiving_yards,1050.5,Over,-114,1.87719298245614,2026-07-19T00:28:40-05:00,717.168960611,98467735,https://sbapi.il.sportsbook.fanduel.com/api/content-managed-page?page=CUSTOM&customPageId=nfl&pbHorizontal=false&_ak=FhMFpcPWXMeyZxOx
FanDuel,IL,2026,Nico Collins,receiving_yards,1050.5,Under,-114,1.87719298245614,2026-07-19T00:28:40-05:00,717.168960611,98467736,https://sbapi.il.sportsbook.fanduel.com/api/content-managed-page?page=CUSTOM&customPageId=nfl&pbHorizontal=false&_ak=FhMFpcPWXMeyZxOx
FanDuel,IL,2026,Omar Cooper Jr.,receiving_yards,500.5,Over,-114,1.87719298245614,2026-07-19T00:28:40-05:00,717.165616650,99983906,https://sbapi.il.sportsbook.fanduel.com/api/content-managed-page?page=CUSTOM&customPageId=nfl&pbHorizontal=false&_ak=FhMFpcPWXMeyZxOx
FanDuel,IL,2026,Omar Cooper Jr.,receiving_yards,500.5,Under,-114,1.87719298245614,2026-07-19T00:28:40-05:00,717.165616650,99983905,https://sbapi.il.sportsbook.fanduel.com/api/content-managed-page?page=CUSTOM&customPageId=nfl&pbHorizontal=false&_ak=FhMFpcPWXMeyZxOx
FanDuel,IL,2026,Puka Nacua,receiving_yards,1375.5,Over,-114,1.87719298245614,2026-07-19T00:28:40-05:00,717.168956064,98467241,https://sbapi.il.sportsbook.fanduel.com/api/content-managed-page?page=CUSTOM&customPageId=nfl&pbHorizontal=false&_ak=FhMFpcPWXMeyZxOx
FanDuel,IL,2026,Puka Nacua,receiving_yards,1375.5,Under,-114,1.87719298245614,2026-07-19T00:28:40-05:00,717.168956064,98467242,https://sbapi.il.sportsbook.fanduel.com/api/content-managed-page?page=CUSTOM&customPageId=nfl&pbHorizontal=false&_ak=FhMFpcPWXMeyZxOx
FanDuel,IL,2026,Rashid Shaheed,receiving_yards,475.5,Over,-114,1.87719298245614,2026-07-19T00:28:40-05:00,717.173527861,99787772,https://sbapi.il.sportsbook.fanduel.com/api/content-managed-page?page=CUSTOM&customPageId=nfl&pbHorizontal=false&_ak=FhMFpcPWXMeyZxOx
FanDuel,IL,2026,Rashid Shaheed,receiving_yards,475.5,Under,-114,1.87719298245614,2026-07-19T00:28:40-05:00,717.173527861,99787773,https://sbapi.il.sportsbook.fanduel.com/api/content-managed-page?page=CUSTOM&customPageId=nfl&pbHorizontal=false&_ak=FhMFpcPWXMeyZxOx
FanDuel,IL,2026,Rome Odunze,receiving_yards,800.5,Over,-114,1.87719298245614,2026-07-19T00:28:40-05:00,717.168966528,98516979,https://sbapi.il.sportsbook.fanduel.com/api/content-managed-page?page=CUSTOM&customPageId=nfl&pbHorizontal=false&_ak=FhMFpcPWXMeyZxOx
FanDuel,IL,2026,Rome Odunze,receiving_yards,800.5,Under,-114,1.87719298245614,2026-07-19T00:28:40-05:00,717.168966528,98516978,https://sbapi.il.sportsbook.fanduel.com/api/content-managed-page?page=CUSTOM&customPageId=nfl&pbHorizontal=false&_ak=FhMFpcPWXMeyZxOx
FanDuel,IL,2026,Sam LaPorta,receiving_yards,650.5,Over,-114,1.87719298245614,2026-07-19T00:28:40-05:00,717.173525039,99787478,https://sbapi.il.sportsbook.fanduel.com/api/content-managed-page?page=CUSTOM&customPageId=nfl&pbHorizontal=false&_ak=FhMFpcPWXMeyZxOx
FanDuel,IL,2026,Sam LaPorta,receiving_yards,650.5,Under,-114,1.87719298245614,2026-07-19T00:28:40-05:00,717.173525039,99787479,https://sbapi.il.sportsbook.fanduel.com/api/content-managed-page?page=CUSTOM&customPageId=nfl&pbHorizontal=false&_ak=FhMFpcPWXMeyZxOx
FanDuel,IL,2026,Tee Higgins,receiving_yards,875.5,Over,-114,1.87719298245614,2026-07-19T00:28:40-05:00,717.168962937,98468001,https://sbapi.il.sportsbook.fanduel.com/api/content-managed-page?page=CUSTOM&customPageId=nfl&pbHorizontal=false&_ak=FhMFpcPWXMeyZxOx
FanDuel,IL,2026,Tee Higgins,receiving_yards,875.5,Under,-114,1.87719298245614,2026-07-19T00:28:40-05:00,717.168962937,98468000,https://sbapi.il.sportsbook.fanduel.com/api/content-managed-page?page=CUSTOM&customPageId=nfl&pbHorizontal=false&_ak=FhMFpcPWXMeyZxOx
FanDuel,IL,2026,Terry McLaurin,receiving_yards,900.5,Over,-114,1.87719298245614,2026-07-19T00:28:40-05:00,717.173522142,99787247,https://sbapi.il.sportsbook.fanduel.com/api/content-managed-page?page=CUSTOM&customPageId=nfl&pbHorizontal=false&_ak=FhMFpcPWXMeyZxOx
FanDuel,IL,2026,Terry McLaurin,receiving_yards,900.5,Under,-114,1.87719298245614,2026-07-19T00:28:40-05:00,717.173522142,99787246,https://sbapi.il.sportsbook.fanduel.com/api/content-managed-page?page=CUSTOM&customPageId=nfl&pbHorizontal=false&_ak=FhMFpcPWXMeyZxOx
FanDuel,IL,2026,Tetairoa McMillan,receiving_yards,925.5,Over,-114,1.87719298245614,2026-07-19T00:28:40-05:00,717.168963714,98468084,https://sbapi.il.sportsbook.fanduel.com/api/content-managed-page?page=CUSTOM&customPageId=nfl&pbHorizontal=false&_ak=FhMFpcPWXMeyZxOx
FanDuel,IL,2026,Tetairoa McMillan,receiving_yards,925.5,Under,-114,1.87719298245614,2026-07-19T00:28:40-05:00,717.168963714,98468083,https://sbapi.il.sportsbook.fanduel.com/api/content-managed-page?page=CUSTOM&customPageId=nfl&pbHorizontal=false&_ak=FhMFpcPWXMeyZxOx
FanDuel,IL,2026,Travis Kelce,receiving_yards,675.5,Over,-114,1.87719298245614,2026-07-19T00:28:40-05:00,717.168968820,99316700,https://sbapi.il.sportsbook.fanduel.com/api/content-managed-page?page=CUSTOM&customPageId=nfl&pbHorizontal=false&_ak=FhMFpcPWXMeyZxOx
FanDuel,IL,2026,Travis Kelce,receiving_yards,675.5,Under,-114,1.87719298245614,2026-07-19T00:28:40-05:00,717.168968820,99316699,https://sbapi.il.sportsbook.fanduel.com/api/content-managed-page?page=CUSTOM&customPageId=nfl&pbHorizontal=false&_ak=FhMFpcPWXMeyZxOx
FanDuel,IL,2026,Trey McBride,receiving_yards,950.5,Over,-114,1.87719298245614,2026-07-19T00:28:40-05:00,717.168961025,99984012,https://sbapi.il.sportsbook.fanduel.com/api/content-managed-page?page=CUSTOM&customPageId=nfl&pbHorizontal=false&_ak=FhMFpcPWXMeyZxOx
FanDuel,IL,2026,Trey McBride,receiving_yards,950.5,Under,-114,1.87719298245614,2026-07-19T00:28:40-05:00,717.168961025,99984011,https://sbapi.il.sportsbook.fanduel.com/api/content-managed-page?page=CUSTOM&customPageId=nfl&pbHorizontal=false&_ak=FhMFpcPWXMeyZxOx
FanDuel,IL,2026,Tyler Warren,receiving_yards,750.5,Over,-114,1.87719298245614,2026-07-19T00:28:40-05:00,717.168968013,98472818,https://sbapi.il.sportsbook.fanduel.com/api/content-managed-page?page=CUSTOM&customPageId=nfl&pbHorizontal=false&_ak=FhMFpcPWXMeyZxOx
FanDuel,IL,2026,Tyler Warren,receiving_yards,750.5,Under,-114,1.87719298245614,2026-07-19T00:28:40-05:00,717.168968013,98472819,https://sbapi.il.sportsbook.fanduel.com/api/content-managed-page?page=CUSTOM&customPageId=nfl&pbHorizontal=false&_ak=FhMFpcPWXMeyZxOx
FanDuel,IL,2026,Zay Flowers,receiving_yards,975.5,Over,-114,1.87719298245614,2026-07-19T00:28:40-05:00,717.168961193,100191434,https://sbapi.il.sportsbook.fanduel.com/api/content-managed-page?page=CUSTOM&customPageId=nfl&pbHorizontal=false&_ak=FhMFpcPWXMeyZxOx
FanDuel,IL,2026,Zay Flowers,receiving_yards,975.5,Under,-114,1.87719298245614,2026-07-19T00:28:40-05:00,717.168961193,100191433,https://sbapi.il.sportsbook.fanduel.com/api/content-managed-page?page=CUSTOM&customPageId=nfl&pbHorizontal=false&_ak=FhMFpcPWXMeyZxOx
DraftKings,IL,2026,Aaron Rodgers,passing_yards,3149.5,Over,-105,1.9523809523809523,2026-07-21T18:11:44-05:00,,,https://sportsbook.draftkings.com/leagues/football/nfl
DraftKings,IL,2026,Aaron Rodgers,passing_yards,3149.5,Under,-115,1.8695652173913042,2026-07-21T18:11:44-05:00,,,https://sportsbook.draftkings.com/leagues/football/nfl
DraftKings,IL,2026,Baker Mayfield,passing_yards,3599.5,Over,100,2.0,2026-07-21T18:11:44-05:00,,,https://sportsbook.draftkings.com/leagues/football/nfl
DraftKings,IL,2026,Baker Mayfield,passing_yards,3599.5,Under,-120,1.8333333333333335,2026-07-21T18:11:44-05:00,,,https://sportsbook.draftkings.com/leagues/football/nfl
DraftKings,IL,2026,Bo Nix,passing_yards,3499.5,Over,-110,1.9090909090909092,2026-07-21T18:11:44-05:00,,,https://sportsbook.draftkings.com/leagues/football/nfl
DraftKings,IL,2026,Bo Nix,passing_yards,3499.5,Under,-110,1.9090909090909092,2026-07-21T18:11:44-05:00,,,https://sportsbook.draftkings.com/leagues/football/nfl
DraftKings,IL,2026,Brock Purdy,passing_yards,3799.5,Over,-110,1.9090909090909092,2026-07-21T18:11:44-05:00,,,https://sportsbook.draftkings.com/leagues/football/nfl
DraftKings,IL,2026,Brock Purdy,passing_yards,3799.5,Under,-110,1.9090909090909092,2026-07-21T18:11:44-05:00,,,https://sportsbook.draftkings.com/leagues/football/nfl
DraftKings,IL,2026,Bryce Young,passing_yards,3074.5,Over,-110,1.9090909090909092,2026-07-21T18:11:44-05:00,,,https://sportsbook.draftkings.com/leagues/football/nfl
DraftKings,IL,2026,Bryce Young,passing_yards,3074.5,Under,-110,1.9090909090909092,2026-07-21T18:11:44-05:00,,,https://sportsbook.draftkings.com/leagues/football/nfl
DraftKings,IL,2026,C.J. Stroud,passing_yards,3599.5,Over,-110,1.9090909090909092,2026-07-21T18:11:44-05:00,,,https://sportsbook.draftkings.com/leagues/football/nfl
DraftKings,IL,2026,C.J. Stroud,passing_yards,3599.5,Under,-110,1.9090909090909092,2026-07-21T18:11:44-05:00,,,https://sportsbook.draftkings.com/leagues/football/nfl
DraftKings,IL,2026,Caleb Williams,passing_yards,3624.5,Over,-115,1.8695652173913042,2026-07-21T18:11:44-05:00,,,https://sportsbook.draftkings.com/leagues/football/nfl
DraftKings,IL,2026,Caleb Williams,passing_yards,3624.5,Under,-105,1.9523809523809523,2026-07-21T18:11:44-05:00,,,https://sportsbook.draftkings.com/leagues/football/nfl
DraftKings,IL,2026,Cameron Ward,passing_yards,3299.5,Over,-110,1.9090909090909092,2026-07-21T18:11:44-05:00,,,https://sportsbook.draftkings.com/leagues/football/nfl
DraftKings,IL,2026,Cameron Ward,passing_yards,3299.5,Under,-110,1.9090909090909092,2026-07-21T18:11:44-05:00,,,https://sportsbook.draftkings.com/leagues/football/nfl
DraftKings,IL,2026,Dak Prescott,passing_yards,3999.5,Over,-110,1.9090909090909092,2026-07-21T18:11:44-05:00,,,https://sportsbook.draftkings.com/leagues/football/nfl
DraftKings,IL,2026,Dak Prescott,passing_yards,3999.5,Under,-110,1.9090909090909092,2026-07-21T18:11:44-05:00,,,https://sportsbook.draftkings.com/leagues/football/nfl
DraftKings,IL,2026,Drake Maye,passing_yards,3799.5,Over,-120,1.8333333333333335,2026-07-21T18:11:44-05:00,,,https://sportsbook.draftkings.com/leagues/football/nfl
DraftKings,IL,2026,Drake Maye,passing_yards,3799.5,Under,100,2.0,2026-07-21T18:11:44-05:00,,,https://sportsbook.draftkings.com/leagues/football/nfl
DraftKings,IL,2026,Fernando Mendoza,passing_yards,2399.5,Over,-105,1.9523809523809523,2026-07-21T18:11:44-05:00,,,https://sportsbook.draftkings.com/leagues/football/nfl
DraftKings,IL,2026,Fernando Mendoza,passing_yards,2399.5,Under,-115,1.8695652173913042,2026-07-21T18:11:44-05:00,,,https://sportsbook.draftkings.com/leagues/football/nfl
DraftKings,IL,2026,Jalen Hurts,passing_yards,3249.5,Over,-110,1.9090909090909092,2026-07-21T18:11:44-05:00,,,https://sportsbook.draftkings.com/leagues/football/nfl
DraftKings,IL,2026,Jalen Hurts,passing_yards,3249.5,Under,-110,1.9090909090909092,2026-07-21T18:11:44-05:00,,,https://sportsbook.draftkings.com/leagues/football/nfl
DraftKings,IL,2026,Jared Goff,passing_yards,4099.5,Over,100,2.0,2026-07-21T18:11:44-05:00,,,https://sportsbook.draftkings.com/leagues/football/nfl
DraftKings,IL,2026,Jared Goff,passing_yards,4099.5,Under,-120,1.8333333333333335,2026-07-21T18:11:44-05:00,,,https://sportsbook.draftkings.com/leagues/football/nfl
DraftKings,IL,2026,Jaxson Dart,passing_yards,3150.5,Over,-110,1.9090909090909092,2026-07-21T18:11:44-05:00,,,https://sportsbook.draftkings.com/leagues/football/nfl
DraftKings,IL,2026,Jaxson Dart,passing_yards,3150.5,Under,-110,1.9090909090909092,2026-07-21T18:11:44-05:00,,,https://sportsbook.draftkings.com/leagues/football/nfl
DraftKings,IL,2026,Jayden Daniels,passing_yards,3249.5,Over,-110,1.9090909090909092,2026-07-21T18:11:44-05:00,,,https://sportsbook.draftkings.com/leagues/football/nfl
DraftKings,IL,2026,Jayden Daniels,passing_yards,3249.5,Under,-110,1.9090909090909092,2026-07-21T18:11:44-05:00,,,https://sportsbook.draftkings.com/leagues/football/nfl
DraftKings,IL,2026,Joe Burrow,passing_yards,3999.5,Over,-110,1.9090909090909092,2026-07-21T18:11:44-05:00,,,https://sportsbook.draftkings.com/leagues/football/nfl
DraftKings,IL,2026,Joe Burrow,passing_yards,3999.5,Under,-110,1.9090909090909092,2026-07-21T18:11:44-05:00,,,https://sportsbook.draftkings.com/leagues/football/nfl
DraftKings,IL,2026,Jordan Love,passing_yards,3549.5,Over,-110,1.9090909090909092,2026-07-21T18:11:44-05:00,,,https://sportsbook.draftkings.com/leagues/football/nfl
DraftKings,IL,2026,Jordan Love,passing_yards,3549.5,Under,-110,1.9090909090909092,2026-07-21T18:11:44-05:00,,,https://sportsbook.draftkings.com/leagues/football/nfl
DraftKings,IL,2026,Josh Allen,passing_yards,3599.5,Over,-115,1.8695652173913042,2026-07-21T18:11:44-05:00,,,https://sportsbook.draftkings.com/leagues/football/nfl
DraftKings,IL,2026,Josh Allen,passing_yards,3599.5,Under,-105,1.9523809523809523,2026-07-21T18:11:44-05:00,,,https://sportsbook.draftkings.com/leagues/football/nfl
DraftKings,IL,2026,Justin Herbert,passing_yards,3650.5,Over,-115,1.8695652173913042,2026-07-21T18:11:44-05:00,,,https://sportsbook.draftkings.com/leagues/football/nfl
DraftKings,IL,2026,Justin Herbert,passing_yards,3650.5,Under,-105,1.9523809523809523,2026-07-21T18:11:44-05:00,,,https://sportsbook.draftkings.com/leagues/football/nfl
DraftKings,IL,2026,Lamar Jackson,passing_yards,3249.5,Over,-110,1.9090909090909092,2026-07-21T18:11:44-05:00,,,https://sportsbook.draftkings.com/leagues/football/nfl
DraftKings,IL,2026,Lamar Jackson,passing_yards,3249.5,Under,-110,1.9090909090909092,2026-07-21T18:11:44-05:00,,,https://sportsbook.draftkings.com/leagues/football/nfl
DraftKings,IL,2026,Malik Willis,passing_yards,2949.5,Over,-110,1.9090909090909092,2026-07-21T18:11:44-05:00,,,https://sportsbook.draftkings.com/leagues/football/nfl
DraftKings,IL,2026,Malik Willis,passing_yards,2949.5,Under,-110,1.9090909090909092,2026-07-21T18:11:44-05:00,,,https://sportsbook.draftkings.com/leagues/football/nfl
DraftKings,IL,2026,Matthew Stafford,passing_yards,3999.5,Over,-110,1.9090909090909092,2026-07-21T18:11:44-05:00,,,https://sportsbook.draftkings.com/leagues/football/nfl
DraftKings,IL,2026,Matthew Stafford,passing_yards,3999.5,Under,-110,1.9090909090909092,2026-07-21T18:11:44-05:00,,,https://sportsbook.draftkings.com/leagues/football/nfl
DraftKings,IL,2026,Sam Darnold,passing_yards,3699.5,Over,-110,1.9090909090909092,2026-07-21T18:11:44-05:00,,,https://sportsbook.draftkings.com/leagues/football/nfl
DraftKings,IL,2026,Sam Darnold,passing_yards,3699.5,Under,-110,1.9090909090909092,2026-07-21T18:11:44-05:00,,,https://sportsbook.draftkings.com/leagues/football/nfl
DraftKings,IL,2026,Trevor Lawrence,passing_yards,3774.5,Over,-105,1.9523809523809523,2026-07-21T18:11:44-05:00,,,https://sportsbook.draftkings.com/leagues/football/nfl
DraftKings,IL,2026,Trevor Lawrence,passing_yards,3774.5,Under,-115,1.8695652173913042,2026-07-21T18:11:44-05:00,,,https://sportsbook.draftkings.com/leagues/football/nfl
DraftKings,IL,2026,Tyler Shough,passing_yards,3649.5,Over,-110,1.9090909090909092,2026-07-21T18:11:44-05:00,,,https://sportsbook.draftkings.com/leagues/football/nfl
DraftKings,IL,2026,Tyler Shough,passing_yards,3649.5,Under,-110,1.9090909090909092,2026-07-21T18:11:44-05:00,,,https://sportsbook.draftkings.com/leagues/football/nfl
DraftKings,IL,2026,Aaron Rodgers,passing_tds,21.5,Over,-120,1.8333333333333335,2026-07-21T18:13:01-05:00,,,https://sportsbook.draftkings.com/leagues/football/nfl
DraftKings,IL,2026,Aaron Rodgers,passing_tds,21.5,Under,100,2.0,2026-07-21T18:13:01-05:00,,,https://sportsbook.draftkings.com/leagues/football/nfl
DraftKings,IL,2026,Baker Mayfield,passing_tds,25.5,Over,110,2.1,2026-07-21T18:13:01-05:00,,,https://sportsbook.draftkings.com/leagues/football/nfl
DraftKings,IL,2026,Baker Mayfield,passing_tds,25.5,Under,-130,1.7692307692307692,2026-07-21T18:13:01-05:00,,,https://sportsbook.draftkings.com/leagues/football/nfl
DraftKings,IL,2026,Bo Nix,passing_tds,24.5,Over,-105,1.9523809523809523,2026-07-21T18:13:01-05:00,,,https://sportsbook.draftkings.com/leagues/football/nfl
DraftKings,IL,2026,Bo Nix,passing_tds,24.5,Under,-115,1.8695652173913042,2026-07-21T18:13:01-05:00,,,https://sportsbook.draftkings.com/leagues/football/nfl
DraftKings,IL,2026,Brock Purdy,passing_tds,27.5,Over,-110,1.9090909090909092,2026-07-21T18:13:01-05:00,,,https://sportsbook.draftkings.com/leagues/football/nfl
DraftKings,IL,2026,Brock Purdy,passing_tds,27.5,Under,-110,1.9090909090909092,2026-07-21T18:13:01-05:00,,,https://sportsbook.draftkings.com/leagues/football/nfl
DraftKings,IL,2026,Bryce Young,passing_tds,20.5,Over,-110,1.9090909090909092,2026-07-21T18:13:01-05:00,,,https://sportsbook.draftkings.com/leagues/football/nfl
DraftKings,IL,2026,Bryce Young,passing_tds,20.5,Under,-110,1.9090909090909092,2026-07-21T18:13:01-05:00,,,https://sportsbook.draftkings.com/leagues/football/nfl
DraftKings,IL,2026,C.J. Stroud,passing_tds,22.5,Over,-115,1.8695652173913042,2026-07-21T18:13:01-05:00,,,https://sportsbook.draftkings.com/leagues/football/nfl
DraftKings,IL,2026,C.J. Stroud,passing_tds,22.5,Under,-105,1.9523809523809523,2026-07-21T18:13:01-05:00,,,https://sportsbook.draftkings.com/leagues/football/nfl
DraftKings,IL,2026,Caleb Williams,passing_tds,24.5,Over,100,2.0,2026-07-21T18:13:01-05:00,,,https://sportsbook.draftkings.com/leagues/football/nfl
DraftKings,IL,2026,Caleb Williams,passing_tds,24.5,Under,-120,1.8333333333333335,2026-07-21T18:13:01-05:00,,,https://sportsbook.draftkings.com/leagues/football/nfl
DraftKings,IL,2026,Cameron Ward,passing_tds,18.5,Over,-110,1.9090909090909092,2026-07-21T18:13:01-05:00,,,https://sportsbook.draftkings.com/leagues/football/nfl
DraftKings,IL,2026,Cameron Ward,passing_tds,18.5,Under,-110,1.9090909090909092,2026-07-21T18:13:01-05:00,,,https://sportsbook.draftkings.com/leagues/football/nfl
DraftKings,IL,2026,Dak Prescott,passing_tds,27.5,Over,100,2.0,2026-07-21T18:13:01-05:00,,,https://sportsbook.draftkings.com/leagues/football/nfl
DraftKings,IL,2026,Dak Prescott,passing_tds,27.5,Under,-120,1.8333333333333335,2026-07-21T18:13:01-05:00,,,https://sportsbook.draftkings.com/leagues/football/nfl
DraftKings,IL,2026,Drake Maye,passing_tds,26.5,Over,-105,1.9523809523809523,2026-07-21T18:13:01-05:00,,,https://sportsbook.draftkings.com/leagues/football/nfl
DraftKings,IL,2026,Drake Maye,passing_tds,26.5,Under,-115,1.8695652173913042,2026-07-21T18:13:01-05:00,,,https://sportsbook.draftkings.com/leagues/football/nfl
DraftKings,IL,2026,Jalen Hurts,passing_tds,22.5,Over,-110,1.9090909090909092,2026-07-21T18:13:01-05:00,,,https://sportsbook.draftkings.com/leagues/football/nfl
DraftKings,IL,2026,Jalen Hurts,passing_tds,22.5,Under,-110,1.9090909090909092,2026-07-21T18:13:01-05:00,,,https://sportsbook.draftkings.com/leagues/football/nfl
DraftKings,IL,2026,Jared Goff,passing_tds,29.5,Over,-115,1.8695652173913042,2026-07-21T18:13:01-05:00,,,https://sportsbook.draftkings.com/leagues/football/nfl
DraftKings,IL,2026,Jared Goff,passing_tds,29.5,Under,-105,1.9523809523809523,2026-07-21T18:13:01-05:00,,,https://sportsbook.draftkings.com/leagues/football/nfl
DraftKings,IL,2026,Jaxson Dart,passing_tds,19.5,Over,-115,1.8695652173913042,2026-07-21T18:13:01-05:00,,,https://sportsbook.draftkings.com/leagues/football/nfl
DraftKings,IL,2026,Jaxson Dart,passing_tds,19.5,Under,-105,1.9523809523809523,2026-07-21T18:13:01-05:00,,,https://sportsbook.draftkings.com/leagues/football/nfl
DraftKings,IL,2026,Jayden Daniels,passing_tds,21.5,Over,-105,1.9523809523809523,2026-07-21T18:13:01-05:00,,,https://sportsbook.draftkings.com/leagues/football/nfl
DraftKings,IL,2026,Jayden Daniels,passing_tds,21.5,Under,-115,1.8695652173913042,2026-07-21T18:13:01-05:00,,,https://sportsbook.draftkings.com/leagues/football/nfl
DraftKings,IL,2026,Joe Burrow,passing_tds,32.5,Over,-115,1.8695652173913042,2026-07-21T18:13:01-05:00,,,https://sportsbook.draftkings.com/leagues/football/nfl
DraftKings,IL,2026,Joe Burrow,passing_tds,32.5,Under,-105,1.9523809523809523,2026-07-21T18:13:01-05:00,,,https://sportsbook.draftkings.com/leagues/football/nfl
DraftKings,IL,2026,Jordan Love,passing_tds,24.5,Over,-105,1.9523809523809523,2026-07-21T18:13:01-05:00,,,https://sportsbook.draftkings.com/leagues/football/nfl
DraftKings,IL,2026,Jordan Love,passing_tds,24.5,Under,-115,1.8695652173913042,2026-07-21T18:13:01-05:00,,,https://sportsbook.draftkings.com/leagues/football/nfl
DraftKings,IL,2026,Josh Allen,passing_tds,24.5,Over,-110,1.9090909090909092,2026-07-21T18:13:01-05:00,,,https://sportsbook.draftkings.com/leagues/football/nfl
DraftKings,IL,2026,Josh Allen,passing_tds,24.5,Under,-110,1.9090909090909092,2026-07-21T18:13:01-05:00,,,https://sportsbook.draftkings.com/leagues/football/nfl
DraftKings,IL,2026,Justin Herbert,passing_tds,24.5,Over,-125,1.8,2026-07-21T18:13:01-05:00,,,https://sportsbook.draftkings.com/leagues/football/nfl
DraftKings,IL,2026,Justin Herbert,passing_tds,24.5,Under,105,2.05,2026-07-21T18:13:01-05:00,,,https://sportsbook.draftkings.com/leagues/football/nfl
DraftKings,IL,2026,Lamar Jackson,passing_tds,24.5,Over,-115,1.8695652173913042,2026-07-21T18:13:01-05:00,,,https://sportsbook.draftkings.com/leagues/football/nfl
DraftKings,IL,2026,Lamar Jackson,passing_tds,24.5,Under,-105,1.9523809523809523,2026-07-21T18:13:01-05:00,,,https://sportsbook.draftkings.com/leagues/football/nfl
DraftKings,IL,2026,Malik Willis,passing_tds,14.5,Over,-105,1.9523809523809523,2026-07-21T18:13:01-05:00,,,https://sportsbook.draftkings.com/leagues/football/nfl
DraftKings,IL,2026,Malik Willis,passing_tds,14.5,Under,-115,1.8695652173913042,2026-07-21T18:13:01-05:00,,,https://sportsbook.draftkings.com/leagues/football/nfl
DraftKings,IL,2026,Matthew Stafford,passing_tds,30.5,Over,-105,1.9523809523809523,2026-07-21T18:13:01-05:00,,,https://sportsbook.draftkings.com/leagues/football/nfl
DraftKings,IL,2026,Matthew Stafford,passing_tds,30.5,Under,-115,1.8695652173913042,2026-07-21T18:13:01-05:00,,,https://sportsbook.draftkings.com/leagues/football/nfl
DraftKings,IL,2026,Sam Darnold,passing_tds,23.5,Over,-110,1.9090909090909092,2026-07-21T18:13:01-05:00,,,https://sportsbook.draftkings.com/leagues/football/nfl
DraftKings,IL,2026,Sam Darnold,passing_tds,23.5,Under,-110,1.9090909090909092,2026-07-21T18:13:01-05:00,,,https://sportsbook.draftkings.com/leagues/football/nfl
DraftKings,IL,2026,Trevor Lawrence,passing_tds,25.5,Over,-110,1.9090909090909092,2026-07-21T18:13:01-05:00,,,https://sportsbook.draftkings.com/leagues/football/nfl
DraftKings,IL,2026,Trevor Lawrence,passing_tds,25.5,Under,-110,1.9090909090909092,2026-07-21T18:13:01-05:00,,,https://sportsbook.draftkings.com/leagues/football/nfl
DraftKings,IL,2026,Tyler Shough,passing_tds,20.5,Over,-120,1.8333333333333335,2026-07-21T18:13:01-05:00,,,https://sportsbook.draftkings.com/leagues/football/nfl
DraftKings,IL,2026,Tyler Shough,passing_tds,20.5,Under,100,2.0,2026-07-21T18:13:01-05:00,,,https://sportsbook.draftkings.com/leagues/football/nfl
DraftKings,IL,2026,Aaron Jones,rushing_yards,599.5,Over,-110,1.9090909090909092,2026-07-21T18:15:04-05:00,,,https://sportsbook.draftkings.com/leagues/football/nfl
DraftKings,IL,2026,Aaron Jones,rushing_yards,599.5,Under,-110,1.9090909090909092,2026-07-21T18:15:04-05:00,,,https://sportsbook.draftkings.com/leagues/football/nfl
DraftKings,IL,2026,Bhayshul Tuten,rushing_yards,699.5,Over,-110,1.9090909090909092,2026-07-21T18:15:04-05:00,,,https://sportsbook.draftkings.com/leagues/football/nfl
DraftKings,IL,2026,Bhayshul Tuten,rushing_yards,699.5,Under,-110,1.9090909090909092,2026-07-21T18:15:04-05:00,,,https://sportsbook.draftkings.com/leagues/football/nfl
DraftKings,IL,2026,Blake Corum,rushing_yards,674.5,Over,-110,1.9090909090909092,2026-07-21T18:15:04-05:00,,,https://sportsbook.draftkings.com/leagues/football/nfl
DraftKings,IL,2026,Blake Corum,rushing_yards,674.5,Under,-110,1.9090909090909092,2026-07-21T18:15:04-05:00,,,https://sportsbook.draftkings.com/leagues/football/nfl
DraftKings,IL,2026,Breece Hall,rushing_yards,899.5,Over,-110,1.9090909090909092,2026-07-21T18:15:04-05:00,,,https://sportsbook.draftkings.com/leagues/football/nfl
DraftKings,IL,2026,Breece Hall,rushing_yards,899.5,Under,-110,1.9090909090909092,2026-07-21T18:15:04-05:00,,,https://sportsbook.draftkings.com/leagues/football/nfl
DraftKings,IL,2026,Chase Brown,rushing_yards,824.5,Over,-110,1.9090909090909092,2026-07-21T18:15:04-05:00,,,https://sportsbook.draftkings.com/leagues/football/nfl
DraftKings,IL,2026,Chase Brown,rushing_yards,824.5,Under,-110,1.9090909090909092,2026-07-21T18:15:04-05:00,,,https://sportsbook.draftkings.com/leagues/football/nfl
DraftKings,IL,2026,Chuba Hubbard,rushing_yards,824.5,Over,-105,1.9523809523809523,2026-07-21T18:15:04-05:00,,,https://sportsbook.draftkings.com/leagues/football/nfl
DraftKings,IL,2026,Chuba Hubbard,rushing_yards,824.5,Under,-115,1.8695652173913042,2026-07-21T18:15:04-05:00,,,https://sportsbook.draftkings.com/leagues/football/nfl
DraftKings,IL,2026,D'Andre Swift,rushing_yards,799.5,Over,-110,1.9090909090909092,2026-07-21T18:15:04-05:00,,,https://sportsbook.draftkings.com/leagues/football/nfl
DraftKings,IL,2026,D'Andre Swift,rushing_yards,799.5,Under,-110,1.9090909090909092,2026-07-21T18:15:04-05:00,,,https://sportsbook.draftkings.com/leagues/football/nfl
DraftKings,IL,2026,David Montgomery,rushing_yards,824.5,Over,-120,1.8333333333333335,2026-07-21T18:15:04-05:00,,,https://sportsbook.draftkings.com/leagues/football/nfl
DraftKings,IL,2026,David Montgomery,rushing_yards,824.5,Under,100,2.0,2026-07-21T18:15:04-05:00,,,https://sportsbook.draftkings.com/leagues/football/nfl
DraftKings,IL,2026,De'Von Achane,rushing_yards,999.5,Over,-110,1.9090909090909092,2026-07-21T18:15:04-05:00,,,https://sportsbook.draftkings.com/leagues/football/nfl
DraftKings,IL,2026,De'Von Achane,rushing_yards,999.5,Under,-110,1.9090909090909092,2026-07-21T18:15:04-05:00,,,https://sportsbook.draftkings.com/leagues/football/nfl
DraftKings,IL,2026,Jacory Croskey-Merritt,rushing_yards,574.5,Over,-110,1.9090909090909092,2026-07-21T18:15:04-05:00,,,https://sportsbook.draftkings.com/leagues/football/nfl
DraftKings,IL,2026,Jacory Croskey-Merritt,rushing_yards,574.5,Under,-110,1.9090909090909092,2026-07-21T18:15:04-05:00,,,https://sportsbook.draftkings.com/leagues/football/nfl
DraftKings,IL,2026,Jadarian Price,rushing_yards,749.5,Over,-110,1.9090909090909092,2026-07-21T18:26:57-05:00,,,https://sportsbook.draftkings.com/leagues/football/nfl
DraftKings,IL,2026,Jadarian Price,rushing_yards,999.5,Over,225,3.25,2026-07-21T18:26:57-05:00,,,https://sportsbook.draftkings.com/leagues/football/nfl
DraftKings,IL,2026,Jadarian Price,rushing_yards,1249.5,Over,650,7.5,2026-07-21T18:26:57-05:00,,,https://sportsbook.draftkings.com/leagues/football/nfl
DraftKings,IL,2026,Jadarian Price,rushing_yards,1499.5,Over,2000,21.0,2026-07-21T18:26:57-05:00,,,https://sportsbook.draftkings.com/leagues/football/nfl
DraftKings,IL,2026,Jahmyr Gibbs,rushing_yards,1199.5,Over,-110,1.9090909090909092,2026-07-21T18:15:04-05:00,,,https://sportsbook.draftkings.com/leagues/football/nfl
DraftKings,IL,2026,Jahmyr Gibbs,rushing_yards,1199.5,Under,-110,1.9090909090909092,2026-07-21T18:15:04-05:00,,,https://sportsbook.draftkings.com/leagues/football/nfl
DraftKings,IL,2026,Javonte Williams,rushing_yards,949.5,Over,-110,1.9090909090909092,2026-07-21T18:15:04-05:00,,,https://sportsbook.draftkings.com/leagues/football/nfl
DraftKings,IL,2026,Javonte Williams,rushing_yards,949.5,Under,-110,1.9090909090909092,2026-07-21T18:15:04-05:00,,,https://sportsbook.draftkings.com/leagues/football/nfl
DraftKings,IL,2026,Jaxson Dart,rushing_yards,449.5,Over,-110,1.9090909090909092,2026-07-21T18:15:04-05:00,,,https://sportsbook.draftkings.com/leagues/football/nfl
DraftKings,IL,2026,Jaxson Dart,rushing_yards,449.5,Under,-110,1.9090909090909092,2026-07-21T18:15:04-05:00,,,https://sportsbook.draftkings.com/leagues/football/nfl
DraftKings,IL,2026,Jaylen Warren,rushing_yards,599.5,Over,-110,1.9090909090909092,2026-07-21T18:15:04-05:00,,,https://sportsbook.draftkings.com/leagues/football/nfl
DraftKings,IL,2026,Jaylen Warren,rushing_yards,599.5,Under,-110,1.9090909090909092,2026-07-21T18:15:04-05:00,,,https://sportsbook.draftkings.com/leagues/football/nfl
DraftKings,IL,2026,Jeremiyah Love,rushing_yards,749.5,Over,-330,1.303030303030303,2026-07-21T18:26:57-05:00,,,https://sportsbook.draftkings.com/leagues/football/nfl
DraftKings,IL,2026,Jeremiyah Love,rushing_yards,999.5,Over,130,2.3,2026-07-21T18:26:57-05:00,,,https://sportsbook.draftkings.com/leagues/football/nfl
DraftKings,IL,2026,Jeremiyah Love,rushing_yards,1249.5,Over,370,4.7,2026-07-21T18:26:57-05:00,,,https://sportsbook.draftkings.com/leagues/football/nfl
DraftKings,IL,2026,Jeremiyah Love,rushing_yards,1499.5,Over,1200,13.0,2026-07-21T18:26:57-05:00,,,https://sportsbook.draftkings.com/leagues/football/nfl
DraftKings,IL,2026,Jordan Mason,rushing_yards,649.5,Over,-110,1.9090909090909092,2026-07-21T18:15:04-05:00,,,https://sportsbook.draftkings.com/leagues/football/nfl
DraftKings,IL,2026,Jordan Mason,rushing_yards,649.5,Under,-110,1.9090909090909092,2026-07-21T18:15:04-05:00,,,https://sportsbook.draftkings.com/leagues/football/nfl
DraftKings,IL,2026,Kenneth Walker III,rushing_yards,924.5,Over,-115,1.8695652173913042,2026-07-21T18:15:04-05:00,,,https://sportsbook.draftkings.com/leagues/football/nfl
DraftKings,IL,2026,Kenneth Walker III,rushing_yards,924.5,Under,-105,1.9523809523809523,2026-07-21T18:15:04-05:00,,,https://sportsbook.draftkings.com/leagues/football/nfl
DraftKings,IL,2026,Kyren Williams,rushing_yards,999.5,Over,-110,1.9090909090909092,2026-07-21T18:15:04-05:00,,,https://sportsbook.draftkings.com/leagues/football/nfl
DraftKings,IL,2026,Kyren Williams,rushing_yards,999.5,Under,-110,1.9090909090909092,2026-07-21T18:15:04-05:00,,,https://sportsbook.draftkings.com/leagues/football/nfl
DraftKings,IL,2026,Omarion Hampton,rushing_yards,949.5,Over,-110,1.9090909090909092,2026-07-21T18:15:04-05:00,,,https://sportsbook.draftkings.com/leagues/football/nfl
DraftKings,IL,2026,Omarion Hampton,rushing_yards,949.5,Under,-110,1.9090909090909092,2026-07-21T18:15:04-05:00,,,https://sportsbook.draftkings.com/leagues/football/nfl
DraftKings,IL,2026,Quinshon Judkins,rushing_yards,899.5,Over,-105,1.9523809523809523,2026-07-21T18:15:04-05:00,,,https://sportsbook.draftkings.com/leagues/football/nfl
DraftKings,IL,2026,Quinshon Judkins,rushing_yards,899.5,Under,-115,1.8695652173913042,2026-07-21T18:15:04-05:00,,,https://sportsbook.draftkings.com/leagues/football/nfl
DraftKings,IL,2026,Rhamondre Stevenson,rushing_yards,624.5,Over,-110,1.9090909090909092,2026-07-21T18:15:04-05:00,,,https://sportsbook.draftkings.com/leagues/football/nfl
DraftKings,IL,2026,Rhamondre Stevenson,rushing_yards,624.5,Under,-110,1.9090909090909092,2026-07-21T18:15:04-05:00,,,https://sportsbook.draftkings.com/leagues/football/nfl
DraftKings,IL,2026,Rico Dowdle,rushing_yards,749.5,Over,-110,1.9090909090909092,2026-07-21T18:15:04-05:00,,,https://sportsbook.draftkings.com/leagues/football/nfl
DraftKings,IL,2026,Rico Dowdle,rushing_yards,749.5,Under,-110,1.9090909090909092,2026-07-21T18:15:04-05:00,,,https://sportsbook.draftkings.com/leagues/football/nfl
DraftKings,IL,2026,Tony Pollard,rushing_yards,799.5,Over,-110,1.9090909090909092,2026-07-21T18:15:04-05:00,,,https://sportsbook.draftkings.com/leagues/football/nfl
DraftKings,IL,2026,Tony Pollard,rushing_yards,799.5,Under,-110,1.9090909090909092,2026-07-21T18:15:04-05:00,,,https://sportsbook.draftkings.com/leagues/football/nfl
DraftKings,IL,2026,Travis Etienne Jr.,rushing_yards,774.5,Over,-115,1.8695652173913042,2026-07-21T18:15:04-05:00,,,https://sportsbook.draftkings.com/leagues/football/nfl
DraftKings,IL,2026,Travis Etienne Jr.,rushing_yards,774.5,Under,-105,1.9523809523809523,2026-07-21T18:15:04-05:00,,,https://sportsbook.draftkings.com/leagues/football/nfl
DraftKings,IL,2026,TreVeyon Henderson,rushing_yards,699.5,Over,-110,1.9090909090909092,2026-07-21T18:15:04-05:00,,,https://sportsbook.draftkings.com/leagues/football/nfl
DraftKings,IL,2026,TreVeyon Henderson,rushing_yards,699.5,Under,-110,1.9090909090909092,2026-07-21T18:15:04-05:00,,,https://sportsbook.draftkings.com/leagues/football/nfl
DraftKings,IL,2026,Ashton Jeanty,rushing_tds,7.5,Over,-105,1.9523809523809523,2026-07-21T18:16:44-05:00,,,https://sportsbook.draftkings.com/leagues/football/nfl
DraftKings,IL,2026,Ashton Jeanty,rushing_tds,7.5,Under,-120,1.8333333333333335,2026-07-21T18:16:44-05:00,,,https://sportsbook.draftkings.com/leagues/football/nfl
DraftKings,IL,2026,Bijan Robinson,rushing_tds,8.5,Over,-125,1.8,2026-07-21T18:16:44-05:00,,,https://sportsbook.draftkings.com/leagues/football/nfl
DraftKings,IL,2026,Bijan Robinson,rushing_tds,8.5,Under,100,2.0,2026-07-21T18:16:44-05:00,,,https://sportsbook.draftkings.com/leagues/football/nfl
DraftKings,IL,2026,Breece Hall,rushing_tds,5.5,Over,130,2.3,2026-07-21T18:16:44-05:00,,,https://sportsbook.draftkings.com/leagues/football/nfl
DraftKings,IL,2026,Breece Hall,rushing_tds,5.5,Under,-155,1.6451612903225805,2026-07-21T18:16:44-05:00,,,https://sportsbook.draftkings.com/leagues/football/nfl
DraftKings,IL,2026,Cameron Skattebo,rushing_tds,6.5,Over,105,2.05,2026-07-21T18:16:44-05:00,,,https://sportsbook.draftkings.com/leagues/football/nfl
DraftKings,IL,2026,Cameron Skattebo,rushing_tds,6.5,Under,-130,1.7692307692307692,2026-07-21T18:16:44-05:00,,,https://sportsbook.draftkings.com/leagues/football/nfl
DraftKings,IL,2026,Chase Brown,rushing_tds,5.5,Over,-125,1.8,2026-07-21T18:16:44-05:00,,,https://sportsbook.draftkings.com/leagues/football/nfl
DraftKings,IL,2026,Chase Brown,rushing_tds,5.5,Under,100,2.0,2026-07-21T18:16:44-05:00,,,https://sportsbook.draftkings.com/leagues/football/nfl
DraftKings,IL,2026,Christian McCaffrey,rushing_tds,8.5,Over,-115,1.8695652173913042,2026-07-21T18:16:44-05:00,,,https://sportsbook.draftkings.com/leagues/football/nfl
DraftKings,IL,2026,Christian McCaffrey,rushing_tds,8.5,Under,-110,1.9090909090909092,2026-07-21T18:16:44-05:00,,,https://sportsbook.draftkings.com/leagues/football/nfl
DraftKings,IL,2026,D'Andre Swift,rushing_tds,6.5,Over,-135,1.7407407407407407,2026-07-21T18:16:44-05:00,,,https://sportsbook.draftkings.com/leagues/football/nfl
DraftKings,IL,2026,D'Andre Swift,rushing_tds,6.5,Under,110,2.1,2026-07-21T18:16:44-05:00,,,https://sportsbook.draftkings.com/leagues/football/nfl
DraftKings,IL,2026,David Montgomery,rushing_tds,7.5,Over,-115,1.8695652173913042,2026-07-21T18:16:44-05:00,,,https://sportsbook.draftkings.com/leagues/football/nfl
DraftKings,IL,2026,David Montgomery,rushing_tds,7.5,Under,-110,1.9090909090909092,2026-07-21T18:16:44-05:00,,,https://sportsbook.draftkings.com/leagues/football/nfl
DraftKings,IL,2026,De'Von Achane,rushing_tds,5.5,Over,130,2.3,2026-07-21T18:16:44-05:00,,,https://sportsbook.draftkings.com/leagues/football/nfl
DraftKings,IL,2026,De'Von Achane,rushing_tds,5.5,Under,-155,1.6451612903225805,2026-07-21T18:16:44-05:00,,,https://sportsbook.draftkings.com/leagues/football/nfl
DraftKings,IL,2026,Derrick Henry,rushing_tds,12.5,Over,-105,1.9523809523809523,2026-07-21T18:16:44-05:00,,,https://sportsbook.draftkings.com/leagues/football/nfl
DraftKings,IL,2026,Derrick Henry,rushing_tds,12.5,Under,-120,1.8333333333333335,2026-07-21T18:16:44-05:00,,,https://sportsbook.draftkings.com/leagues/football/nfl
DraftKings,IL,2026,Drake Maye,rushing_tds,3.5,Over,100,2.0,2026-07-21T18:16:44-05:00,,,https://sportsbook.draftkings.com/leagues/football/nfl
DraftKings,IL,2026,Drake Maye,rushing_tds,3.5,Under,-125,1.8,2026-07-21T18:16:44-05:00,,,https://sportsbook.draftkings.com/leagues/football/nfl
DraftKings,IL,2026,Jahmyr Gibbs,rushing_tds,12.5,Over,100,2.0,2026-07-21T18:16:44-05:00,,,https://sportsbook.draftkings.com/leagues/football/nfl
DraftKings,IL,2026,Jahmyr Gibbs,rushing_tds,12.5,Under,-125,1.8,2026-07-21T18:16:44-05:00,,,https://sportsbook.draftkings.com/leagues/football/nfl
DraftKings,IL,2026,Jalen Hurts,rushing_tds,8.5,Over,105,2.05,2026-07-21T18:16:44-05:00,,,https://sportsbook.draftkings.com/leagues/football/nfl
DraftKings,IL,2026,Jalen Hurts,rushing_tds,8.5,Under,-130,1.7692307692307692,2026-07-21T18:16:44-05:00,,,https://sportsbook.draftkings.com/leagues/football/nfl
DraftKings,IL,2026,James Cook,rushing_tds,10.5,Over,-105,1.9523809523809523,2026-07-21T18:16:44-05:00,,,https://sportsbook.draftkings.com/leagues/football/nfl
DraftKings,IL,2026,James Cook,rushing_tds,10.5,Under,-120,1.8333333333333335,2026-07-21T18:16:44-05:00,,,https://sportsbook.draftkings.com/leagues/football/nfl
DraftKings,IL,2026,Javonte Williams,rushing_tds,9.5,Over,-105,1.9523809523809523,2026-07-21T18:16:44-05:00,,,https://sportsbook.draftkings.com/leagues/football/nfl
DraftKings,IL,2026,Javonte Williams,rushing_tds,9.5,Under,-120,1.8333333333333335,2026-07-21T18:16:44-05:00,,,https://sportsbook.draftkings.com/leagues/football/nfl
DraftKings,IL,2026,Jaxson Dart,rushing_tds,5.5,Over,-145,1.6896551724137931,2026-07-21T18:16:44-05:00,,,https://sportsbook.draftkings.com/leagues/football/nfl
DraftKings,IL,2026,Jaxson Dart,rushing_tds,5.5,Under,115,2.15,2026-07-21T18:16:44-05:00,,,https://sportsbook.draftkings.com/leagues/football/nfl
DraftKings,IL,2026,Jeremiyah Love,rushing_tds,5.5,Over,-130,1.7692307692307692,2026-07-21T18:16:44-05:00,,,https://sportsbook.draftkings.com/leagues/football/nfl
DraftKings,IL,2026,Jeremiyah Love,rushing_tds,5.5,Under,105,2.05,2026-07-21T18:16:44-05:00,,,https://sportsbook.draftkings.com/leagues/football/nfl
DraftKings,IL,2026,Jeremiyah Love,rushing_tds,7.5,Over,250,3.5,2026-07-21T18:26:57-05:00,,,https://sportsbook.draftkings.com/leagues/football/nfl
DraftKings,IL,2026,Jeremiyah Love,rushing_tds,9.5,Over,500,6.0,2026-07-21T18:26:57-05:00,,,https://sportsbook.draftkings.com/leagues/football/nfl
DraftKings,IL,2026,Jeremiyah Love,rushing_tds,11.5,Over,1000,11.0,2026-07-21T18:26:57-05:00,,,https://sportsbook.draftkings.com/leagues/football/nfl
DraftKings,IL,2026,Jonathan Taylor,rushing_tds,11.5,Over,105,2.05,2026-07-21T18:16:44-05:00,,,https://sportsbook.draftkings.com/leagues/football/nfl
DraftKings,IL,2026,Jonathan Taylor,rushing_tds,11.5,Under,-130,1.7692307692307692,2026-07-21T18:16:44-05:00,,,https://sportsbook.draftkings.com/leagues/football/nfl
DraftKings,IL,2026,Josh Allen,rushing_tds,11.5,Over,100,2.0,2026-07-21T18:16:44-05:00,,,https://sportsbook.draftkings.com/leagues/football/nfl
DraftKings,IL,2026,Josh Allen,rushing_tds,11.5,Under,-125,1.8,2026-07-21T18:16:44-05:00,,,https://sportsbook.draftkings.com/leagues/football/nfl
DraftKings,IL,2026,Kenneth Walker III,rushing_tds,7.5,Over,-105,1.9523809523809523,2026-07-21T18:16:44-05:00,,,https://sportsbook.draftkings.com/leagues/football/nfl
DraftKings,IL,2026,Kenneth Walker III,rushing_tds,7.5,Under,-120,1.8333333333333335,2026-07-21T18:16:44-05:00,,,https://sportsbook.draftkings.com/leagues/football/nfl
DraftKings,IL,2026,Kyren Williams,rushing_tds,9.5,Over,-125,1.8,2026-07-21T18:16:44-05:00,,,https://sportsbook.draftkings.com/leagues/football/nfl
DraftKings,IL,2026,Kyren Williams,rushing_tds,9.5,Under,100,2.0,2026-07-21T18:16:44-05:00,,,https://sportsbook.draftkings.com/leagues/football/nfl
DraftKings,IL,2026,Lamar Jackson,rushing_tds,3.5,Over,-115,1.8695652173913042,2026-07-21T18:16:44-05:00,,,https://sportsbook.draftkings.com/leagues/football/nfl
DraftKings,IL,2026,Lamar Jackson,rushing_tds,3.5,Under,-110,1.9090909090909092,2026-07-21T18:16:44-05:00,,,https://sportsbook.draftkings.com/leagues/football/nfl
DraftKings,IL,2026,Omarion Hampton,rushing_tds,7.5,Over,-135,1.7407407407407407,2026-07-21T18:16:44-05:00,,,https://sportsbook.draftkings.com/leagues/football/nfl
DraftKings,IL,2026,Omarion Hampton,rushing_tds,7.5,Under,110,2.1,2026-07-21T18:16:44-05:00,,,https://sportsbook.draftkings.com/leagues/football/nfl
DraftKings,IL,2026,Rhamondre Stevenson,rushing_tds,5.5,Over,-145,1.6896551724137931,2026-07-21T18:16:44-05:00,,,https://sportsbook.draftkings.com/leagues/football/nfl
DraftKings,IL,2026,Rhamondre Stevenson,rushing_tds,5.5,Under,120,2.2,2026-07-21T18:16:44-05:00,,,https://sportsbook.draftkings.com/leagues/football/nfl
DraftKings,IL,2026,Saquon Barkley,rushing_tds,7.5,Over,-125,1.8,2026-07-21T18:16:44-05:00,,,https://sportsbook.draftkings.com/leagues/football/nfl
DraftKings,IL,2026,Saquon Barkley,rushing_tds,7.5,Under,100,2.0,2026-07-21T18:16:44-05:00,,,https://sportsbook.draftkings.com/leagues/football/nfl
DraftKings,IL,2026,Tony Pollard,rushing_tds,5.5,Over,100,2.0,2026-07-21T18:16:44-05:00,,,https://sportsbook.draftkings.com/leagues/football/nfl
DraftKings,IL,2026,Tony Pollard,rushing_tds,5.5,Under,-125,1.8,2026-07-21T18:16:44-05:00,,,https://sportsbook.draftkings.com/leagues/football/nfl
DraftKings,IL,2026,TreVeyon Henderson,rushing_tds,6.5,Over,125,2.25,2026-07-21T18:16:44-05:00,,,https://sportsbook.draftkings.com/leagues/football/nfl
DraftKings,IL,2026,TreVeyon Henderson,rushing_tds,6.5,Under,-150,1.6666666666666665,2026-07-21T18:16:44-05:00,,,https://sportsbook.draftkings.com/leagues/football/nfl
DraftKings,IL,2026,Carnell Tate,receiving_yards,749.5,Over,-125,1.8,2026-07-21T18:26:04-05:00,,,https://sportsbook.draftkings.com/leagues/football/nfl
DraftKings,IL,2026,Carnell Tate,receiving_yards,999.5,Over,200,3.0,2026-07-21T18:26:04-05:00,,,https://sportsbook.draftkings.com/leagues/football/nfl
DraftKings,IL,2026,Carnell Tate,receiving_yards,1249.5,Over,650,7.5,2026-07-21T18:26:04-05:00,,,https://sportsbook.draftkings.com/leagues/football/nfl
DraftKings,IL,2026,Carnell Tate,receiving_yards,1499.5,Over,2000,21.0,2026-07-21T18:26:04-05:00,,,https://sportsbook.draftkings.com/leagues/football/nfl
DraftKings,IL,2026,Chris Olave,receiving_yards,1024.5,Over,-110,1.9090909090909092,2026-07-21T18:13:14-05:00,,,https://sportsbook.draftkings.com/leagues/football/nfl
DraftKings,IL,2026,Chris Olave,receiving_yards,1024.5,Under,-110,1.9090909090909092,2026-07-21T18:13:14-05:00,,,https://sportsbook.draftkings.com/leagues/football/nfl
DraftKings,IL,2026,Christian Watson,receiving_yards,799.5,Over,-105,1.9523809523809523,2026-07-21T18:13:14-05:00,,,https://sportsbook.draftkings.com/leagues/football/nfl
DraftKings,IL,2026,Christian Watson,receiving_yards,799.5,Under,-115,1.8695652173913042,2026-07-21T18:13:14-05:00,,,https://sportsbook.draftkings.com/leagues/football/nfl
DraftKings,IL,2026,Courtland Sutton,receiving_yards,774.5,Over,-110,1.9090909090909092,2026-07-21T18:13:14-05:00,,,https://sportsbook.draftkings.com/leagues/football/nfl
DraftKings,IL,2026,Courtland Sutton,receiving_yards,774.5,Under,-110,1.9090909090909092,2026-07-21T18:13:14-05:00,,,https://sportsbook.draftkings.com/leagues/football/nfl
DraftKings,IL,2026,Dalton Kincaid,receiving_yards,549.5,Over,-110,1.9090909090909092,2026-07-21T18:13:14-05:00,,,https://sportsbook.draftkings.com/leagues/football/nfl
DraftKings,IL,2026,Dalton Kincaid,receiving_yards,549.5,Under,-110,1.9090909090909092,2026-07-21T18:13:14-05:00,,,https://sportsbook.draftkings.com/leagues/football/nfl
DraftKings,IL,2026,Denzel Boston,receiving_yards,499.5,Over,-110,1.9090909090909092,2026-07-21T18:26:04-05:00,,,https://sportsbook.draftkings.com/leagues/football/nfl
DraftKings,IL,2026,Denzel Boston,receiving_yards,749.5,Over,300,4.0,2026-07-21T18:26:04-05:00,,,https://sportsbook.draftkings.com/leagues/football/nfl
DraftKings,IL,2026,Denzel Boston,receiving_yards,999.5,Over,1000,11.0,2026-07-21T18:26:04-05:00,,,https://sportsbook.draftkings.com/leagues/football/nfl
DraftKings,IL,2026,DJ Moore,receiving_yards,824.5,Over,-115,1.8695652173913042,2026-07-21T18:13:14-05:00,,,https://sportsbook.draftkings.com/leagues/football/nfl
DraftKings,IL,2026,DJ Moore,receiving_yards,824.5,Under,-105,1.9523809523809523,2026-07-21T18:13:14-05:00,,,https://sportsbook.draftkings.com/leagues/football/nfl
DraftKings,IL,2026,DK Metcalf,receiving_yards,824.5,Over,-110,1.9090909090909092,2026-07-21T18:13:14-05:00,,,https://sportsbook.draftkings.com/leagues/football/nfl
DraftKings,IL,2026,DK Metcalf,receiving_yards,824.5,Under,-110,1.9090909090909092,2026-07-21T18:13:14-05:00,,,https://sportsbook.draftkings.com/leagues/football/nfl
DraftKings,IL,2026,Garrett Wilson,receiving_yards,999.5,Over,-110,1.9090909090909092,2026-07-21T18:13:14-05:00,,,https://sportsbook.draftkings.com/leagues/football/nfl
DraftKings,IL,2026,Garrett Wilson,receiving_yards,999.5,Under,-110,1.9090909090909092,2026-07-21T18:13:14-05:00,,,https://sportsbook.draftkings.com/leagues/football/nfl
DraftKings,IL,2026,George Pickens,receiving_yards,999.5,Over,-110,1.9090909090909092,2026-07-21T18:13:14-05:00,,,https://sportsbook.draftkings.com/leagues/football/nfl
DraftKings,IL,2026,George Pickens,receiving_yards,999.5,Under,-110,1.9090909090909092,2026-07-21T18:13:14-05:00,,,https://sportsbook.draftkings.com/leagues/football/nfl
DraftKings,IL,2026,Jahmyr Gibbs,receiving_yards,449.5,Over,-110,1.9090909090909092,2026-07-21T18:13:14-05:00,,,https://sportsbook.draftkings.com/leagues/football/nfl
DraftKings,IL,2026,Jahmyr Gibbs,receiving_yards,449.5,Under,-110,1.9090909090909092,2026-07-21T18:13:14-05:00,,,https://sportsbook.draftkings.com/leagues/football/nfl
DraftKings,IL,2026,Jameson Williams,receiving_yards,899.5,Over,-110,1.9090909090909092,2026-07-21T18:13:14-05:00,,,https://sportsbook.draftkings.com/leagues/football/nfl
DraftKings,IL,2026,Jameson Williams,receiving_yards,899.5,Under,-110,1.9090909090909092,2026-07-21T18:13:14-05:00,,,https://sportsbook.draftkings.com/leagues/football/nfl
DraftKings,IL,2026,Jordyn Tyson,receiving_yards,749.5,Over,-125,1.8,2026-07-21T18:26:04-05:00,,,https://sportsbook.draftkings.com/leagues/football/nfl
DraftKings,IL,2026,Jordyn Tyson,receiving_yards,999.5,Over,225,3.25,2026-07-21T18:26:04-05:00,,,https://sportsbook.draftkings.com/leagues/football/nfl
DraftKings,IL,2026,Jordyn Tyson,receiving_yards,1249.5,Over,700,8.0,2026-07-21T18:26:04-05:00,,,https://sportsbook.draftkings.com/leagues/football/nfl
DraftKings,IL,2026,Jordyn Tyson,receiving_yards,1499.5,Over,2000,21.0,2026-07-21T18:26:04-05:00,,,https://sportsbook.draftkings.com/leagues/football/nfl
DraftKings,IL,2026,KC Concepcion,receiving_yards,499.5,Over,-220,1.4545454545454546,2026-07-21T18:26:04-05:00,,,https://sportsbook.draftkings.com/leagues/football/nfl
DraftKings,IL,2026,KC Concepcion,receiving_yards,749.5,Over,135,2.35,2026-07-21T18:26:04-05:00,,,https://sportsbook.draftkings.com/leagues/football/nfl
DraftKings,IL,2026,KC Concepcion,receiving_yards,999.5,Over,500,6.0,2026-07-21T18:26:04-05:00,,,https://sportsbook.draftkings.com/leagues/football/nfl
DraftKings,IL,2026,KC Concepcion,receiving_yards,1249.5,Over,2000,21.0,2026-07-21T18:26:04-05:00,,,https://sportsbook.draftkings.com/leagues/football/nfl
DraftKings,IL,2026,Khalil Shakir,receiving_yards,649.5,Over,-110,1.9090909090909092,2026-07-21T18:13:14-05:00,,,https://sportsbook.draftkings.com/leagues/football/nfl
DraftKings,IL,2026,Khalil Shakir,receiving_yards,649.5,Under,-110,1.9090909090909092,2026-07-21T18:13:14-05:00,,,https://sportsbook.draftkings.com/leagues/football/nfl
DraftKings,IL,2026,Ladd McConkey,receiving_yards,849.5,Over,-110,1.9090909090909092,2026-07-21T18:13:14-05:00,,,https://sportsbook.draftkings.com/leagues/football/nfl
DraftKings,IL,2026,Ladd McConkey,receiving_yards,849.5,Under,-110,1.9090909090909092,2026-07-21T18:13:14-05:00,,,https://sportsbook.draftkings.com/leagues/football/nfl
DraftKings,IL,2026,Luther Burden III,receiving_yards,824.5,Over,-115,1.8695652173913042,2026-07-21T18:13:14-05:00,,,https://sportsbook.draftkings.com/leagues/football/nfl
DraftKings,IL,2026,Luther Burden III,receiving_yards,824.5,Under,-105,1.9523809523809523,2026-07-21T18:13:14-05:00,,,https://sportsbook.draftkings.com/leagues/football/nfl
DraftKings,IL,2026,Makai Lemon,receiving_yards,749.5,Over,120,2.2,2026-07-21T18:26:04-05:00,,,https://sportsbook.draftkings.com/leagues/football/nfl
DraftKings,IL,2026,Makai Lemon,receiving_yards,999.5,Over,475,5.75,2026-07-21T18:26:04-05:00,,,https://sportsbook.draftkings.com/leagues/football/nfl
DraftKings,IL,2026,Makai Lemon,receiving_yards,1249.5,Over,1500,16.0,2026-07-21T18:26:04-05:00,,,https://sportsbook.draftkings.com/leagues/football/nfl
DraftKings,IL,2026,Mark Andrews,receiving_yards,524.5,Over,-110,1.9090909090909092,2026-07-21T18:13:14-05:00,,,https://sportsbook.draftkings.com/leagues/football/nfl
DraftKings,IL,2026,Mark Andrews,receiving_yards,524.5,Under,-110,1.9090909090909092,2026-07-21T18:13:14-05:00,,,https://sportsbook.draftkings.com/leagues/football/nfl
DraftKings,IL,2026,Michael Pittman Jr.,receiving_yards,774.5,Over,-110,1.9090909090909092,2026-07-21T18:13:14-05:00,,,https://sportsbook.draftkings.com/leagues/football/nfl
DraftKings,IL,2026,Michael Pittman Jr.,receiving_yards,774.5,Under,-110,1.9090909090909092,2026-07-21T18:13:14-05:00,,,https://sportsbook.draftkings.com/leagues/football/nfl
DraftKings,IL,2026,Mike Evans,receiving_yards,824.5,Over,-105,1.9523809523809523,2026-07-21T18:13:14-05:00,,,https://sportsbook.draftkings.com/leagues/football/nfl
DraftKings,IL,2026,Mike Evans,receiving_yards,824.5,Under,-115,1.8695652173913042,2026-07-21T18:13:14-05:00,,,https://sportsbook.draftkings.com/leagues/football/nfl
DraftKings,IL,2026,Nico Collins,receiving_yards,1074.5,Over,-110,1.9090909090909092,2026-07-21T18:13:14-05:00,,,https://sportsbook.draftkings.com/leagues/football/nfl
DraftKings,IL,2026,Nico Collins,receiving_yards,1074.5,Under,-110,1.9090909090909092,2026-07-21T18:13:14-05:00,,,https://sportsbook.draftkings.com/leagues/football/nfl
DraftKings,IL,2026,Omar Cooper Jr.,receiving_yards,499.5,Over,-110,1.9090909090909092,2026-07-21T18:26:04-05:00,,,https://sportsbook.draftkings.com/leagues/football/nfl
DraftKings,IL,2026,Omar Cooper Jr.,receiving_yards,749.5,Over,300,4.0,2026-07-21T18:26:04-05:00,,,https://sportsbook.draftkings.com/leagues/football/nfl
DraftKings,IL,2026,Omar Cooper Jr.,receiving_yards,999.5,Over,1000,11.0,2026-07-21T18:26:04-05:00,,,https://sportsbook.draftkings.com/leagues/football/nfl
DraftKings,IL,2026,Puka Nacua,receiving_yards,1324.5,Over,-110,1.9090909090909092,2026-07-21T18:13:14-05:00,,,https://sportsbook.draftkings.com/leagues/football/nfl
DraftKings,IL,2026,Puka Nacua,receiving_yards,1324.5,Under,-110,1.9090909090909092,2026-07-21T18:13:14-05:00,,,https://sportsbook.draftkings.com/leagues/football/nfl
DraftKings,IL,2026,Rome Odunze,receiving_yards,799.5,Over,-110,1.9090909090909092,2026-07-21T18:13:14-05:00,,,https://sportsbook.draftkings.com/leagues/football/nfl
DraftKings,IL,2026,Rome Odunze,receiving_yards,799.5,Under,-110,1.9090909090909092,2026-07-21T18:13:14-05:00,,,https://sportsbook.draftkings.com/leagues/football/nfl
DraftKings,IL,2026,Romeo Doubs,receiving_yards,649.5,Over,-110,1.9090909090909092,2026-07-21T18:13:14-05:00,,,https://sportsbook.draftkings.com/leagues/football/nfl
DraftKings,IL,2026,Romeo Doubs,receiving_yards,649.5,Under,-110,1.9090909090909092,2026-07-21T18:13:14-05:00,,,https://sportsbook.draftkings.com/leagues/football/nfl
DraftKings,IL,2026,Terry McLaurin,receiving_yards,949.5,Over,-110,1.9090909090909092,2026-07-21T18:13:14-05:00,,,https://sportsbook.draftkings.com/leagues/football/nfl
DraftKings,IL,2026,Terry McLaurin,receiving_yards,949.5,Under,-110,1.9090909090909092,2026-07-21T18:13:14-05:00,,,https://sportsbook.draftkings.com/leagues/football/nfl
DraftKings,IL,2026,Tetairoa McMillan,receiving_yards,949.5,Over,-110,1.9090909090909092,2026-07-21T18:13:14-05:00,,,https://sportsbook.draftkings.com/leagues/football/nfl
DraftKings,IL,2026,Tetairoa McMillan,receiving_yards,949.5,Under,-110,1.9090909090909092,2026-07-21T18:13:14-05:00,,,https://sportsbook.draftkings.com/leagues/football/nfl
DraftKings,IL,2026,Trey McBride,receiving_yards,999.5,Over,-110,1.9090909090909092,2026-07-21T18:13:14-05:00,,,https://sportsbook.draftkings.com/leagues/football/nfl
DraftKings,IL,2026,Trey McBride,receiving_yards,999.5,Under,-110,1.9090909090909092,2026-07-21T18:13:14-05:00,,,https://sportsbook.draftkings.com/leagues/football/nfl
DraftKings,IL,2026,Zay Flowers,receiving_yards,974.5,Over,-110,1.9090909090909092,2026-07-21T18:13:14-05:00,,,https://sportsbook.draftkings.com/leagues/football/nfl
DraftKings,IL,2026,Zay Flowers,receiving_yards,974.5,Under,-110,1.9090909090909092,2026-07-21T18:13:14-05:00,,,https://sportsbook.draftkings.com/leagues/football/nfl
DraftKings,IL,2026,Chris Olave,receiving_tds,5.5,Over,-120,1.8333333333333335,2026-07-21T18:14:37-05:00,,,https://sportsbook.draftkings.com/leagues/football/nfl
DraftKings,IL,2026,Chris Olave,receiving_tds,5.5,Under,-105,1.9523809523809523,2026-07-21T18:14:37-05:00,,,https://sportsbook.draftkings.com/leagues/football/nfl
DraftKings,IL,2026,Christian Watson,receiving_tds,6.5,Over,115,2.15,2026-07-21T18:14:37-05:00,,,https://sportsbook.draftkings.com/leagues/football/nfl
DraftKings,IL,2026,Christian Watson,receiving_tds,6.5,Under,-145,1.6896551724137931,2026-07-21T18:14:37-05:00,,,https://sportsbook.draftkings.com/leagues/football/nfl
DraftKings,IL,2026,Colston Loveland,receiving_tds,5.5,Over,-130,1.7692307692307692,2026-07-21T18:14:37-05:00,,,https://sportsbook.draftkings.com/leagues/football/nfl
DraftKings,IL,2026,Colston Loveland,receiving_tds,5.5,Under,105,2.05,2026-07-21T18:14:37-05:00,,,https://sportsbook.draftkings.com/leagues/football/nfl
DraftKings,IL,2026,Courtland Sutton,receiving_tds,6.5,Over,-125,1.8,2026-07-21T18:14:37-05:00,,,https://sportsbook.draftkings.com/leagues/football/nfl
DraftKings,IL,2026,Courtland Sutton,receiving_tds,6.5,Under,100,2.0,2026-07-21T18:14:37-05:00,,,https://sportsbook.draftkings.com/leagues/football/nfl
DraftKings,IL,2026,Dalton Kincaid,receiving_tds,3.5,Over,-165,1.606060606060606,2026-07-21T18:14:37-05:00,,,https://sportsbook.draftkings.com/leagues/football/nfl
DraftKings,IL,2026,Dalton Kincaid,receiving_tds,3.5,Under,140,2.4,2026-07-21T18:14:37-05:00,,,https://sportsbook.draftkings.com/leagues/football/nfl
DraftKings,IL,2026,DJ Moore,receiving_tds,6.5,Over,115,2.15,2026-07-21T18:14:37-05:00,,,https://sportsbook.draftkings.com/leagues/football/nfl
DraftKings,IL,2026,DJ Moore,receiving_tds,6.5,Under,-145,1.6896551724137931,2026-07-21T18:14:37-05:00,,,https://sportsbook.draftkings.com/leagues/football/nfl
DraftKings,IL,2026,DK Metcalf,receiving_tds,5.5,Over,-105,1.9523809523809523,2026-07-21T18:14:37-05:00,,,https://sportsbook.draftkings.com/leagues/football/nfl
DraftKings,IL,2026,DK Metcalf,receiving_tds,5.5,Under,-120,1.8333333333333335,2026-07-21T18:14:37-05:00,,,https://sportsbook.draftkings.com/leagues/football/nfl
DraftKings,IL,2026,Garrett Wilson,receiving_tds,4.5,Over,-120,1.8333333333333335,2026-07-21T18:14:37-05:00,,,https://sportsbook.draftkings.com/leagues/football/nfl
DraftKings,IL,2026,Garrett Wilson,receiving_tds,4.5,Under,-105,1.9523809523809523,2026-07-21T18:14:37-05:00,,,https://sportsbook.draftkings.com/leagues/football/nfl
DraftKings,IL,2026,George Pickens,receiving_tds,6.5,Over,-130,1.7692307692307692,2026-07-21T18:14:37-05:00,,,https://sportsbook.draftkings.com/leagues/football/nfl
DraftKings,IL,2026,George Pickens,receiving_tds,6.5,Under,105,2.05,2026-07-21T18:14:37-05:00,,,https://sportsbook.draftkings.com/leagues/football/nfl
DraftKings,IL,2026,Jahmyr Gibbs,receiving_tds,4.5,Over,160,2.6,2026-07-21T18:14:37-05:00,,,https://sportsbook.draftkings.com/leagues/football/nfl
DraftKings,IL,2026,Jahmyr Gibbs,receiving_tds,4.5,Under,-185,1.5405405405405406,2026-07-21T18:14:37-05:00,,,https://sportsbook.draftkings.com/leagues/football/nfl
DraftKings,IL,2026,Jameson Williams,receiving_tds,5.5,Over,-105,1.9523809523809523,2026-07-21T18:14:37-05:00,,,https://sportsbook.draftkings.com/leagues/football/nfl
DraftKings,IL,2026,Jameson Williams,receiving_tds,5.5,Under,-120,1.8333333333333335,2026-07-21T18:14:37-05:00,,,https://sportsbook.draftkings.com/leagues/football/nfl
DraftKings,IL,2026,Ladd McConkey,receiving_tds,5.5,Over,-125,1.8,2026-07-21T18:14:37-05:00,,,https://sportsbook.draftkings.com/leagues/football/nfl
DraftKings,IL,2026,Ladd McConkey,receiving_tds,5.5,Under,100,2.0,2026-07-21T18:14:37-05:00,,,https://sportsbook.draftkings.com/leagues/football/nfl
DraftKings,IL,2026,Mark Andrews,receiving_tds,6.5,Over,100,2.0,2026-07-21T18:14:37-05:00,,,https://sportsbook.draftkings.com/leagues/football/nfl
DraftKings,IL,2026,Mark Andrews,receiving_tds,6.5,Under,-125,1.8,2026-07-21T18:14:37-05:00,,,https://sportsbook.draftkings.com/leagues/football/nfl
DraftKings,IL,2026,Michael Pittman Jr.,receiving_tds,4.5,Over,110,2.1,2026-07-21T18:14:37-05:00,,,https://sportsbook.draftkings.com/leagues/football/nfl
DraftKings,IL,2026,Michael Pittman Jr.,receiving_tds,4.5,Under,-135,1.7407407407407407,2026-07-21T18:14:37-05:00,,,https://sportsbook.draftkings.com/leagues/football/nfl
DraftKings,IL,2026,Mike Evans,receiving_tds,6.5,Over,-105,1.9523809523809523,2026-07-21T18:14:37-05:00,,,https://sportsbook.draftkings.com/leagues/football/nfl
DraftKings,IL,2026,Mike Evans,receiving_tds,6.5,Under,-120,1.8333333333333335,2026-07-21T18:14:37-05:00,,,https://sportsbook.draftkings.com/leagues/football/nfl
DraftKings,IL,2026,Nico Collins,receiving_tds,6.5,Over,-105,1.9523809523809523,2026-07-21T18:14:37-05:00,,,https://sportsbook.draftkings.com/leagues/football/nfl
DraftKings,IL,2026,Nico Collins,receiving_tds,6.5,Under,-120,1.8333333333333335,2026-07-21T18:14:37-05:00,,,https://sportsbook.draftkings.com/leagues/football/nfl
DraftKings,IL,2026,Puka Nacua,receiving_tds,7.5,Over,-145,1.6896551724137931,2026-07-21T18:14:37-05:00,,,https://sportsbook.draftkings.com/leagues/football/nfl
DraftKings,IL,2026,Puka Nacua,receiving_tds,7.5,Under,115,2.15,2026-07-21T18:14:37-05:00,,,https://sportsbook.draftkings.com/leagues/football/nfl
DraftKings,IL,2026,Rome Odunze,receiving_tds,5.5,Over,-135,1.7407407407407407,2026-07-21T18:14:37-05:00,,,https://sportsbook.draftkings.com/leagues/football/nfl
DraftKings,IL,2026,Rome Odunze,receiving_tds,5.5,Under,110,2.1,2026-07-21T18:14:37-05:00,,,https://sportsbook.draftkings.com/leagues/football/nfl
DraftKings,IL,2026,Romeo Doubs,receiving_tds,4.5,Over,-145,1.6896551724137931,2026-07-21T18:14:37-05:00,,,https://sportsbook.draftkings.com/leagues/football/nfl
DraftKings,IL,2026,Romeo Doubs,receiving_tds,4.5,Under,115,2.15,2026-07-21T18:14:37-05:00,,,https://sportsbook.draftkings.com/leagues/football/nfl
DraftKings,IL,2026,Terry McLaurin,receiving_tds,5.5,Over,100,2.0,2026-07-21T18:14:37-05:00,,,https://sportsbook.draftkings.com/leagues/football/nfl
DraftKings,IL,2026,Terry McLaurin,receiving_tds,5.5,Under,-125,1.8,2026-07-21T18:14:37-05:00,,,https://sportsbook.draftkings.com/leagues/football/nfl
DraftKings,IL,2026,Tetairoa McMillan,receiving_tds,6.5,Over,-110,1.9090909090909092,2026-07-21T18:14:37-05:00,,,https://sportsbook.draftkings.com/leagues/football/nfl
DraftKings,IL,2026,Tetairoa McMillan,receiving_tds,6.5,Under,-115,1.8695652173913042,2026-07-21T18:14:37-05:00,,,https://sportsbook.draftkings.com/leagues/football/nfl
DraftKings,IL,2026,Trey McBride,receiving_tds,6.5,Over,100,2.0,2026-07-21T18:14:37-05:00,,,https://sportsbook.draftkings.com/leagues/football/nfl
DraftKings,IL,2026,Trey McBride,receiving_tds,6.5,Under,-125,1.8,2026-07-21T18:14:37-05:00,,,https://sportsbook.draftkings.com/leagues/football/nfl
DraftKings,IL,2026,Tyler Warren,receiving_tds,5.5,Over,110,2.1,2026-07-21T18:14:37-05:00,,,https://sportsbook.draftkings.com/leagues/football/nfl
DraftKings,IL,2026,Tyler Warren,receiving_tds,5.5,Under,-135,1.7407407407407407,2026-07-21T18:14:37-05:00,,,https://sportsbook.draftkings.com/leagues/football/nfl
DraftKings,IL,2026,Zay Flowers,receiving_tds,5.5,Over,100,2.0,2026-07-21T18:14:37-05:00,,,https://sportsbook.draftkings.com/leagues/football/nfl
DraftKings,IL,2026,Zay Flowers,receiving_tds,5.5,Under,-130,1.7692307692307692,2026-07-21T18:14:37-05:00,,,https://sportsbook.draftkings.com/leagues/football/nfl
DraftKings,IL,2026,Abdul Carter,sacks,6.25,Over,-110,1.9090909090909092,2026-07-21T18:24:19-05:00,,,https://sportsbook.draftkings.com/leagues/football/nfl
DraftKings,IL,2026,Abdul Carter,sacks,6.25,Under,-115,1.8695652173913042,2026-07-21T18:24:19-05:00,,,https://sportsbook.draftkings.com/leagues/football/nfl
DraftKings,IL,2026,Arvell Reese,sacks,3.75,Over,-105,1.9523809523809523,2026-07-21T18:24:19-05:00,,,https://sportsbook.draftkings.com/leagues/football/nfl
DraftKings,IL,2026,Arvell Reese,sacks,3.75,Under,-120,1.8333333333333335,2026-07-21T18:24:19-05:00,,,https://sportsbook.draftkings.com/leagues/football/nfl
DraftKings,IL,2026,Brian Burns,sacks,11.25,Over,120,2.2,2026-07-21T18:24:19-05:00,,,https://sportsbook.draftkings.com/leagues/football/nfl
DraftKings,IL,2026,Brian Burns,sacks,11.25,Under,-150,1.6666666666666665,2026-07-21T18:24:19-05:00,,,https://sportsbook.draftkings.com/leagues/football/nfl
DraftKings,IL,2026,Danielle Hunter,sacks,12.75,Over,110,2.1,2026-07-21T18:24:19-05:00,,,https://sportsbook.draftkings.com/leagues/football/nfl
DraftKings,IL,2026,Danielle Hunter,sacks,12.75,Under,-135,1.7407407407407407,2026-07-21T18:24:19-05:00,,,https://sportsbook.draftkings.com/leagues/football/nfl
DraftKings,IL,2026,David Bailey,sacks,5.75,Over,100,2.0,2026-07-21T18:24:19-05:00,,,https://sportsbook.draftkings.com/leagues/football/nfl
DraftKings,IL,2026,David Bailey,sacks,5.75,Under,-125,1.8,2026-07-21T18:24:19-05:00,,,https://sportsbook.draftkings.com/leagues/football/nfl
DraftKings,IL,2026,Harold Landry III,sacks,8.25,Over,-120,1.8333333333333335,2026-07-21T18:24:19-05:00,,,https://sportsbook.draftkings.com/leagues/football/nfl
DraftKings,IL,2026,Harold Landry III,sacks,8.25,Under,-105,1.9523809523809523,2026-07-21T18:24:19-05:00,,,https://sportsbook.draftkings.com/leagues/football/nfl
DraftKings,IL,2026,Jalen Carter,sacks,4.75,Over,-120,1.8333333333333335,2026-07-21T18:24:19-05:00,,,https://sportsbook.draftkings.com/leagues/football/nfl
DraftKings,IL,2026,Jalen Carter,sacks,4.75,Under,-105,1.9523809523809523,2026-07-21T18:24:19-05:00,,,https://sportsbook.draftkings.com/leagues/football/nfl
DraftKings,IL,2026,Jared Verse,sacks,7.25,Over,110,2.1,2026-07-21T18:24:19-05:00,,,https://sportsbook.draftkings.com/leagues/football/nfl
DraftKings,IL,2026,Jared Verse,sacks,7.25,Under,-135,1.7407407407407407,2026-07-21T18:24:19-05:00,,,https://sportsbook.draftkings.com/leagues/football/nfl
DraftKings,IL,2026,Josh Sweat,sacks,8.75,Over,-120,1.8333333333333335,2026-07-21T18:24:19-05:00,,,https://sportsbook.draftkings.com/leagues/football/nfl
DraftKings,IL,2026,Josh Sweat,sacks,8.75,Under,-105,1.9523809523809523,2026-07-21T18:24:19-05:00,,,https://sportsbook.draftkings.com/leagues/football/nfl
DraftKings,IL,2026,Khalil Mack,sacks,7.25,Over,105,2.05,2026-07-21T18:24:19-05:00,,,https://sportsbook.draftkings.com/leagues/football/nfl
DraftKings,IL,2026,Khalil Mack,sacks,7.25,Under,-130,1.7692307692307692,2026-07-21T18:24:19-05:00,,,https://sportsbook.draftkings.com/leagues/football/nfl
DraftKings,IL,2026,Laiatu Latu,sacks,6.75,Over,-125,1.8,2026-07-21T18:24:19-05:00,,,https://sportsbook.draftkings.com/leagues/football/nfl
DraftKings,IL,2026,Laiatu Latu,sacks,6.75,Under,100,2.0,2026-07-21T18:24:19-05:00,,,https://sportsbook.draftkings.com/leagues/football/nfl
DraftKings,IL,2026,Myles Garrett,sacks,15.75,Over,-120,1.8333333333333335,2026-07-21T18:24:19-05:00,,,https://sportsbook.draftkings.com/leagues/football/nfl
DraftKings,IL,2026,Myles Garrett,sacks,15.75,Under,-105,1.9523809523809523,2026-07-21T18:24:19-05:00,,,https://sportsbook.draftkings.com/leagues/football/nfl
DraftKings,IL,2026,Nick Bosa,sacks,10.25,Over,105,2.05,2026-07-21T18:24:19-05:00,,,https://sportsbook.draftkings.com/leagues/football/nfl
DraftKings,IL,2026,Nick Bosa,sacks,10.25,Under,-130,1.7692307692307692,2026-07-21T18:24:19-05:00,,,https://sportsbook.draftkings.com/leagues/football/nfl
DraftKings,IL,2026,Nik Bonitto,sacks,11.75,Over,110,2.1,2026-07-21T18:24:19-05:00,,,https://sportsbook.draftkings.com/leagues/football/nfl
DraftKings,IL,2026,Nik Bonitto,sacks,11.75,Under,-135,1.7407407407407407,2026-07-21T18:24:19-05:00,,,https://sportsbook.draftkings.com/leagues/football/nfl
DraftKings,IL,2026,Rashan Gary,sacks,7.25,Over,110,2.1,2026-07-21T18:24:19-05:00,,,https://sportsbook.draftkings.com/leagues/football/nfl
DraftKings,IL,2026,Rashan Gary,sacks,7.25,Under,-135,1.7407407407407407,2026-07-21T18:24:19-05:00,,,https://sportsbook.draftkings.com/leagues/football/nfl
DraftKings,IL,2026,Rueben Bain Jr.,sacks,5.75,Over,-130,1.7692307692307692,2026-07-21T18:24:19-05:00,,,https://sportsbook.draftkings.com/leagues/football/nfl
DraftKings,IL,2026,Rueben Bain Jr.,sacks,5.75,Under,105,2.05,2026-07-21T18:24:19-05:00,,,https://sportsbook.draftkings.com/leagues/football/nfl
DraftKings,IL,2026,T.J. Watt,sacks,11.25,Over,120,2.2,2026-07-21T18:24:19-05:00,,,https://sportsbook.draftkings.com/leagues/football/nfl
DraftKings,IL,2026,T.J. Watt,sacks,11.25,Under,-150,1.6666666666666665,2026-07-21T18:24:19-05:00,,,https://sportsbook.draftkings.com/leagues/football/nfl
DraftKings,IL,2026,Travon Walker,sacks,6.75,Over,-110,1.9090909090909092,2026-07-21T18:24:19-05:00,,,https://sportsbook.draftkings.com/leagues/football/nfl
DraftKings,IL,2026,Travon Walker,sacks,6.75,Under,-115,1.8695652173913042,2026-07-21T18:24:19-05:00,,,https://sportsbook.draftkings.com/leagues/football/nfl
DraftKings,IL,2026,Trey Hendrickson,sacks,12.25,Over,-105,1.9523809523809523,2026-07-21T18:24:19-05:00,,,https://sportsbook.draftkings.com/leagues/football/nfl
DraftKings,IL,2026,Trey Hendrickson,sacks,12.25,Under,-120,1.8333333333333335,2026-07-21T18:24:19-05:00,,,https://sportsbook.draftkings.com/leagues/football/nfl
DraftKings,IL,2026,Tuli Tuipulotu,sacks,10.25,Over,-110,1.9090909090909092,2026-07-21T18:24:19-05:00,,,https://sportsbook.draftkings.com/leagues/football/nfl
DraftKings,IL,2026,Tuli Tuipulotu,sacks,10.25,Under,-115,1.8695652173913042,2026-07-21T18:24:19-05:00,,,https://sportsbook.draftkings.com/leagues/football/nfl
DraftKings,IL,2026,Will Anderson Jr.,sacks,12.25,Over,110,2.1,2026-07-21T18:24:19-05:00,,,https://sportsbook.draftkings.com/leagues/football/nfl
DraftKings,IL,2026,Will Anderson Jr.,sacks,12.25,Under,-135,1.7407407407407407,2026-07-21T18:24:19-05:00,,,https://sportsbook.draftkings.com/leagues/football/nfl
DraftKings,IL,2026,Will McDonald IV,sacks,7.25,Over,-120,1.8333333333333335,2026-07-21T18:24:19-05:00,,,https://sportsbook.draftkings.com/leagues/football/nfl
DraftKings,IL,2026,Will McDonald IV,sacks,7.25,Under,-105,1.9523809523809523,2026-07-21T18:24:19-05:00,,,https://sportsbook.draftkings.com/leagues/football/nfl
DraftKings,IL,2026,Zach Allen,sacks,8.25,Over,110,2.1,2026-07-21T18:24:19-05:00,,,https://sportsbook.draftkings.com/leagues/football/nfl
DraftKings,IL,2026,Zach Allen,sacks,8.25,Under,-135,1.7407407407407407,2026-07-21T18:24:19-05:00,,,https://sportsbook.draftkings.com/leagues/football/nfl
BetMGM,IL,2026,Aaron Rodgers,passing_yards,3050.5,Over,-120,1.83,2026-07-19T00:28:40-05:00,1530257000,2218835484,https://cf-us3-cds-api.itsfogo.com/bettingoffer/fixture-view?x-bwin-accessid=ZTg4YWEwMTgtZTlhYy00MWRkLWIzYWYtZjMzODI5ZDE0Mjc5&lang=en-us&country=US&usercountry=US&state=Latest&fixtureIds=19070789&offerMapping=All&scoreboardMode=Full
BetMGM,IL,2026,Aaron Rodgers,passing_yards,3050.5,Under,100,2.0,2026-07-19T00:28:40-05:00,1530257000,2218835485,https://cf-us3-cds-api.itsfogo.com/bettingoffer/fixture-view?x-bwin-accessid=ZTg4YWEwMTgtZTlhYy00MWRkLWIzYWYtZjMzODI5ZDE0Mjc5&lang=en-us&country=US&usercountry=US&state=Latest&fixtureIds=19070789&offerMapping=All&scoreboardMode=Full
BetMGM,IL,2026,Baker Mayfield,passing_yards,3550.5,Over,100,2.0,2026-07-19T00:28:40-05:00,1530257007,2218835498,https://cf-us3-cds-api.itsfogo.com/bettingoffer/fixture-view?x-bwin-accessid=ZTg4YWEwMTgtZTlhYy00MWRkLWIzYWYtZjMzODI5ZDE0Mjc5&lang=en-us&country=US&usercountry=US&state=Latest&fixtureIds=19070789&offerMapping=All&scoreboardMode=Full
BetMGM,IL,2026,Baker Mayfield,passing_yards,3550.5,Under,-120,1.83,2026-07-19T00:28:40-05:00,1530257007,2218835499,https://cf-us3-cds-api.itsfogo.com/bettingoffer/fixture-view?x-bwin-accessid=ZTg4YWEwMTgtZTlhYy00MWRkLWIzYWYtZjMzODI5ZDE0Mjc5&lang=en-us&country=US&usercountry=US&state=Latest&fixtureIds=19070789&offerMapping=All&scoreboardMode=Full
BetMGM,IL,2026,Bo Nix,passing_yards,3475.5,Over,-110,1.91,2026-07-19T00:28:40-05:00,1530257005,2218835494,https://cf-us3-cds-api.itsfogo.com/bettingoffer/fixture-view?x-bwin-accessid=ZTg4YWEwMTgtZTlhYy00MWRkLWIzYWYtZjMzODI5ZDE0Mjc5&lang=en-us&country=US&usercountry=US&state=Latest&fixtureIds=19070789&offerMapping=All&scoreboardMode=Full
BetMGM,IL,2026,Bo Nix,passing_yards,3475.5,Under,-110,1.91,2026-07-19T00:28:40-05:00,1530257005,2218835495,https://cf-us3-cds-api.itsfogo.com/bettingoffer/fixture-view?x-bwin-accessid=ZTg4YWEwMTgtZTlhYy00MWRkLWIzYWYtZjMzODI5ZDE0Mjc5&lang=en-us&country=US&usercountry=US&state=Latest&fixtureIds=19070789&offerMapping=All&scoreboardMode=Full
BetMGM,IL,2026,Brock Purdy,passing_yards,3675.5,Over,-120,1.83,2026-07-19T00:28:40-05:00,1530257009,2218835502,https://cf-us3-cds-api.itsfogo.com/bettingoffer/fixture-view?x-bwin-accessid=ZTg4YWEwMTgtZTlhYy00MWRkLWIzYWYtZjMzODI5ZDE0Mjc5&lang=en-us&country=US&usercountry=US&state=Latest&fixtureIds=19070789&offerMapping=All&scoreboardMode=Full
BetMGM,IL,2026,Brock Purdy,passing_yards,3675.5,Under,100,2.0,2026-07-19T00:28:40-05:00,1530257009,2218835503,https://cf-us3-cds-api.itsfogo.com/bettingoffer/fixture-view?x-bwin-accessid=ZTg4YWEwMTgtZTlhYy00MWRkLWIzYWYtZjMzODI5ZDE0Mjc5&lang=en-us&country=US&usercountry=US&state=Latest&fixtureIds=19070789&offerMapping=All&scoreboardMode=Full
BetMGM,IL,2026,Bryce Young,passing_yards,3025.5,Over,-120,1.83,2026-07-19T00:28:40-05:00,1530256999,2218835482,https://cf-us3-cds-api.itsfogo.com/bettingoffer/fixture-view?x-bwin-accessid=ZTg4YWEwMTgtZTlhYy00MWRkLWIzYWYtZjMzODI5ZDE0Mjc5&lang=en-us&country=US&usercountry=US&state=Latest&fixtureIds=19070789&offerMapping=All&scoreboardMode=Full
BetMGM,IL,2026,Bryce Young,passing_yards,3025.5,Under,100,2.0,2026-07-19T00:28:40-05:00,1530256999,2218835483,https://cf-us3-cds-api.itsfogo.com/bettingoffer/fixture-view?x-bwin-accessid=ZTg4YWEwMTgtZTlhYy00MWRkLWIzYWYtZjMzODI5ZDE0Mjc5&lang=en-us&country=US&usercountry=US&state=Latest&fixtureIds=19070789&offerMapping=All&scoreboardMode=Full
BetMGM,IL,2026,C.J. Stroud,passing_yards,3550.5,Over,-120,1.83,2026-07-19T00:28:40-05:00,1530257006,2218835496,https://cf-us3-cds-api.itsfogo.com/bettingoffer/fixture-view?x-bwin-accessid=ZTg4YWEwMTgtZTlhYy00MWRkLWIzYWYtZjMzODI5ZDE0Mjc5&lang=en-us&country=US&usercountry=US&state=Latest&fixtureIds=19070789&offerMapping=All&scoreboardMode=Full
BetMGM,IL,2026,C.J. Stroud,passing_yards,3550.5,Under,100,2.0,2026-07-19T00:28:40-05:00,1530257006,2218835497,https://cf-us3-cds-api.itsfogo.com/bettingoffer/fixture-view?x-bwin-accessid=ZTg4YWEwMTgtZTlhYy00MWRkLWIzYWYtZjMzODI5ZDE0Mjc5&lang=en-us&country=US&usercountry=US&state=Latest&fixtureIds=19070789&offerMapping=All&scoreboardMode=Full
BetMGM,IL,2026,Caleb Williams,passing_yards,3600.5,Over,-110,1.91,2026-07-19T00:28:40-05:00,1512569801,2173419518,https://cf-us3-cds-api.itsfogo.com/bettingoffer/fixture-view?x-bwin-accessid=ZTg4YWEwMTgtZTlhYy00MWRkLWIzYWYtZjMzODI5ZDE0Mjc5&lang=en-us&country=US&usercountry=US&state=Latest&fixtureIds=19070789&offerMapping=All&scoreboardMode=Full
BetMGM,IL,2026,Caleb Williams,passing_yards,3600.5,Under,-110,1.91,2026-07-19T00:28:40-05:00,1512569801,2173419519,https://cf-us3-cds-api.itsfogo.com/bettingoffer/fixture-view?x-bwin-accessid=ZTg4YWEwMTgtZTlhYy00MWRkLWIzYWYtZjMzODI5ZDE0Mjc5&lang=en-us&country=US&usercountry=US&state=Latest&fixtureIds=19070789&offerMapping=All&scoreboardMode=Full
BetMGM,IL,2026,Cam Ward,passing_yards,3200.5,Over,-120,1.83,2026-07-19T00:28:40-05:00,1530257004,2218835492,https://cf-us3-cds-api.itsfogo.com/bettingoffer/fixture-view?x-bwin-accessid=ZTg4YWEwMTgtZTlhYy00MWRkLWIzYWYtZjMzODI5ZDE0Mjc5&lang=en-us&country=US&usercountry=US&state=Latest&fixtureIds=19070789&offerMapping=All&scoreboardMode=Full
BetMGM,IL,2026,Cam Ward,passing_yards,3200.5,Under,100,2.0,2026-07-19T00:28:40-05:00,1530257004,2218835493,https://cf-us3-cds-api.itsfogo.com/bettingoffer/fixture-view?x-bwin-accessid=ZTg4YWEwMTgtZTlhYy00MWRkLWIzYWYtZjMzODI5ZDE0Mjc5&lang=en-us&country=US&usercountry=US&state=Latest&fixtureIds=19070789&offerMapping=All&scoreboardMode=Full
BetMGM,IL,2026,Dak Prescott,passing_yards,4025.5,Over,-115,1.87,2026-07-19T00:28:40-05:00,1530257011,2218835506,https://cf-us3-cds-api.itsfogo.com/bettingoffer/fixture-view?x-bwin-accessid=ZTg4YWEwMTgtZTlhYy00MWRkLWIzYWYtZjMzODI5ZDE0Mjc5&lang=en-us&country=US&usercountry=US&state=Latest&fixtureIds=19070789&offerMapping=All&scoreboardMode=Full
BetMGM,IL,2026,Dak Prescott,passing_yards,4025.5,Under,-105,1.95,2026-07-19T00:28:40-05:00,1530257011,2218835507,https://cf-us3-cds-api.itsfogo.com/bettingoffer/fixture-view?x-bwin-accessid=ZTg4YWEwMTgtZTlhYy00MWRkLWIzYWYtZjMzODI5ZDE0Mjc5&lang=en-us&country=US&usercountry=US&state=Latest&fixtureIds=19070789&offerMapping=All&scoreboardMode=Full
BetMGM,IL,2026,Drake Maye,passing_yards,3750.5,Over,-125,1.8,2026-07-19T00:28:40-05:00,1512569804,2173419524,https://cf-us3-cds-api.itsfogo.com/bettingoffer/fixture-view?x-bwin-accessid=ZTg4YWEwMTgtZTlhYy00MWRkLWIzYWYtZjMzODI5ZDE0Mjc5&lang=en-us&country=US&usercountry=US&state=Latest&fixtureIds=19070789&offerMapping=All&scoreboardMode=Full
BetMGM,IL,2026,Drake Maye,passing_yards,3750.5,Under,105,2.05,2026-07-19T00:28:40-05:00,1512569804,2173419525,https://cf-us3-cds-api.itsfogo.com/bettingoffer/fixture-view?x-bwin-accessid=ZTg4YWEwMTgtZTlhYy00MWRkLWIzYWYtZjMzODI5ZDE0Mjc5&lang=en-us&country=US&usercountry=US&state=Latest&fixtureIds=19070789&offerMapping=All&scoreboardMode=Full
BetMGM,IL,2026,Fernando Mendoza,passing_yards,2400.5,Over,-110,1.91,2026-07-19T00:28:40-05:00,1530256996,2218835474,https://cf-us3-cds-api.itsfogo.com/bettingoffer/fixture-view?x-bwin-accessid=ZTg4YWEwMTgtZTlhYy00MWRkLWIzYWYtZjMzODI5ZDE0Mjc5&lang=en-us&country=US&usercountry=US&state=Latest&fixtureIds=19070789&offerMapping=All&scoreboardMode=Full
BetMGM,IL,2026,Fernando Mendoza,passing_yards,2400.5,Under,-110,1.91,2026-07-19T00:28:40-05:00,1530256996,2218835475,https://cf-us3-cds-api.itsfogo.com/bettingoffer/fixture-view?x-bwin-accessid=ZTg4YWEwMTgtZTlhYy00MWRkLWIzYWYtZjMzODI5ZDE0Mjc5&lang=en-us&country=US&usercountry=US&state=Latest&fixtureIds=19070789&offerMapping=All&scoreboardMode=Full
BetMGM,IL,2026,Jalen Hurts,passing_yards,3150.5,Over,-120,1.83,2026-07-19T00:28:40-05:00,1530257003,2218835488,https://cf-us3-cds-api.itsfogo.com/bettingoffer/fixture-view?x-bwin-accessid=ZTg4YWEwMTgtZTlhYy00MWRkLWIzYWYtZjMzODI5ZDE0Mjc5&lang=en-us&country=US&usercountry=US&state=Latest&fixtureIds=19070789&offerMapping=All&scoreboardMode=Full
BetMGM,IL,2026,Jalen Hurts,passing_yards,3150.5,Under,100,2.0,2026-07-19T00:28:40-05:00,1530257003,2218835489,https://cf-us3-cds-api.itsfogo.com/bettingoffer/fixture-view?x-bwin-accessid=ZTg4YWEwMTgtZTlhYy00MWRkLWIzYWYtZjMzODI5ZDE0Mjc5&lang=en-us&country=US&usercountry=US&state=Latest&fixtureIds=19070789&offerMapping=All&scoreboardMode=Full
BetMGM,IL,2026,Jared Goff,passing_yards,4050.5,Over,-110,1.91,2026-07-19T00:28:40-05:00,1530257012,2218835508,https://cf-us3-cds-api.itsfogo.com/bettingoffer/fixture-view?x-bwin-accessid=ZTg4YWEwMTgtZTlhYy00MWRkLWIzYWYtZjMzODI5ZDE0Mjc5&lang=en-us&country=US&usercountry=US&state=Latest&fixtureIds=19070789&offerMapping=All&scoreboardMode=Full
BetMGM,IL,2026,Jared Goff,passing_yards,4050.5,Under,-110,1.91,2026-07-19T00:28:40-05:00,1530257012,2218835509,https://cf-us3-cds-api.itsfogo.com/bettingoffer/fixture-view?x-bwin-accessid=ZTg4YWEwMTgtZTlhYy00MWRkLWIzYWYtZjMzODI5ZDE0Mjc5&lang=en-us&country=US&usercountry=US&state=Latest&fixtureIds=19070789&offerMapping=All&scoreboardMode=Full
BetMGM,IL,2026,Jaxson Dart,passing_yards,3100.5,Over,-115,1.87,2026-07-19T00:28:40-05:00,1540823204,2247546073,https://cf-us3-cds-api.itsfogo.com/bettingoffer/fixture-view?x-bwin-accessid=ZTg4YWEwMTgtZTlhYy00MWRkLWIzYWYtZjMzODI5ZDE0Mjc5&lang=en-us&country=US&usercountry=US&state=Latest&fixtureIds=19070789&offerMapping=All&scoreboardMode=Full
BetMGM,IL,2026,Jaxson Dart,passing_yards,3100.5,Under,-105,1.95,2026-07-19T00:28:40-05:00,1540823204,2247546074,https://cf-us3-cds-api.itsfogo.com/bettingoffer/fixture-view?x-bwin-accessid=ZTg4YWEwMTgtZTlhYy00MWRkLWIzYWYtZjMzODI5ZDE0Mjc5&lang=en-us&country=US&usercountry=US&state=Latest&fixtureIds=19070789&offerMapping=All&scoreboardMode=Full
BetMGM,IL,2026,Jayden Daniels,passing_yards,3250.5,Over,-110,1.91,2026-07-19T00:28:40-05:00,1540824066,2247548221,https://cf-us3-cds-api.itsfogo.com/bettingoffer/fixture-view?x-bwin-accessid=ZTg4YWEwMTgtZTlhYy00MWRkLWIzYWYtZjMzODI5ZDE0Mjc5&lang=en-us&country=US&usercountry=US&state=Latest&fixtureIds=19070789&offerMapping=All&scoreboardMode=Full
BetMGM,IL,2026,Jayden Daniels,passing_yards,3250.5,Under,-110,1.91,2026-07-19T00:28:40-05:00,1540824066,2247548222,https://cf-us3-cds-api.itsfogo.com/bettingoffer/fixture-view?x-bwin-accessid=ZTg4YWEwMTgtZTlhYy00MWRkLWIzYWYtZjMzODI5ZDE0Mjc5&lang=en-us&country=US&usercountry=US&state=Latest&fixtureIds=19070789&offerMapping=All&scoreboardMode=Full
BetMGM,IL,2026,Joe Burrow,passing_yards,4000.5,Over,-110,1.91,2026-07-19T00:28:40-05:00,1512569808,2173419536,https://cf-us3-cds-api.itsfogo.com/bettingoffer/fixture-view?x-bwin-accessid=ZTg4YWEwMTgtZTlhYy00MWRkLWIzYWYtZjMzODI5ZDE0Mjc5&lang=en-us&country=US&usercountry=US&state=Latest&fixtureIds=19070789&offerMapping=All&scoreboardMode=Full
BetMGM,IL,2026,Joe Burrow,passing_yards,4000.5,Under,-110,1.91,2026-07-19T00:28:40-05:00,1512569808,2173419537,https://cf-us3-cds-api.itsfogo.com/bettingoffer/fixture-view?x-bwin-accessid=ZTg4YWEwMTgtZTlhYy00MWRkLWIzYWYtZjMzODI5ZDE0Mjc5&lang=en-us&country=US&usercountry=US&state=Latest&fixtureIds=19070789&offerMapping=All&scoreboardMode=Full
BetMGM,IL,2026,Jordan Love,passing_yards,3525.5,Over,-120,1.83,2026-07-19T00:28:40-05:00,1512569796,2173419508,https://cf-us3-cds-api.itsfogo.com/bettingoffer/fixture-view?x-bwin-accessid=ZTg4YWEwMTgtZTlhYy00MWRkLWIzYWYtZjMzODI5ZDE0Mjc5&lang=en-us&country=US&usercountry=US&state=Latest&fixtureIds=19070789&offerMapping=All&scoreboardMode=Full
BetMGM,IL,2026,Jordan Love,passing_yards,3525.5,Under,100,2.0,2026-07-19T00:28:40-05:00,1512569796,2173419509,https://cf-us3-cds-api.itsfogo.com/bettingoffer/fixture-view?x-bwin-accessid=ZTg4YWEwMTgtZTlhYy00MWRkLWIzYWYtZjMzODI5ZDE0Mjc5&lang=en-us&country=US&usercountry=US&state=Latest&fixtureIds=19070789&offerMapping=All&scoreboardMode=Full
BetMGM,IL,2026,Josh Allen,passing_yards,3600.5,Over,-120,1.83,2026-07-19T00:28:40-05:00,1512569797,2173419510,https://cf-us3-cds-api.itsfogo.com/bettingoffer/fixture-view?x-bwin-accessid=ZTg4YWEwMTgtZTlhYy00MWRkLWIzYWYtZjMzODI5ZDE0Mjc5&lang=en-us&country=US&usercountry=US&state=Latest&fixtureIds=19070789&offerMapping=All&scoreboardMode=Full
BetMGM,IL,2026,Josh Allen,passing_yards,3600.5,Under,100,2.0,2026-07-19T00:28:40-05:00,1512569797,2173419511,https://cf-us3-cds-api.itsfogo.com/bettingoffer/fixture-view?x-bwin-accessid=ZTg4YWEwMTgtZTlhYy00MWRkLWIzYWYtZjMzODI5ZDE0Mjc5&lang=en-us&country=US&usercountry=US&state=Latest&fixtureIds=19070789&offerMapping=All&scoreboardMode=Full
BetMGM,IL,2026,Justin Herbert,passing_yards,3600.5,Over,-110,1.91,2026-07-19T00:28:40-05:00,1512569799,2173419514,https://cf-us3-cds-api.itsfogo.com/bettingoffer/fixture-view?x-bwin-accessid=ZTg4YWEwMTgtZTlhYy00MWRkLWIzYWYtZjMzODI5ZDE0Mjc5&lang=en-us&country=US&usercountry=US&state=Latest&fixtureIds=19070789&offerMapping=All&scoreboardMode=Full
BetMGM,IL,2026,Justin Herbert,passing_yards,3600.5,Under,-110,1.91,2026-07-19T00:28:40-05:00,1512569799,2173419515,https://cf-us3-cds-api.itsfogo.com/bettingoffer/fixture-view?x-bwin-accessid=ZTg4YWEwMTgtZTlhYy00MWRkLWIzYWYtZjMzODI5ZDE0Mjc5&lang=en-us&country=US&usercountry=US&state=Latest&fixtureIds=19070789&offerMapping=All&scoreboardMode=Full
BetMGM,IL,2026,Lamar Jackson,passing_yards,3225.5,Over,-120,1.83,2026-07-19T00:28:40-05:00,1512569792,2173419500,https://cf-us3-cds-api.itsfogo.com/bettingoffer/fixture-view?x-bwin-accessid=ZTg4YWEwMTgtZTlhYy00MWRkLWIzYWYtZjMzODI5ZDE0Mjc5&lang=en-us&country=US&usercountry=US&state=Latest&fixtureIds=19070789&offerMapping=All&scoreboardMode=Full
BetMGM,IL,2026,Lamar Jackson,passing_yards,3225.5,Under,100,2.0,2026-07-19T00:28:40-05:00,1512569792,2173419501,https://cf-us3-cds-api.itsfogo.com/bettingoffer/fixture-view?x-bwin-accessid=ZTg4YWEwMTgtZTlhYy00MWRkLWIzYWYtZjMzODI5ZDE0Mjc5&lang=en-us&country=US&usercountry=US&state=Latest&fixtureIds=19070789&offerMapping=All&scoreboardMode=Full
BetMGM,IL,2026,Malik Willis,passing_yards,3050.5,Over,-105,1.95,2026-07-19T00:28:40-05:00,1530257001,2218835486,https://cf-us3-cds-api.itsfogo.com/bettingoffer/fixture-view?x-bwin-accessid=ZTg4YWEwMTgtZTlhYy00MWRkLWIzYWYtZjMzODI5ZDE0Mjc5&lang=en-us&country=US&usercountry=US&state=Latest&fixtureIds=19070789&offerMapping=All&scoreboardMode=Full
BetMGM,IL,2026,Malik Willis,passing_yards,3050.5,Under,-115,1.87,2026-07-19T00:28:40-05:00,1530257001,2218835487,https://cf-us3-cds-api.itsfogo.com/bettingoffer/fixture-view?x-bwin-accessid=ZTg4YWEwMTgtZTlhYy00MWRkLWIzYWYtZjMzODI5ZDE0Mjc5&lang=en-us&country=US&usercountry=US&state=Latest&fixtureIds=19070789&offerMapping=All&scoreboardMode=Full
BetMGM,IL,2026,Matthew Stafford,passing_yards,4000.5,Over,-105,1.95,2026-07-19T00:28:40-05:00,1512569805,2173419526,https://cf-us3-cds-api.itsfogo.com/bettingoffer/fixture-view?x-bwin-accessid=ZTg4YWEwMTgtZTlhYy00MWRkLWIzYWYtZjMzODI5ZDE0Mjc5&lang=en-us&country=US&usercountry=US&state=Latest&fixtureIds=19070789&offerMapping=All&scoreboardMode=Full
BetMGM,IL,2026,Matthew Stafford,passing_yards,4000.5,Under,-115,1.87,2026-07-19T00:28:40-05:00,1512569805,2173419527,https://cf-us3-cds-api.itsfogo.com/bettingoffer/fixture-view?x-bwin-accessid=ZTg4YWEwMTgtZTlhYy00MWRkLWIzYWYtZjMzODI5ZDE0Mjc5&lang=en-us&country=US&usercountry=US&state=Latest&fixtureIds=19070789&offerMapping=All&scoreboardMode=Full
BetMGM,IL,2026,Sam Darnold,passing_yards,3700.5,Over,-110,1.91,2026-07-19T00:28:40-05:00,1530257010,2218835504,https://cf-us3-cds-api.itsfogo.com/bettingoffer/fixture-view?x-bwin-accessid=ZTg4YWEwMTgtZTlhYy00MWRkLWIzYWYtZjMzODI5ZDE0Mjc5&lang=en-us&country=US&usercountry=US&state=Latest&fixtureIds=19070789&offerMapping=All&scoreboardMode=Full
BetMGM,IL,2026,Sam Darnold,passing_yards,3700.5,Under,-110,1.91,2026-07-19T00:28:40-05:00,1530257010,2218835505,https://cf-us3-cds-api.itsfogo.com/bettingoffer/fixture-view?x-bwin-accessid=ZTg4YWEwMTgtZTlhYy00MWRkLWIzYWYtZjMzODI5ZDE0Mjc5&lang=en-us&country=US&usercountry=US&state=Latest&fixtureIds=19070789&offerMapping=All&scoreboardMode=Full
BetMGM,IL,2026,Trevor Lawrence,passing_yards,3725.5,Over,-125,1.8,2026-07-19T00:28:40-05:00,1517014361,2184858101,https://cf-us3-cds-api.itsfogo.com/bettingoffer/fixture-view?x-bwin-accessid=ZTg4YWEwMTgtZTlhYy00MWRkLWIzYWYtZjMzODI5ZDE0Mjc5&lang=en-us&country=US&usercountry=US&state=Latest&fixtureIds=19070789&offerMapping=All&scoreboardMode=Full
BetMGM,IL,2026,Trevor Lawrence,passing_yards,3725.5,Under,105,2.05,2026-07-19T00:28:40-05:00,1517014361,2184858102,https://cf-us3-cds-api.itsfogo.com/bettingoffer/fixture-view?x-bwin-accessid=ZTg4YWEwMTgtZTlhYy00MWRkLWIzYWYtZjMzODI5ZDE0Mjc5&lang=en-us&country=US&usercountry=US&state=Latest&fixtureIds=19070789&offerMapping=All&scoreboardMode=Full
BetMGM,IL,2026,Tyler Shough,passing_yards,3600.5,Over,-118,1.85,2026-07-19T00:28:40-05:00,1512569802,2173419520,https://cf-us3-cds-api.itsfogo.com/bettingoffer/fixture-view?x-bwin-accessid=ZTg4YWEwMTgtZTlhYy00MWRkLWIzYWYtZjMzODI5ZDE0Mjc5&lang=en-us&country=US&usercountry=US&state=Latest&fixtureIds=19070789&offerMapping=All&scoreboardMode=Full
BetMGM,IL,2026,Tyler Shough,passing_yards,3600.5,Under,-102,1.98,2026-07-19T00:28:40-05:00,1512569802,2173419521,https://cf-us3-cds-api.itsfogo.com/bettingoffer/fixture-view?x-bwin-accessid=ZTg4YWEwMTgtZTlhYy00MWRkLWIzYWYtZjMzODI5ZDE0Mjc5&lang=en-us&country=US&usercountry=US&state=Latest&fixtureIds=19070789&offerMapping=All&scoreboardMode=Full
BetMGM,IL,2026,Aaron Rodgers,passing_tds,20.5,Over,-115,1.87,2026-07-19T00:28:40-05:00,1527820807,2212596486,https://cf-us3-cds-api.itsfogo.com/bettingoffer/fixture-view?x-bwin-accessid=ZTg4YWEwMTgtZTlhYy00MWRkLWIzYWYtZjMzODI5ZDE0Mjc5&lang=en-us&country=US&usercountry=US&state=Latest&fixtureIds=19070789&offerMapping=All&scoreboardMode=Full
BetMGM,IL,2026,Aaron Rodgers,passing_tds,20.5,Under,-105,1.95,2026-07-19T00:28:40-05:00,1527820807,2212596487,https://cf-us3-cds-api.itsfogo.com/bettingoffer/fixture-view?x-bwin-accessid=ZTg4YWEwMTgtZTlhYy00MWRkLWIzYWYtZjMzODI5ZDE0Mjc5&lang=en-us&country=US&usercountry=US&state=Latest&fixtureIds=19070789&offerMapping=All&scoreboardMode=Full
BetMGM,IL,2026,Baker Mayfield,passing_tds,25.5,Over,-105,1.95,2026-07-19T00:28:40-05:00,1527820819,2212596510,https://cf-us3-cds-api.itsfogo.com/bettingoffer/fixture-view?x-bwin-accessid=ZTg4YWEwMTgtZTlhYy00MWRkLWIzYWYtZjMzODI5ZDE0Mjc5&lang=en-us&country=US&usercountry=US&state=Latest&fixtureIds=19070789&offerMapping=All&scoreboardMode=Full
BetMGM,IL,2026,Baker Mayfield,passing_tds,25.5,Under,-115,1.87,2026-07-19T00:28:40-05:00,1527820819,2212596511,https://cf-us3-cds-api.itsfogo.com/bettingoffer/fixture-view?x-bwin-accessid=ZTg4YWEwMTgtZTlhYy00MWRkLWIzYWYtZjMzODI5ZDE0Mjc5&lang=en-us&country=US&usercountry=US&state=Latest&fixtureIds=19070789&offerMapping=All&scoreboardMode=Full
BetMGM,IL,2026,Bo Nix,passing_tds,24.5,Over,-102,1.98,2026-07-19T00:28:40-05:00,1527820812,2212596496,https://cf-us3-cds-api.itsfogo.com/bettingoffer/fixture-view?x-bwin-accessid=ZTg4YWEwMTgtZTlhYy00MWRkLWIzYWYtZjMzODI5ZDE0Mjc5&lang=en-us&country=US&usercountry=US&state=Latest&fixtureIds=19070789&offerMapping=All&scoreboardMode=Full
BetMGM,IL,2026,Bo Nix,passing_tds,24.5,Under,-118,1.85,2026-07-19T00:28:40-05:00,1527820812,2212596497,https://cf-us3-cds-api.itsfogo.com/bettingoffer/fixture-view?x-bwin-accessid=ZTg4YWEwMTgtZTlhYy00MWRkLWIzYWYtZjMzODI5ZDE0Mjc5&lang=en-us&country=US&usercountry=US&state=Latest&fixtureIds=19070789&offerMapping=All&scoreboardMode=Full
BetMGM,IL,2026,Brock Purdy,passing_tds,27.5,Over,-115,1.87,2026-07-19T00:28:40-05:00,1527820821,2212596514,https://cf-us3-cds-api.itsfogo.com/bettingoffer/fixture-view?x-bwin-accessid=ZTg4YWEwMTgtZTlhYy00MWRkLWIzYWYtZjMzODI5ZDE0Mjc5&lang=en-us&country=US&usercountry=US&state=Latest&fixtureIds=19070789&offerMapping=All&scoreboardMode=Full
BetMGM,IL,2026,Brock Purdy,passing_tds,27.5,Under,-105,1.95,2026-07-19T00:28:40-05:00,1527820821,2212596515,https://cf-us3-cds-api.itsfogo.com/bettingoffer/fixture-view?x-bwin-accessid=ZTg4YWEwMTgtZTlhYy00MWRkLWIzYWYtZjMzODI5ZDE0Mjc5&lang=en-us&country=US&usercountry=US&state=Latest&fixtureIds=19070789&offerMapping=All&scoreboardMode=Full
BetMGM,IL,2026,Bryce Young,passing_tds,20.5,Over,-105,1.95,2026-07-19T00:28:40-05:00,1527820806,2212596484,https://cf-us3-cds-api.itsfogo.com/bettingoffer/fixture-view?x-bwin-accessid=ZTg4YWEwMTgtZTlhYy00MWRkLWIzYWYtZjMzODI5ZDE0Mjc5&lang=en-us&country=US&usercountry=US&state=Latest&fixtureIds=19070789&offerMapping=All&scoreboardMode=Full
BetMGM,IL,2026,Bryce Young,passing_tds,20.5,Under,-115,1.87,2026-07-19T00:28:40-05:00,1527820806,2212596485,https://cf-us3-cds-api.itsfogo.com/bettingoffer/fixture-view?x-bwin-accessid=ZTg4YWEwMTgtZTlhYy00MWRkLWIzYWYtZjMzODI5ZDE0Mjc5&lang=en-us&country=US&usercountry=US&state=Latest&fixtureIds=19070789&offerMapping=All&scoreboardMode=Full
BetMGM,IL,2026,C.J. Stroud,passing_tds,22.5,Over,-118,1.85,2026-07-19T00:28:40-05:00,1527820809,2212596490,https://cf-us3-cds-api.itsfogo.com/bettingoffer/fixture-view?x-bwin-accessid=ZTg4YWEwMTgtZTlhYy00MWRkLWIzYWYtZjMzODI5ZDE0Mjc5&lang=en-us&country=US&usercountry=US&state=Latest&fixtureIds=19070789&offerMapping=All&scoreboardMode=Full
BetMGM,IL,2026,C.J. Stroud,passing_tds,22.5,Under,-102,1.98,2026-07-19T00:28:40-05:00,1527820809,2212596491,https://cf-us3-cds-api.itsfogo.com/bettingoffer/fixture-view?x-bwin-accessid=ZTg4YWEwMTgtZTlhYy00MWRkLWIzYWYtZjMzODI5ZDE0Mjc5&lang=en-us&country=US&usercountry=US&state=Latest&fixtureIds=19070789&offerMapping=All&scoreboardMode=Full
BetMGM,IL,2026,Caleb Williams,passing_tds,24.5,Over,-105,1.95,2026-07-19T00:28:40-05:00,1527820814,2212596500,https://cf-us3-cds-api.itsfogo.com/bettingoffer/fixture-view?x-bwin-accessid=ZTg4YWEwMTgtZTlhYy00MWRkLWIzYWYtZjMzODI5ZDE0Mjc5&lang=en-us&country=US&usercountry=US&state=Latest&fixtureIds=19070789&offerMapping=All&scoreboardMode=Full
BetMGM,IL,2026,Caleb Williams,passing_tds,24.5,Under,-115,1.87,2026-07-19T00:28:40-05:00,1527820814,2212596501,https://cf-us3-cds-api.itsfogo.com/bettingoffer/fixture-view?x-bwin-accessid=ZTg4YWEwMTgtZTlhYy00MWRkLWIzYWYtZjMzODI5ZDE0Mjc5&lang=en-us&country=US&usercountry=US&state=Latest&fixtureIds=19070789&offerMapping=All&scoreboardMode=Full
BetMGM,IL,2026,Cam Ward,passing_tds,18.5,Over,-110,1.91,2026-07-19T00:28:40-05:00,1527820803,2212596478,https://cf-us3-cds-api.itsfogo.com/bettingoffer/fixture-view?x-bwin-accessid=ZTg4YWEwMTgtZTlhYy00MWRkLWIzYWYtZjMzODI5ZDE0Mjc5&lang=en-us&country=US&usercountry=US&state=Latest&fixtureIds=19070789&offerMapping=All&scoreboardMode=Full
BetMGM,IL,2026,Cam Ward,passing_tds,18.5,Under,-110,1.91,2026-07-19T00:28:40-05:00,1527820803,2212596479,https://cf-us3-cds-api.itsfogo.com/bettingoffer/fixture-view?x-bwin-accessid=ZTg4YWEwMTgtZTlhYy00MWRkLWIzYWYtZjMzODI5ZDE0Mjc5&lang=en-us&country=US&usercountry=US&state=Latest&fixtureIds=19070789&offerMapping=All&scoreboardMode=Full
BetMGM,IL,2026,Dak Prescott,passing_tds,27.5,Over,-105,1.95,2026-07-19T00:28:40-05:00,1527820822,2212596516,https://cf-us3-cds-api.itsfogo.com/bettingoffer/fixture-view?x-bwin-accessid=ZTg4YWEwMTgtZTlhYy00MWRkLWIzYWYtZjMzODI5ZDE0Mjc5&lang=en-us&country=US&usercountry=US&state=Latest&fixtureIds=19070789&offerMapping=All&scoreboardMode=Full
BetMGM,IL,2026,Dak Prescott,passing_tds,27.5,Under,-115,1.87,2026-07-19T00:28:40-05:00,1527820822,2212596517,https://cf-us3-cds-api.itsfogo.com/bettingoffer/fixture-view?x-bwin-accessid=ZTg4YWEwMTgtZTlhYy00MWRkLWIzYWYtZjMzODI5ZDE0Mjc5&lang=en-us&country=US&usercountry=US&state=Latest&fixtureIds=19070789&offerMapping=All&scoreboardMode=Full
BetMGM,IL,2026,Drake Maye,passing_tds,26.5,Over,100,2.0,2026-07-19T00:28:40-05:00,1527820820,2212596512,https://cf-us3-cds-api.itsfogo.com/bettingoffer/fixture-view?x-bwin-accessid=ZTg4YWEwMTgtZTlhYy00MWRkLWIzYWYtZjMzODI5ZDE0Mjc5&lang=en-us&country=US&usercountry=US&state=Latest&fixtureIds=19070789&offerMapping=All&scoreboardMode=Full
BetMGM,IL,2026,Drake Maye,passing_tds,26.5,Under,-120,1.83,2026-07-19T00:28:40-05:00,1527820820,2212596513,https://cf-us3-cds-api.itsfogo.com/bettingoffer/fixture-view?x-bwin-accessid=ZTg4YWEwMTgtZTlhYy00MWRkLWIzYWYtZjMzODI5ZDE0Mjc5&lang=en-us&country=US&usercountry=US&state=Latest&fixtureIds=19070789&offerMapping=All&scoreboardMode=Full
BetMGM,IL,2026,Fernando Mendoza,passing_tds,12.5,Over,-120,1.83,2026-07-19T00:28:40-05:00,1527820801,2212596474,https://cf-us3-cds-api.itsfogo.com/bettingoffer/fixture-view?x-bwin-accessid=ZTg4YWEwMTgtZTlhYy00MWRkLWIzYWYtZjMzODI5ZDE0Mjc5&lang=en-us&country=US&usercountry=US&state=Latest&fixtureIds=19070789&offerMapping=All&scoreboardMode=Full
BetMGM,IL,2026,Fernando Mendoza,passing_tds,12.5,Under,100,2.0,2026-07-19T00:28:40-05:00,1527820801,2212596475,https://cf-us3-cds-api.itsfogo.com/bettingoffer/fixture-view?x-bwin-accessid=ZTg4YWEwMTgtZTlhYy00MWRkLWIzYWYtZjMzODI5ZDE0Mjc5&lang=en-us&country=US&usercountry=US&state=Latest&fixtureIds=19070789&offerMapping=All&scoreboardMode=Full
BetMGM,IL,2026,Jalen Hurts,passing_tds,22.5,Over,-105,1.95,2026-07-19T00:28:40-05:00,1527820810,2212596492,https://cf-us3-cds-api.itsfogo.com/bettingoffer/fixture-view?x-bwin-accessid=ZTg4YWEwMTgtZTlhYy00MWRkLWIzYWYtZjMzODI5ZDE0Mjc5&lang=en-us&country=US&usercountry=US&state=Latest&fixtureIds=19070789&offerMapping=All&scoreboardMode=Full
BetMGM,IL,2026,Jalen Hurts,passing_tds,22.5,Under,-115,1.87,2026-07-19T00:28:40-05:00,1527820810,2212596493,https://cf-us3-cds-api.itsfogo.com/bettingoffer/fixture-view?x-bwin-accessid=ZTg4YWEwMTgtZTlhYy00MWRkLWIzYWYtZjMzODI5ZDE0Mjc5&lang=en-us&country=US&usercountry=US&state=Latest&fixtureIds=19070789&offerMapping=All&scoreboardMode=Full
BetMGM,IL,2026,Jared Goff,passing_tds,29.5,Over,-110,1.91,2026-07-19T00:28:40-05:00,1527820823,2212596518,https://cf-us3-cds-api.itsfogo.com/bettingoffer/fixture-view?x-bwin-accessid=ZTg4YWEwMTgtZTlhYy00MWRkLWIzYWYtZjMzODI5ZDE0Mjc5&lang=en-us&country=US&usercountry=US&state=Latest&fixtureIds=19070789&offerMapping=All&scoreboardMode=Full
BetMGM,IL,2026,Jared Goff,passing_tds,29.5,Under,-110,1.91,2026-07-19T00:28:40-05:00,1527820823,2212596519,https://cf-us3-cds-api.itsfogo.com/bettingoffer/fixture-view?x-bwin-accessid=ZTg4YWEwMTgtZTlhYy00MWRkLWIzYWYtZjMzODI5ZDE0Mjc5&lang=en-us&country=US&usercountry=US&state=Latest&fixtureIds=19070789&offerMapping=All&scoreboardMode=Full
BetMGM,IL,2026,Jaxson Dart,passing_tds,19.5,Over,-115,1.87,2026-07-19T00:28:40-05:00,1527820804,2212596480,https://cf-us3-cds-api.itsfogo.com/bettingoffer/fixture-view?x-bwin-accessid=ZTg4YWEwMTgtZTlhYy00MWRkLWIzYWYtZjMzODI5ZDE0Mjc5&lang=en-us&country=US&usercountry=US&state=Latest&fixtureIds=19070789&offerMapping=All&scoreboardMode=Full
BetMGM,IL,2026,Jaxson Dart,passing_tds,19.5,Under,-105,1.95,2026-07-19T00:28:40-05:00,1527820804,2212596481,https://cf-us3-cds-api.itsfogo.com/bettingoffer/fixture-view?x-bwin-accessid=ZTg4YWEwMTgtZTlhYy00MWRkLWIzYWYtZjMzODI5ZDE0Mjc5&lang=en-us&country=US&usercountry=US&state=Latest&fixtureIds=19070789&offerMapping=All&scoreboardMode=Full
BetMGM,IL,2026,Jayden Daniels,passing_tds,21.5,Over,-110,1.91,2026-07-19T00:28:40-05:00,1527820808,2212596488,https://cf-us3-cds-api.itsfogo.com/bettingoffer/fixture-view?x-bwin-accessid=ZTg4YWEwMTgtZTlhYy00MWRkLWIzYWYtZjMzODI5ZDE0Mjc5&lang=en-us&country=US&usercountry=US&state=Latest&fixtureIds=19070789&offerMapping=All&scoreboardMode=Full
BetMGM,IL,2026,Jayden Daniels,passing_tds,21.5,Under,-110,1.91,2026-07-19T00:28:40-05:00,1527820808,2212596489,https://cf-us3-cds-api.itsfogo.com/bettingoffer/fixture-view?x-bwin-accessid=ZTg4YWEwMTgtZTlhYy00MWRkLWIzYWYtZjMzODI5ZDE0Mjc5&lang=en-us&country=US&usercountry=US&state=Latest&fixtureIds=19070789&offerMapping=All&scoreboardMode=Full
BetMGM,IL,2026,Joe Burrow,passing_tds,32.5,Over,-118,1.85,2026-07-19T00:28:40-05:00,1527820825,2212596522,https://cf-us3-cds-api.itsfogo.com/bettingoffer/fixture-view?x-bwin-accessid=ZTg4YWEwMTgtZTlhYy00MWRkLWIzYWYtZjMzODI5ZDE0Mjc5&lang=en-us&country=US&usercountry=US&state=Latest&fixtureIds=19070789&offerMapping=All&scoreboardMode=Full
BetMGM,IL,2026,Joe Burrow,passing_tds,32.5,Under,-102,1.98,2026-07-19T00:28:40-05:00,1527820825,2212596523,https://cf-us3-cds-api.itsfogo.com/bettingoffer/fixture-view?x-bwin-accessid=ZTg4YWEwMTgtZTlhYy00MWRkLWIzYWYtZjMzODI5ZDE0Mjc5&lang=en-us&country=US&usercountry=US&state=Latest&fixtureIds=19070789&offerMapping=All&scoreboardMode=Full
BetMGM,IL,2026,Jordan Love,passing_tds,24.5,Over,-105,1.95,2026-07-19T00:28:40-05:00,1527820817,2212596506,https://cf-us3-cds-api.itsfogo.com/bettingoffer/fixture-view?x-bwin-accessid=ZTg4YWEwMTgtZTlhYy00MWRkLWIzYWYtZjMzODI5ZDE0Mjc5&lang=en-us&country=US&usercountry=US&state=Latest&fixtureIds=19070789&offerMapping=All&scoreboardMode=Full
BetMGM,IL,2026,Jordan Love,passing_tds,24.5,Under,-115,1.87,2026-07-19T00:28:40-05:00,1527820817,2212596507,https://cf-us3-cds-api.itsfogo.com/bettingoffer/fixture-view?x-bwin-accessid=ZTg4YWEwMTgtZTlhYy00MWRkLWIzYWYtZjMzODI5ZDE0Mjc5&lang=en-us&country=US&usercountry=US&state=Latest&fixtureIds=19070789&offerMapping=All&scoreboardMode=Full
BetMGM,IL,2026,Josh Allen,passing_tds,24.5,Over,-110,1.91,2026-07-19T00:28:40-05:00,1527820815,2212596502,https://cf-us3-cds-api.itsfogo.com/bettingoffer/fixture-view?x-bwin-accessid=ZTg4YWEwMTgtZTlhYy00MWRkLWIzYWYtZjMzODI5ZDE0Mjc5&lang=en-us&country=US&usercountry=US&state=Latest&fixtureIds=19070789&offerMapping=All&scoreboardMode=Full
BetMGM,IL,2026,Josh Allen,passing_tds,24.5,Under,-110,1.91,2026-07-19T00:28:40-05:00,1527820815,2212596503,https://cf-us3-cds-api.itsfogo.com/bettingoffer/fixture-view?x-bwin-accessid=ZTg4YWEwMTgtZTlhYy00MWRkLWIzYWYtZjMzODI5ZDE0Mjc5&lang=en-us&country=US&usercountry=US&state=Latest&fixtureIds=19070789&offerMapping=All&scoreboardMode=Full
BetMGM,IL,2026,Justin Herbert,passing_tds,24.5,Over,-120,1.83,2026-07-19T00:28:40-05:00,1527820816,2212596504,https://cf-us3-cds-api.itsfogo.com/bettingoffer/fixture-view?x-bwin-accessid=ZTg4YWEwMTgtZTlhYy00MWRkLWIzYWYtZjMzODI5ZDE0Mjc5&lang=en-us&country=US&usercountry=US&state=Latest&fixtureIds=19070789&offerMapping=All&scoreboardMode=Full
BetMGM,IL,2026,Justin Herbert,passing_tds,24.5,Under,100,2.0,2026-07-19T00:28:40-05:00,1527820816,2212596505,https://cf-us3-cds-api.itsfogo.com/bettingoffer/fixture-view?x-bwin-accessid=ZTg4YWEwMTgtZTlhYy00MWRkLWIzYWYtZjMzODI5ZDE0Mjc5&lang=en-us&country=US&usercountry=US&state=Latest&fixtureIds=19070789&offerMapping=All&scoreboardMode=Full
BetMGM,IL,2026,Lamar Jackson,passing_tds,24.5,Over,-118,1.85,2026-07-19T00:28:40-05:00,1527820813,2212596498,https://cf-us3-cds-api.itsfogo.com/bettingoffer/fixture-view?x-bwin-accessid=ZTg4YWEwMTgtZTlhYy00MWRkLWIzYWYtZjMzODI5ZDE0Mjc5&lang=en-us&country=US&usercountry=US&state=Latest&fixtureIds=19070789&offerMapping=All&scoreboardMode=Full
BetMGM,IL,2026,Lamar Jackson,passing_tds,24.5,Under,-102,1.98,2026-07-19T00:28:40-05:00,1527820813,2212596499,https://cf-us3-cds-api.itsfogo.com/bettingoffer/fixture-view?x-bwin-accessid=ZTg4YWEwMTgtZTlhYy00MWRkLWIzYWYtZjMzODI5ZDE0Mjc5&lang=en-us&country=US&usercountry=US&state=Latest&fixtureIds=19070789&offerMapping=All&scoreboardMode=Full
BetMGM,IL,2026,Malik Willis,passing_tds,14.5,Over,100,2.0,2026-07-19T00:28:40-05:00,1540846718,2247612416,https://cf-us3-cds-api.itsfogo.com/bettingoffer/fixture-view?x-bwin-accessid=ZTg4YWEwMTgtZTlhYy00MWRkLWIzYWYtZjMzODI5ZDE0Mjc5&lang=en-us&country=US&usercountry=US&state=Latest&fixtureIds=19070789&offerMapping=All&scoreboardMode=Full
BetMGM,IL,2026,Malik Willis,passing_tds,14.5,Under,-120,1.83,2026-07-19T00:28:40-05:00,1540846718,2247612417,https://cf-us3-cds-api.itsfogo.com/bettingoffer/fixture-view?x-bwin-accessid=ZTg4YWEwMTgtZTlhYy00MWRkLWIzYWYtZjMzODI5ZDE0Mjc5&lang=en-us&country=US&usercountry=US&state=Latest&fixtureIds=19070789&offerMapping=All&scoreboardMode=Full
BetMGM,IL,2026,Matthew Stafford,passing_tds,30.5,Over,-110,1.91,2026-07-19T00:28:40-05:00,1527820824,2212596520,https://cf-us3-cds-api.itsfogo.com/bettingoffer/fixture-view?x-bwin-accessid=ZTg4YWEwMTgtZTlhYy00MWRkLWIzYWYtZjMzODI5ZDE0Mjc5&lang=en-us&country=US&usercountry=US&state=Latest&fixtureIds=19070789&offerMapping=All&scoreboardMode=Full
BetMGM,IL,2026,Matthew Stafford,passing_tds,30.5,Under,-110,1.91,2026-07-19T00:28:40-05:00,1527820824,2212596521,https://cf-us3-cds-api.itsfogo.com/bettingoffer/fixture-view?x-bwin-accessid=ZTg4YWEwMTgtZTlhYy00MWRkLWIzYWYtZjMzODI5ZDE0Mjc5&lang=en-us&country=US&usercountry=US&state=Latest&fixtureIds=19070789&offerMapping=All&scoreboardMode=Full
BetMGM,IL,2026,Sam Darnold,passing_tds,23.5,Over,-115,1.87,2026-07-19T00:28:40-05:00,1527820811,2212596494,https://cf-us3-cds-api.itsfogo.com/bettingoffer/fixture-view?x-bwin-accessid=ZTg4YWEwMTgtZTlhYy00MWRkLWIzYWYtZjMzODI5ZDE0Mjc5&lang=en-us&country=US&usercountry=US&state=Latest&fixtureIds=19070789&offerMapping=All&scoreboardMode=Full
BetMGM,IL,2026,Sam Darnold,passing_tds,23.5,Under,-105,1.95,2026-07-19T00:28:40-05:00,1527820811,2212596495,https://cf-us3-cds-api.itsfogo.com/bettingoffer/fixture-view?x-bwin-accessid=ZTg4YWEwMTgtZTlhYy00MWRkLWIzYWYtZjMzODI5ZDE0Mjc5&lang=en-us&country=US&usercountry=US&state=Latest&fixtureIds=19070789&offerMapping=All&scoreboardMode=Full
BetMGM,IL,2026,Trevor Lawrence,passing_tds,25.5,Over,-105,1.95,2026-07-19T00:28:40-05:00,1527820818,2212596508,https://cf-us3-cds-api.itsfogo.com/bettingoffer/fixture-view?x-bwin-accessid=ZTg4YWEwMTgtZTlhYy00MWRkLWIzYWYtZjMzODI5ZDE0Mjc5&lang=en-us&country=US&usercountry=US&state=Latest&fixtureIds=19070789&offerMapping=All&scoreboardMode=Full
BetMGM,IL,2026,Trevor Lawrence,passing_tds,25.5,Under,-115,1.87,2026-07-19T00:28:40-05:00,1527820818,2212596509,https://cf-us3-cds-api.itsfogo.com/bettingoffer/fixture-view?x-bwin-accessid=ZTg4YWEwMTgtZTlhYy00MWRkLWIzYWYtZjMzODI5ZDE0Mjc5&lang=en-us&country=US&usercountry=US&state=Latest&fixtureIds=19070789&offerMapping=All&scoreboardMode=Full
BetMGM,IL,2026,Tyler Shough,passing_tds,20.5,Over,-120,1.83,2026-07-19T00:28:40-05:00,1527820805,2212596482,https://cf-us3-cds-api.itsfogo.com/bettingoffer/fixture-view?x-bwin-accessid=ZTg4YWEwMTgtZTlhYy00MWRkLWIzYWYtZjMzODI5ZDE0Mjc5&lang=en-us&country=US&usercountry=US&state=Latest&fixtureIds=19070789&offerMapping=All&scoreboardMode=Full
BetMGM,IL,2026,Tyler Shough,passing_tds,20.5,Under,100,2.0,2026-07-19T00:28:40-05:00,1527820805,2212596483,https://cf-us3-cds-api.itsfogo.com/bettingoffer/fixture-view?x-bwin-accessid=ZTg4YWEwMTgtZTlhYy00MWRkLWIzYWYtZjMzODI5ZDE0Mjc5&lang=en-us&country=US&usercountry=US&state=Latest&fixtureIds=19070789&offerMapping=All&scoreboardMode=Full
BetMGM,IL,2026,Ashton Jeanty,rushing_yards,950.5,Over,-110,1.91,2026-07-19T00:28:40-05:00,1540812861,2247513163,https://cf-us3-cds-api.itsfogo.com/bettingoffer/fixture-view?x-bwin-accessid=ZTg4YWEwMTgtZTlhYy00MWRkLWIzYWYtZjMzODI5ZDE0Mjc5&lang=en-us&country=US&usercountry=US&state=Latest&fixtureIds=19070789&offerMapping=All&scoreboardMode=Full
BetMGM,IL,2026,Ashton Jeanty,rushing_yards,950.5,Under,-110,1.91,2026-07-19T00:28:40-05:00,1540812861,2247513164,https://cf-us3-cds-api.itsfogo.com/bettingoffer/fixture-view?x-bwin-accessid=ZTg4YWEwMTgtZTlhYy00MWRkLWIzYWYtZjMzODI5ZDE0Mjc5&lang=en-us&country=US&usercountry=US&state=Latest&fixtureIds=19070789&offerMapping=All&scoreboardMode=Full
BetMGM,IL,2026,Bhayshul Tuten,rushing_yards,700.5,Over,100,2.0,2026-07-19T00:28:40-05:00,1530370646,2219153622,https://cf-us3-cds-api.itsfogo.com/bettingoffer/fixture-view?x-bwin-accessid=ZTg4YWEwMTgtZTlhYy00MWRkLWIzYWYtZjMzODI5ZDE0Mjc5&lang=en-us&country=US&usercountry=US&state=Latest&fixtureIds=19070789&offerMapping=All&scoreboardMode=Full
BetMGM,IL,2026,Bhayshul Tuten,rushing_yards,700.5,Under,-120,1.83,2026-07-19T00:28:40-05:00,1530370646,2219153623,https://cf-us3-cds-api.itsfogo.com/bettingoffer/fixture-view?x-bwin-accessid=ZTg4YWEwMTgtZTlhYy00MWRkLWIzYWYtZjMzODI5ZDE0Mjc5&lang=en-us&country=US&usercountry=US&state=Latest&fixtureIds=19070789&offerMapping=All&scoreboardMode=Full
BetMGM,IL,2026,Bijan Robinson,rushing_yards,1150.5,Over,-110,1.91,2026-07-19T00:28:40-05:00,1540815902,2247523880,https://cf-us3-cds-api.itsfogo.com/bettingoffer/fixture-view?x-bwin-accessid=ZTg4YWEwMTgtZTlhYy00MWRkLWIzYWYtZjMzODI5ZDE0Mjc5&lang=en-us&country=US&usercountry=US&state=Latest&fixtureIds=19070789&offerMapping=All&scoreboardMode=Full
BetMGM,IL,2026,Bijan Robinson,rushing_yards,1150.5,Under,-110,1.91,2026-07-19T00:28:40-05:00,1540815902,2247523881,https://cf-us3-cds-api.itsfogo.com/bettingoffer/fixture-view?x-bwin-accessid=ZTg4YWEwMTgtZTlhYy00MWRkLWIzYWYtZjMzODI5ZDE0Mjc5&lang=en-us&country=US&usercountry=US&state=Latest&fixtureIds=19070789&offerMapping=All&scoreboardMode=Full
BetMGM,IL,2026,Breece Hall,rushing_yards,900.5,Over,100,2.0,2026-07-19T00:28:40-05:00,1527402097,2211494902,https://cf-us3-cds-api.itsfogo.com/bettingoffer/fixture-view?x-bwin-accessid=ZTg4YWEwMTgtZTlhYy00MWRkLWIzYWYtZjMzODI5ZDE0Mjc5&lang=en-us&country=US&usercountry=US&state=Latest&fixtureIds=19070789&offerMapping=All&scoreboardMode=Full
BetMGM,IL,2026,Breece Hall,rushing_yards,900.5,Under,-120,1.83,2026-07-19T00:28:40-05:00,1527402097,2211494903,https://cf-us3-cds-api.itsfogo.com/bettingoffer/fixture-view?x-bwin-accessid=ZTg4YWEwMTgtZTlhYy00MWRkLWIzYWYtZjMzODI5ZDE0Mjc5&lang=en-us&country=US&usercountry=US&state=Latest&fixtureIds=19070789&offerMapping=All&scoreboardMode=Full
BetMGM,IL,2026,Bucky Irving,rushing_yards,800.5,Over,-115,1.87,2026-07-19T00:28:40-05:00,1530370650,2219153630,https://cf-us3-cds-api.itsfogo.com/bettingoffer/fixture-view?x-bwin-accessid=ZTg4YWEwMTgtZTlhYy00MWRkLWIzYWYtZjMzODI5ZDE0Mjc5&lang=en-us&country=US&usercountry=US&state=Latest&fixtureIds=19070789&offerMapping=All&scoreboardMode=Full
BetMGM,IL,2026,Bucky Irving,rushing_yards,800.5,Under,-105,1.95,2026-07-19T00:28:40-05:00,1530370650,2219153631,https://cf-us3-cds-api.itsfogo.com/bettingoffer/fixture-view?x-bwin-accessid=ZTg4YWEwMTgtZTlhYy00MWRkLWIzYWYtZjMzODI5ZDE0Mjc5&lang=en-us&country=US&usercountry=US&state=Latest&fixtureIds=19070789&offerMapping=All&scoreboardMode=Full
BetMGM,IL,2026,Chase Brown,rushing_yards,825.5,Over,-110,1.91,2026-07-19T00:28:40-05:00,1530370651,2219153632,https://cf-us3-cds-api.itsfogo.com/bettingoffer/fixture-view?x-bwin-accessid=ZTg4YWEwMTgtZTlhYy00MWRkLWIzYWYtZjMzODI5ZDE0Mjc5&lang=en-us&country=US&usercountry=US&state=Latest&fixtureIds=19070789&offerMapping=All&scoreboardMode=Full
BetMGM,IL,2026,Chase Brown,rushing_yards,825.5,Under,-110,1.91,2026-07-19T00:28:40-05:00,1530370651,2219153633,https://cf-us3-cds-api.itsfogo.com/bettingoffer/fixture-view?x-bwin-accessid=ZTg4YWEwMTgtZTlhYy00MWRkLWIzYWYtZjMzODI5ZDE0Mjc5&lang=en-us&country=US&usercountry=US&state=Latest&fixtureIds=19070789&offerMapping=All&scoreboardMode=Full
BetMGM,IL,2026,Christian McCaffrey,rushing_yards,950.5,Over,-110,1.91,2026-07-19T00:28:40-05:00,1512596739,2173486793,https://cf-us3-cds-api.itsfogo.com/bettingoffer/fixture-view?x-bwin-accessid=ZTg4YWEwMTgtZTlhYy00MWRkLWIzYWYtZjMzODI5ZDE0Mjc5&lang=en-us&country=US&usercountry=US&state=Latest&fixtureIds=19070789&offerMapping=All&scoreboardMode=Full
BetMGM,IL,2026,Christian McCaffrey,rushing_yards,950.5,Under,-110,1.91,2026-07-19T00:28:40-05:00,1512596739,2173486794,https://cf-us3-cds-api.itsfogo.com/bettingoffer/fixture-view?x-bwin-accessid=ZTg4YWEwMTgtZTlhYy00MWRkLWIzYWYtZjMzODI5ZDE0Mjc5&lang=en-us&country=US&usercountry=US&state=Latest&fixtureIds=19070789&offerMapping=All&scoreboardMode=Full
BetMGM,IL,2026,David Montgomery,rushing_yards,824.5,Over,-115,1.87,2026-07-19T00:28:40-05:00,1543506851,2255352700,https://cf-us3-cds-api.itsfogo.com/bettingoffer/fixture-view?x-bwin-accessid=ZTg4YWEwMTgtZTlhYy00MWRkLWIzYWYtZjMzODI5ZDE0Mjc5&lang=en-us&country=US&usercountry=US&state=Latest&fixtureIds=19070789&offerMapping=All&scoreboardMode=Full
BetMGM,IL,2026,David Montgomery,rushing_yards,824.5,Under,-115,1.87,2026-07-19T00:28:40-05:00,1543506851,2255352701,https://cf-us3-cds-api.itsfogo.com/bettingoffer/fixture-view?x-bwin-accessid=ZTg4YWEwMTgtZTlhYy00MWRkLWIzYWYtZjMzODI5ZDE0Mjc5&lang=en-us&country=US&usercountry=US&state=Latest&fixtureIds=19070789&offerMapping=All&scoreboardMode=Full
BetMGM,IL,2026,De'Von Achane,rushing_yards,1000.5,Over,-115,1.87,2026-07-19T00:28:40-05:00,1527390230,2211461129,https://cf-us3-cds-api.itsfogo.com/bettingoffer/fixture-view?x-bwin-accessid=ZTg4YWEwMTgtZTlhYy00MWRkLWIzYWYtZjMzODI5ZDE0Mjc5&lang=en-us&country=US&usercountry=US&state=Latest&fixtureIds=19070789&offerMapping=All&scoreboardMode=Full
BetMGM,IL,2026,De'Von Achane,rushing_yards,1000.5,Under,-105,1.95,2026-07-19T00:28:40-05:00,1527390230,2211461130,https://cf-us3-cds-api.itsfogo.com/bettingoffer/fixture-view?x-bwin-accessid=ZTg4YWEwMTgtZTlhYy00MWRkLWIzYWYtZjMzODI5ZDE0Mjc5&lang=en-us&country=US&usercountry=US&state=Latest&fixtureIds=19070789&offerMapping=All&scoreboardMode=Full
BetMGM,IL,2026,Derrick Henry,rushing_yards,1250.5,Over,-115,1.87,2026-07-19T00:28:40-05:00,1512596750,2173486814,https://cf-us3-cds-api.itsfogo.com/bettingoffer/fixture-view?x-bwin-accessid=ZTg4YWEwMTgtZTlhYy00MWRkLWIzYWYtZjMzODI5ZDE0Mjc5&lang=en-us&country=US&usercountry=US&state=Latest&fixtureIds=19070789&offerMapping=All&scoreboardMode=Full
BetMGM,IL,2026,Derrick Henry,rushing_yards,1250.5,Under,-105,1.95,2026-07-19T00:28:40-05:00,1512596750,2173486815,https://cf-us3-cds-api.itsfogo.com/bettingoffer/fixture-view?x-bwin-accessid=ZTg4YWEwMTgtZTlhYy00MWRkLWIzYWYtZjMzODI5ZDE0Mjc5&lang=en-us&country=US&usercountry=US&state=Latest&fixtureIds=19070789&offerMapping=All&scoreboardMode=Full
BetMGM,IL,2026,Drake Maye,rushing_yards,400.5,Over,-115,1.87,2026-07-19T00:28:40-05:00,1527402091,2211494890,https://cf-us3-cds-api.itsfogo.com/bettingoffer/fixture-view?x-bwin-accessid=ZTg4YWEwMTgtZTlhYy00MWRkLWIzYWYtZjMzODI5ZDE0Mjc5&lang=en-us&country=US&usercountry=US&state=Latest&fixtureIds=19070789&offerMapping=All&scoreboardMode=Full
BetMGM,IL,2026,Drake Maye,rushing_yards,400.5,Under,-105,1.95,2026-07-19T00:28:40-05:00,1527402091,2211494891,https://cf-us3-cds-api.itsfogo.com/bettingoffer/fixture-view?x-bwin-accessid=ZTg4YWEwMTgtZTlhYy00MWRkLWIzYWYtZjMzODI5ZDE0Mjc5&lang=en-us&country=US&usercountry=US&state=Latest&fixtureIds=19070789&offerMapping=All&scoreboardMode=Full
BetMGM,IL,2026,Jacory Croskey-Merritt,rushing_yards,525.5,Over,-125,1.8,2026-07-19T00:28:40-05:00,1530370640,2219153608,https://cf-us3-cds-api.itsfogo.com/bettingoffer/fixture-view?x-bwin-accessid=ZTg4YWEwMTgtZTlhYy00MWRkLWIzYWYtZjMzODI5ZDE0Mjc5&lang=en-us&country=US&usercountry=US&state=Latest&fixtureIds=19070789&offerMapping=All&scoreboardMode=Full
BetMGM,IL,2026,Jacory Croskey-Merritt,rushing_yards,525.5,Under,105,2.05,2026-07-19T00:28:40-05:00,1530370640,2219153609,https://cf-us3-cds-api.itsfogo.com/bettingoffer/fixture-view?x-bwin-accessid=ZTg4YWEwMTgtZTlhYy00MWRkLWIzYWYtZjMzODI5ZDE0Mjc5&lang=en-us&country=US&usercountry=US&state=Latest&fixtureIds=19070789&offerMapping=All&scoreboardMode=Full
BetMGM,IL,2026,Jadarian Price,rushing_yards,750.5,Over,-115,1.87,2026-07-19T00:28:40-05:00,1530370649,2219153628,https://cf-us3-cds-api.itsfogo.com/bettingoffer/fixture-view?x-bwin-accessid=ZTg4YWEwMTgtZTlhYy00MWRkLWIzYWYtZjMzODI5ZDE0Mjc5&lang=en-us&country=US&usercountry=US&state=Latest&fixtureIds=19070789&offerMapping=All&scoreboardMode=Full
BetMGM,IL,2026,Jadarian Price,rushing_yards,750.5,Under,-105,1.95,2026-07-19T00:28:40-05:00,1530370649,2219153629,https://cf-us3-cds-api.itsfogo.com/bettingoffer/fixture-view?x-bwin-accessid=ZTg4YWEwMTgtZTlhYy00MWRkLWIzYWYtZjMzODI5ZDE0Mjc5&lang=en-us&country=US&usercountry=US&state=Latest&fixtureIds=19070789&offerMapping=All&scoreboardMode=Full
BetMGM,IL,2026,Jahmyr Gibbs,rushing_yards,1225.5,Over,-105,1.95,2026-07-19T00:28:40-05:00,1512596746,2173486808,https://cf-us3-cds-api.itsfogo.com/bettingoffer/fixture-view?x-bwin-accessid=ZTg4YWEwMTgtZTlhYy00MWRkLWIzYWYtZjMzODI5ZDE0Mjc5&lang=en-us&country=US&usercountry=US&state=Latest&fixtureIds=19070789&offerMapping=All&scoreboardMode=Full
BetMGM,IL,2026,Jahmyr Gibbs,rushing_yards,1225.5,Under,-115,1.87,2026-07-19T00:28:40-05:00,1512596746,2173486809,https://cf-us3-cds-api.itsfogo.com/bettingoffer/fixture-view?x-bwin-accessid=ZTg4YWEwMTgtZTlhYy00MWRkLWIzYWYtZjMzODI5ZDE0Mjc5&lang=en-us&country=US&usercountry=US&state=Latest&fixtureIds=19070789&offerMapping=All&scoreboardMode=Full
BetMGM,IL,2026,Jalen Hurts,rushing_yards,400.5,Over,-110,1.91,2026-07-19T00:28:40-05:00,1527402090,2211494886,https://cf-us3-cds-api.itsfogo.com/bettingoffer/fixture-view?x-bwin-accessid=ZTg4YWEwMTgtZTlhYy00MWRkLWIzYWYtZjMzODI5ZDE0Mjc5&lang=en-us&country=US&usercountry=US&state=Latest&fixtureIds=19070789&offerMapping=All&scoreboardMode=Full
BetMGM,IL,2026,Jalen Hurts,rushing_yards,400.5,Under,-110,1.91,2026-07-19T00:28:40-05:00,1527402090,2211494887,https://cf-us3-cds-api.itsfogo.com/bettingoffer/fixture-view?x-bwin-accessid=ZTg4YWEwMTgtZTlhYy00MWRkLWIzYWYtZjMzODI5ZDE0Mjc5&lang=en-us&country=US&usercountry=US&state=Latest&fixtureIds=19070789&offerMapping=All&scoreboardMode=Full
BetMGM,IL,2026,James Cook,rushing_yards,1250.5,Over,-110,1.91,2026-07-19T00:28:40-05:00,1512596749,2173486812,https://cf-us3-cds-api.itsfogo.com/bettingoffer/fixture-view?x-bwin-accessid=ZTg4YWEwMTgtZTlhYy00MWRkLWIzYWYtZjMzODI5ZDE0Mjc5&lang=en-us&country=US&usercountry=US&state=Latest&fixtureIds=19070789&offerMapping=All&scoreboardMode=Full
BetMGM,IL,2026,James Cook,rushing_yards,1250.5,Under,-110,1.91,2026-07-19T00:28:40-05:00,1512596749,2173486813,https://cf-us3-cds-api.itsfogo.com/bettingoffer/fixture-view?x-bwin-accessid=ZTg4YWEwMTgtZTlhYy00MWRkLWIzYWYtZjMzODI5ZDE0Mjc5&lang=en-us&country=US&usercountry=US&state=Latest&fixtureIds=19070789&offerMapping=All&scoreboardMode=Full
BetMGM,IL,2026,Javonte Williams,rushing_yards,950.5,Over,-105,1.95,2026-07-19T00:28:40-05:00,1540836832,2247585670,https://cf-us3-cds-api.itsfogo.com/bettingoffer/fixture-view?x-bwin-accessid=ZTg4YWEwMTgtZTlhYy00MWRkLWIzYWYtZjMzODI5ZDE0Mjc5&lang=en-us&country=US&usercountry=US&state=Latest&fixtureIds=19070789&offerMapping=All&scoreboardMode=Full
BetMGM,IL,2026,Javonte Williams,rushing_yards,950.5,Under,-115,1.87,2026-07-19T00:28:40-05:00,1540836832,2247585671,https://cf-us3-cds-api.itsfogo.com/bettingoffer/fixture-view?x-bwin-accessid=ZTg4YWEwMTgtZTlhYy00MWRkLWIzYWYtZjMzODI5ZDE0Mjc5&lang=en-us&country=US&usercountry=US&state=Latest&fixtureIds=19070789&offerMapping=All&scoreboardMode=Full
BetMGM,IL,2026,Jaxson Dart,rushing_yards,425.5,Over,-115,1.87,2026-07-19T00:28:40-05:00,1527402092,2211494892,https://cf-us3-cds-api.itsfogo.com/bettingoffer/fixture-view?x-bwin-accessid=ZTg4YWEwMTgtZTlhYy00MWRkLWIzYWYtZjMzODI5ZDE0Mjc5&lang=en-us&country=US&usercountry=US&state=Latest&fixtureIds=19070789&offerMapping=All&scoreboardMode=Full
BetMGM,IL,2026,Jaxson Dart,rushing_yards,425.5,Under,-105,1.95,2026-07-19T00:28:40-05:00,1527402092,2211494893,https://cf-us3-cds-api.itsfogo.com/bettingoffer/fixture-view?x-bwin-accessid=ZTg4YWEwMTgtZTlhYy00MWRkLWIzYWYtZjMzODI5ZDE0Mjc5&lang=en-us&country=US&usercountry=US&state=Latest&fixtureIds=19070789&offerMapping=All&scoreboardMode=Full
BetMGM,IL,2026,Jaylen Warren,rushing_yards,600.5,Over,-105,1.95,2026-07-19T00:28:40-05:00,1530370642,2219153614,https://cf-us3-cds-api.itsfogo.com/bettingoffer/fixture-view?x-bwin-accessid=ZTg4YWEwMTgtZTlhYy00MWRkLWIzYWYtZjMzODI5ZDE0Mjc5&lang=en-us&country=US&usercountry=US&state=Latest&fixtureIds=19070789&offerMapping=All&scoreboardMode=Full
BetMGM,IL,2026,Jaylen Warren,rushing_yards,600.5,Under,-115,1.87,2026-07-19T00:28:40-05:00,1530370642,2219153615,https://cf-us3-cds-api.itsfogo.com/bettingoffer/fixture-view?x-bwin-accessid=ZTg4YWEwMTgtZTlhYy00MWRkLWIzYWYtZjMzODI5ZDE0Mjc5&lang=en-us&country=US&usercountry=US&state=Latest&fixtureIds=19070789&offerMapping=All&scoreboardMode=Full
BetMGM,IL,2026,Jeremiyah Love,rushing_yards,900.5,Over,-110,1.91,2026-07-19T00:28:40-05:00,1512596736,2173486787,https://cf-us3-cds-api.itsfogo.com/bettingoffer/fixture-view?x-bwin-accessid=ZTg4YWEwMTgtZTlhYy00MWRkLWIzYWYtZjMzODI5ZDE0Mjc5&lang=en-us&country=US&usercountry=US&state=Latest&fixtureIds=19070789&offerMapping=All&scoreboardMode=Full
BetMGM,IL,2026,Jeremiyah Love,rushing_yards,900.5,Under,-110,1.91,2026-07-19T00:28:40-05:00,1512596736,2173486788,https://cf-us3-cds-api.itsfogo.com/bettingoffer/fixture-view?x-bwin-accessid=ZTg4YWEwMTgtZTlhYy00MWRkLWIzYWYtZjMzODI5ZDE0Mjc5&lang=en-us&country=US&usercountry=US&state=Latest&fixtureIds=19070789&offerMapping=All&scoreboardMode=Full
BetMGM,IL,2026,Jonathan Taylor,rushing_yards,1250.5,Over,-105,1.95,2026-07-19T00:28:40-05:00,1512596748,2173486810,https://cf-us3-cds-api.itsfogo.com/bettingoffer/fixture-view?x-bwin-accessid=ZTg4YWEwMTgtZTlhYy00MWRkLWIzYWYtZjMzODI5ZDE0Mjc5&lang=en-us&country=US&usercountry=US&state=Latest&fixtureIds=19070789&offerMapping=All&scoreboardMode=Full
BetMGM,IL,2026,Jonathan Taylor,rushing_yards,1250.5,Under,-115,1.87,2026-07-19T00:28:40-05:00,1512596748,2173486811,https://cf-us3-cds-api.itsfogo.com/bettingoffer/fixture-view?x-bwin-accessid=ZTg4YWEwMTgtZTlhYy00MWRkLWIzYWYtZjMzODI5ZDE0Mjc5&lang=en-us&country=US&usercountry=US&state=Latest&fixtureIds=19070789&offerMapping=All&scoreboardMode=Full
BetMGM,IL,2026,Jordan Mason,rushing_yards,625.5,Over,-115,1.87,2026-07-19T00:28:40-05:00,1530370645,2219153620,https://cf-us3-cds-api.itsfogo.com/bettingoffer/fixture-view?x-bwin-accessid=ZTg4YWEwMTgtZTlhYy00MWRkLWIzYWYtZjMzODI5ZDE0Mjc5&lang=en-us&country=US&usercountry=US&state=Latest&fixtureIds=19070789&offerMapping=All&scoreboardMode=Full
BetMGM,IL,2026,Jordan Mason,rushing_yards,625.5,Under,-105,1.95,2026-07-19T00:28:40-05:00,1530370645,2219153621,https://cf-us3-cds-api.itsfogo.com/bettingoffer/fixture-view?x-bwin-accessid=ZTg4YWEwMTgtZTlhYy00MWRkLWIzYWYtZjMzODI5ZDE0Mjc5&lang=en-us&country=US&usercountry=US&state=Latest&fixtureIds=19070789&offerMapping=All&scoreboardMode=Full
BetMGM,IL,2026,Josh Allen,rushing_yards,500.5,Over,-110,1.91,2026-07-19T00:28:40-05:00,1527402093,2211494894,https://cf-us3-cds-api.itsfogo.com/bettingoffer/fixture-view?x-bwin-accessid=ZTg4YWEwMTgtZTlhYy00MWRkLWIzYWYtZjMzODI5ZDE0Mjc5&lang=en-us&country=US&usercountry=US&state=Latest&fixtureIds=19070789&offerMapping=All&scoreboardMode=Full
BetMGM,IL,2026,Josh Allen,rushing_yards,500.5,Under,-110,1.91,2026-07-19T00:28:40-05:00,1527402093,2211494895,https://cf-us3-cds-api.itsfogo.com/bettingoffer/fixture-view?x-bwin-accessid=ZTg4YWEwMTgtZTlhYy00MWRkLWIzYWYtZjMzODI5ZDE0Mjc5&lang=en-us&country=US&usercountry=US&state=Latest&fixtureIds=19070789&offerMapping=All&scoreboardMode=Full
BetMGM,IL,2026,Justin Herbert,rushing_yards,300.5,Over,-110,1.91,2026-07-19T00:28:40-05:00,1530370638,2219153606,https://cf-us3-cds-api.itsfogo.com/bettingoffer/fixture-view?x-bwin-accessid=ZTg4YWEwMTgtZTlhYy00MWRkLWIzYWYtZjMzODI5ZDE0Mjc5&lang=en-us&country=US&usercountry=US&state=Latest&fixtureIds=19070789&offerMapping=All&scoreboardMode=Full
BetMGM,IL,2026,Justin Herbert,rushing_yards,300.5,Under,-110,1.91,2026-07-19T00:28:40-05:00,1530370638,2219153607,https://cf-us3-cds-api.itsfogo.com/bettingoffer/fixture-view?x-bwin-accessid=ZTg4YWEwMTgtZTlhYy00MWRkLWIzYWYtZjMzODI5ZDE0Mjc5&lang=en-us&country=US&usercountry=US&state=Latest&fixtureIds=19070789&offerMapping=All&scoreboardMode=Full
BetMGM,IL,2026,Kenneth Walker III,rushing_yards,925.5,Over,-118,1.85,2026-07-19T00:28:40-05:00,1512596737,2173486791,https://cf-us3-cds-api.itsfogo.com/bettingoffer/fixture-view?x-bwin-accessid=ZTg4YWEwMTgtZTlhYy00MWRkLWIzYWYtZjMzODI5ZDE0Mjc5&lang=en-us&country=US&usercountry=US&state=Latest&fixtureIds=19070789&offerMapping=All&scoreboardMode=Full
BetMGM,IL,2026,Kenneth Walker III,rushing_yards,925.5,Under,-102,1.98,2026-07-19T00:28:40-05:00,1512596737,2173486792,https://cf-us3-cds-api.itsfogo.com/bettingoffer/fixture-view?x-bwin-accessid=ZTg4YWEwMTgtZTlhYy00MWRkLWIzYWYtZjMzODI5ZDE0Mjc5&lang=en-us&country=US&usercountry=US&state=Latest&fixtureIds=19070789&offerMapping=All&scoreboardMode=Full
BetMGM,IL,2026,Kyle Monangai,rushing_yards,600.5,Over,-115,1.87,2026-07-19T00:28:40-05:00,1530370643,2219153616,https://cf-us3-cds-api.itsfogo.com/bettingoffer/fixture-view?x-bwin-accessid=ZTg4YWEwMTgtZTlhYy00MWRkLWIzYWYtZjMzODI5ZDE0Mjc5&lang=en-us&country=US&usercountry=US&state=Latest&fixtureIds=19070789&offerMapping=All&scoreboardMode=Full
BetMGM,IL,2026,Kyle Monangai,rushing_yards,600.5,Under,-105,1.95,2026-07-19T00:28:40-05:00,1530370643,2219153617,https://cf-us3-cds-api.itsfogo.com/bettingoffer/fixture-view?x-bwin-accessid=ZTg4YWEwMTgtZTlhYy00MWRkLWIzYWYtZjMzODI5ZDE0Mjc5&lang=en-us&country=US&usercountry=US&state=Latest&fixtureIds=19070789&offerMapping=All&scoreboardMode=Full
BetMGM,IL,2026,Kyren Williams,rushing_yards,1000.5,Over,-115,1.87,2026-07-19T00:28:40-05:00,1527402099,2211494906,https://cf-us3-cds-api.itsfogo.com/bettingoffer/fixture-view?x-bwin-accessid=ZTg4YWEwMTgtZTlhYy00MWRkLWIzYWYtZjMzODI5ZDE0Mjc5&lang=en-us&country=US&usercountry=US&state=Latest&fixtureIds=19070789&offerMapping=All&scoreboardMode=Full
BetMGM,IL,2026,Kyren Williams,rushing_yards,1000.5,Under,-105,1.95,2026-07-19T00:28:40-05:00,1527402099,2211494907,https://cf-us3-cds-api.itsfogo.com/bettingoffer/fixture-view?x-bwin-accessid=ZTg4YWEwMTgtZTlhYy00MWRkLWIzYWYtZjMzODI5ZDE0Mjc5&lang=en-us&country=US&usercountry=US&state=Latest&fixtureIds=19070789&offerMapping=All&scoreboardMode=Full
BetMGM,IL,2026,Lamar Jackson,rushing_yards,575.5,Over,-115,1.87,2026-07-19T00:28:40-05:00,1527402094,2211494896,https://cf-us3-cds-api.itsfogo.com/bettingoffer/fixture-view?x-bwin-accessid=ZTg4YWEwMTgtZTlhYy00MWRkLWIzYWYtZjMzODI5ZDE0Mjc5&lang=en-us&country=US&usercountry=US&state=Latest&fixtureIds=19070789&offerMapping=All&scoreboardMode=Full
BetMGM,IL,2026,Lamar Jackson,rushing_yards,575.5,Under,-105,1.95,2026-07-19T00:28:40-05:00,1527402094,2211494897,https://cf-us3-cds-api.itsfogo.com/bettingoffer/fixture-view?x-bwin-accessid=ZTg4YWEwMTgtZTlhYy00MWRkLWIzYWYtZjMzODI5ZDE0Mjc5&lang=en-us&country=US&usercountry=US&state=Latest&fixtureIds=19070789&offerMapping=All&scoreboardMode=Full
BetMGM,IL,2026,Omarion Hampton,rushing_yards,925.5,Over,-115,1.87,2026-07-19T00:28:40-05:00,1527402098,2211494904,https://cf-us3-cds-api.itsfogo.com/bettingoffer/fixture-view?x-bwin-accessid=ZTg4YWEwMTgtZTlhYy00MWRkLWIzYWYtZjMzODI5ZDE0Mjc5&lang=en-us&country=US&usercountry=US&state=Latest&fixtureIds=19070789&offerMapping=All&scoreboardMode=Full
BetMGM,IL,2026,Omarion Hampton,rushing_yards,925.5,Under,-105,1.95,2026-07-19T00:28:40-05:00,1527402098,2211494905,https://cf-us3-cds-api.itsfogo.com/bettingoffer/fixture-view?x-bwin-accessid=ZTg4YWEwMTgtZTlhYy00MWRkLWIzYWYtZjMzODI5ZDE0Mjc5&lang=en-us&country=US&usercountry=US&state=Latest&fixtureIds=19070789&offerMapping=All&scoreboardMode=Full
BetMGM,IL,2026,Rhamondre Stevenson,rushing_yards,600.5,Over,-105,1.95,2026-07-19T00:28:40-05:00,1530370644,2219153618,https://cf-us3-cds-api.itsfogo.com/bettingoffer/fixture-view?x-bwin-accessid=ZTg4YWEwMTgtZTlhYy00MWRkLWIzYWYtZjMzODI5ZDE0Mjc5&lang=en-us&country=US&usercountry=US&state=Latest&fixtureIds=19070789&offerMapping=All&scoreboardMode=Full
BetMGM,IL,2026,Rhamondre Stevenson,rushing_yards,600.5,Under,-115,1.87,2026-07-19T00:28:40-05:00,1530370644,2219153619,https://cf-us3-cds-api.itsfogo.com/bettingoffer/fixture-view?x-bwin-accessid=ZTg4YWEwMTgtZTlhYy00MWRkLWIzYWYtZjMzODI5ZDE0Mjc5&lang=en-us&country=US&usercountry=US&state=Latest&fixtureIds=19070789&offerMapping=All&scoreboardMode=Full
BetMGM,IL,2026,Saquon Barkley,rushing_yards,1100.5,Over,100,2.0,2026-07-19T00:28:40-05:00,1512596744,2173486801,https://cf-us3-cds-api.itsfogo.com/bettingoffer/fixture-view?x-bwin-accessid=ZTg4YWEwMTgtZTlhYy00MWRkLWIzYWYtZjMzODI5ZDE0Mjc5&lang=en-us&country=US&usercountry=US&state=Latest&fixtureIds=19070789&offerMapping=All&scoreboardMode=Full
BetMGM,IL,2026,Saquon Barkley,rushing_yards,1100.5,Under,-120,1.83,2026-07-19T00:28:40-05:00,1512596744,2173486802,https://cf-us3-cds-api.itsfogo.com/bettingoffer/fixture-view?x-bwin-accessid=ZTg4YWEwMTgtZTlhYy00MWRkLWIzYWYtZjMzODI5ZDE0Mjc5&lang=en-us&country=US&usercountry=US&state=Latest&fixtureIds=19070789&offerMapping=All&scoreboardMode=Full
BetMGM,IL,2026,Tony Pollard,rushing_yards,800.5,Over,-110,1.91,2026-07-19T00:28:40-05:00,1527402096,2211494900,https://cf-us3-cds-api.itsfogo.com/bettingoffer/fixture-view?x-bwin-accessid=ZTg4YWEwMTgtZTlhYy00MWRkLWIzYWYtZjMzODI5ZDE0Mjc5&lang=en-us&country=US&usercountry=US&state=Latest&fixtureIds=19070789&offerMapping=All&scoreboardMode=Full
BetMGM,IL,2026,Tony Pollard,rushing_yards,800.5,Under,-110,1.91,2026-07-19T00:28:40-05:00,1527402096,2211494901,https://cf-us3-cds-api.itsfogo.com/bettingoffer/fixture-view?x-bwin-accessid=ZTg4YWEwMTgtZTlhYy00MWRkLWIzYWYtZjMzODI5ZDE0Mjc5&lang=en-us&country=US&usercountry=US&state=Latest&fixtureIds=19070789&offerMapping=All&scoreboardMode=Full
BetMGM,IL,2026,Travis Etienne,rushing_yards,750.5,Over,100,2.0,2026-07-19T00:28:40-05:00,1538284978,2239898628,https://cf-us3-cds-api.itsfogo.com/bettingoffer/fixture-view?x-bwin-accessid=ZTg4YWEwMTgtZTlhYy00MWRkLWIzYWYtZjMzODI5ZDE0Mjc5&lang=en-us&country=US&usercountry=US&state=Latest&fixtureIds=19070789&offerMapping=All&scoreboardMode=Full
BetMGM,IL,2026,Travis Etienne,rushing_yards,750.5,Under,-120,1.83,2026-07-19T00:28:40-05:00,1538284978,2239898629,https://cf-us3-cds-api.itsfogo.com/bettingoffer/fixture-view?x-bwin-accessid=ZTg4YWEwMTgtZTlhYy00MWRkLWIzYWYtZjMzODI5ZDE0Mjc5&lang=en-us&country=US&usercountry=US&state=Latest&fixtureIds=19070789&offerMapping=All&scoreboardMode=Full
BetMGM,IL,2026,TreVeyon Henderson,rushing_yards,700.5,Over,-110,1.91,2026-07-19T00:28:40-05:00,1530370648,2219153626,https://cf-us3-cds-api.itsfogo.com/bettingoffer/fixture-view?x-bwin-accessid=ZTg4YWEwMTgtZTlhYy00MWRkLWIzYWYtZjMzODI5ZDE0Mjc5&lang=en-us&country=US&usercountry=US&state=Latest&fixtureIds=19070789&offerMapping=All&scoreboardMode=Full
BetMGM,IL,2026,TreVeyon Henderson,rushing_yards,700.5,Under,-110,1.91,2026-07-19T00:28:40-05:00,1530370648,2219153627,https://cf-us3-cds-api.itsfogo.com/bettingoffer/fixture-view?x-bwin-accessid=ZTg4YWEwMTgtZTlhYy00MWRkLWIzYWYtZjMzODI5ZDE0Mjc5&lang=en-us&country=US&usercountry=US&state=Latest&fixtureIds=19070789&offerMapping=All&scoreboardMode=Full
BetMGM,IL,2026,Ashton Jeanty,rushing_tds,7.5,Over,-105,1.95,2026-07-19T00:28:40-05:00,1528341005,2213926575,https://cf-us3-cds-api.itsfogo.com/bettingoffer/fixture-view?x-bwin-accessid=ZTg4YWEwMTgtZTlhYy00MWRkLWIzYWYtZjMzODI5ZDE0Mjc5&lang=en-us&country=US&usercountry=US&state=Latest&fixtureIds=19070789&offerMapping=All&scoreboardMode=Full
BetMGM,IL,2026,Ashton Jeanty,rushing_tds,7.5,Under,-115,1.87,2026-07-19T00:28:40-05:00,1528341005,2213926576,https://cf-us3-cds-api.itsfogo.com/bettingoffer/fixture-view?x-bwin-accessid=ZTg4YWEwMTgtZTlhYy00MWRkLWIzYWYtZjMzODI5ZDE0Mjc5&lang=en-us&country=US&usercountry=US&state=Latest&fixtureIds=19070789&offerMapping=All&scoreboardMode=Full
BetMGM,IL,2026,Bhayshul Tuten,rushing_tds,5.5,Over,-105,1.95,2026-07-19T00:28:40-05:00,1528340988,2213926541,https://cf-us3-cds-api.itsfogo.com/bettingoffer/fixture-view?x-bwin-accessid=ZTg4YWEwMTgtZTlhYy00MWRkLWIzYWYtZjMzODI5ZDE0Mjc5&lang=en-us&country=US&usercountry=US&state=Latest&fixtureIds=19070789&offerMapping=All&scoreboardMode=Full
BetMGM,IL,2026,Bhayshul Tuten,rushing_tds,5.5,Under,-115,1.87,2026-07-19T00:28:40-05:00,1528340988,2213926542,https://cf-us3-cds-api.itsfogo.com/bettingoffer/fixture-view?x-bwin-accessid=ZTg4YWEwMTgtZTlhYy00MWRkLWIzYWYtZjMzODI5ZDE0Mjc5&lang=en-us&country=US&usercountry=US&state=Latest&fixtureIds=19070789&offerMapping=All&scoreboardMode=Full
BetMGM,IL,2026,Bijan Robinson,rushing_tds,8.5,Over,-125,1.8,2026-07-19T00:28:40-05:00,1528341007,2213926579,https://cf-us3-cds-api.itsfogo.com/bettingoffer/fixture-view?x-bwin-accessid=ZTg4YWEwMTgtZTlhYy00MWRkLWIzYWYtZjMzODI5ZDE0Mjc5&lang=en-us&country=US&usercountry=US&state=Latest&fixtureIds=19070789&offerMapping=All&scoreboardMode=Full
BetMGM,IL,2026,Bijan Robinson,rushing_tds,8.5,Under,100,2.0,2026-07-19T00:28:40-05:00,1528341007,2213926580,https://cf-us3-cds-api.itsfogo.com/bettingoffer/fixture-view?x-bwin-accessid=ZTg4YWEwMTgtZTlhYy00MWRkLWIzYWYtZjMzODI5ZDE0Mjc5&lang=en-us&country=US&usercountry=US&state=Latest&fixtureIds=19070789&offerMapping=All&scoreboardMode=Full
BetMGM,IL,2026,Blake Corum,rushing_tds,5.5,Over,-115,1.87,2026-07-19T00:28:40-05:00,1528340989,2213926543,https://cf-us3-cds-api.itsfogo.com/bettingoffer/fixture-view?x-bwin-accessid=ZTg4YWEwMTgtZTlhYy00MWRkLWIzYWYtZjMzODI5ZDE0Mjc5&lang=en-us&country=US&usercountry=US&state=Latest&fixtureIds=19070789&offerMapping=All&scoreboardMode=Full
BetMGM,IL,2026,Blake Corum,rushing_tds,5.5,Under,-105,1.95,2026-07-19T00:28:40-05:00,1528340989,2213926544,https://cf-us3-cds-api.itsfogo.com/bettingoffer/fixture-view?x-bwin-accessid=ZTg4YWEwMTgtZTlhYy00MWRkLWIzYWYtZjMzODI5ZDE0Mjc5&lang=en-us&country=US&usercountry=US&state=Latest&fixtureIds=19070789&offerMapping=All&scoreboardMode=Full
BetMGM,IL,2026,Breece Hall,rushing_tds,5.5,Over,130,2.3,2026-07-19T00:28:40-05:00,1528340990,2213926545,https://cf-us3-cds-api.itsfogo.com/bettingoffer/fixture-view?x-bwin-accessid=ZTg4YWEwMTgtZTlhYy00MWRkLWIzYWYtZjMzODI5ZDE0Mjc5&lang=en-us&country=US&usercountry=US&state=Latest&fixtureIds=19070789&offerMapping=All&scoreboardMode=Full
BetMGM,IL,2026,Breece Hall,rushing_tds,5.5,Under,-155,1.65,2026-07-19T00:28:40-05:00,1528340990,2213926546,https://cf-us3-cds-api.itsfogo.com/bettingoffer/fixture-view?x-bwin-accessid=ZTg4YWEwMTgtZTlhYy00MWRkLWIzYWYtZjMzODI5ZDE0Mjc5&lang=en-us&country=US&usercountry=US&state=Latest&fixtureIds=19070789&offerMapping=All&scoreboardMode=Full
BetMGM,IL,2026,Bucky Irving,rushing_tds,5.5,Over,125,2.25,2026-07-19T00:28:40-05:00,1528340991,2213926547,https://cf-us3-cds-api.itsfogo.com/bettingoffer/fixture-view?x-bwin-accessid=ZTg4YWEwMTgtZTlhYy00MWRkLWIzYWYtZjMzODI5ZDE0Mjc5&lang=en-us&country=US&usercountry=US&state=Latest&fixtureIds=19070789&offerMapping=All&scoreboardMode=Full
BetMGM,IL,2026,Bucky Irving,rushing_tds,5.5,Under,-150,1.67,2026-07-19T00:28:40-05:00,1528340991,2213926548,https://cf-us3-cds-api.itsfogo.com/bettingoffer/fixture-view?x-bwin-accessid=ZTg4YWEwMTgtZTlhYy00MWRkLWIzYWYtZjMzODI5ZDE0Mjc5&lang=en-us&country=US&usercountry=US&state=Latest&fixtureIds=19070789&offerMapping=All&scoreboardMode=Full
BetMGM,IL,2026,Chase Brown,rushing_tds,5.5,Over,-125,1.8,2026-07-19T00:28:40-05:00,1544620830,2258454803,https://cf-us3-cds-api.itsfogo.com/bettingoffer/fixture-view?x-bwin-accessid=ZTg4YWEwMTgtZTlhYy00MWRkLWIzYWYtZjMzODI5ZDE0Mjc5&lang=en-us&country=US&usercountry=US&state=Latest&fixtureIds=19070789&offerMapping=All&scoreboardMode=Full
BetMGM,IL,2026,Chase Brown,rushing_tds,5.5,Under,100,2.0,2026-07-19T00:28:40-05:00,1544620830,2258454804,https://cf-us3-cds-api.itsfogo.com/bettingoffer/fixture-view?x-bwin-accessid=ZTg4YWEwMTgtZTlhYy00MWRkLWIzYWYtZjMzODI5ZDE0Mjc5&lang=en-us&country=US&usercountry=US&state=Latest&fixtureIds=19070789&offerMapping=All&scoreboardMode=Full
BetMGM,IL,2026,Christian McCaffrey,rushing_tds,8.5,Over,-115,1.87,2026-07-19T00:28:40-05:00,1528341009,2213926585,https://cf-us3-cds-api.itsfogo.com/bettingoffer/fixture-view?x-bwin-accessid=ZTg4YWEwMTgtZTlhYy00MWRkLWIzYWYtZjMzODI5ZDE0Mjc5&lang=en-us&country=US&usercountry=US&state=Latest&fixtureIds=19070789&offerMapping=All&scoreboardMode=Full
BetMGM,IL,2026,Christian McCaffrey,rushing_tds,8.5,Under,-115,1.87,2026-07-19T00:28:40-05:00,1528341009,2213926586,https://cf-us3-cds-api.itsfogo.com/bettingoffer/fixture-view?x-bwin-accessid=ZTg4YWEwMTgtZTlhYy00MWRkLWIzYWYtZjMzODI5ZDE0Mjc5&lang=en-us&country=US&usercountry=US&state=Latest&fixtureIds=19070789&offerMapping=All&scoreboardMode=Full
BetMGM,IL,2026,Chuba Hubbard,rushing_tds,4.5,Over,105,2.05,2026-07-19T00:28:40-05:00,1528340982,2213926527,https://cf-us3-cds-api.itsfogo.com/bettingoffer/fixture-view?x-bwin-accessid=ZTg4YWEwMTgtZTlhYy00MWRkLWIzYWYtZjMzODI5ZDE0Mjc5&lang=en-us&country=US&usercountry=US&state=Latest&fixtureIds=19070789&offerMapping=All&scoreboardMode=Full
BetMGM,IL,2026,Chuba Hubbard,rushing_tds,4.5,Under,-125,1.8,2026-07-19T00:28:40-05:00,1528340982,2213926528,https://cf-us3-cds-api.itsfogo.com/bettingoffer/fixture-view?x-bwin-accessid=ZTg4YWEwMTgtZTlhYy00MWRkLWIzYWYtZjMzODI5ZDE0Mjc5&lang=en-us&country=US&usercountry=US&state=Latest&fixtureIds=19070789&offerMapping=All&scoreboardMode=Full
BetMGM,IL,2026,D'Andre Swift,rushing_tds,6.5,Over,-125,1.8,2026-07-19T00:28:40-05:00,1528341001,2213926567,https://cf-us3-cds-api.itsfogo.com/bettingoffer/fixture-view?x-bwin-accessid=ZTg4YWEwMTgtZTlhYy00MWRkLWIzYWYtZjMzODI5ZDE0Mjc5&lang=en-us&country=US&usercountry=US&state=Latest&fixtureIds=19070789&offerMapping=All&scoreboardMode=Full
BetMGM,IL,2026,D'Andre Swift,rushing_tds,6.5,Under,100,2.0,2026-07-19T00:28:40-05:00,1528341001,2213926568,https://cf-us3-cds-api.itsfogo.com/bettingoffer/fixture-view?x-bwin-accessid=ZTg4YWEwMTgtZTlhYy00MWRkLWIzYWYtZjMzODI5ZDE0Mjc5&lang=en-us&country=US&usercountry=US&state=Latest&fixtureIds=19070789&offerMapping=All&scoreboardMode=Full
BetMGM,IL,2026,David Montgomery,rushing_tds,7.5,Over,-115,1.87,2026-07-19T00:28:40-05:00,1544625606,2258466497,https://cf-us3-cds-api.itsfogo.com/bettingoffer/fixture-view?x-bwin-accessid=ZTg4YWEwMTgtZTlhYy00MWRkLWIzYWYtZjMzODI5ZDE0Mjc5&lang=en-us&country=US&usercountry=US&state=Latest&fixtureIds=19070789&offerMapping=All&scoreboardMode=Full
BetMGM,IL,2026,David Montgomery,rushing_tds,7.5,Under,-115,1.87,2026-07-19T00:28:40-05:00,1544625606,2258466498,https://cf-us3-cds-api.itsfogo.com/bettingoffer/fixture-view?x-bwin-accessid=ZTg4YWEwMTgtZTlhYy00MWRkLWIzYWYtZjMzODI5ZDE0Mjc5&lang=en-us&country=US&usercountry=US&state=Latest&fixtureIds=19070789&offerMapping=All&scoreboardMode=Full
BetMGM,IL,2026,De'Von Achane,rushing_tds,5.5,Over,120,2.2,2026-07-19T00:28:40-05:00,1528340992,2213926549,https://cf-us3-cds-api.itsfogo.com/bettingoffer/fixture-view?x-bwin-accessid=ZTg4YWEwMTgtZTlhYy00MWRkLWIzYWYtZjMzODI5ZDE0Mjc5&lang=en-us&country=US&usercountry=US&state=Latest&fixtureIds=19070789&offerMapping=All&scoreboardMode=Full
BetMGM,IL,2026,De'Von Achane,rushing_tds,5.5,Under,-145,1.7,2026-07-19T00:28:40-05:00,1528340992,2213926550,https://cf-us3-cds-api.itsfogo.com/bettingoffer/fixture-view?x-bwin-accessid=ZTg4YWEwMTgtZTlhYy00MWRkLWIzYWYtZjMzODI5ZDE0Mjc5&lang=en-us&country=US&usercountry=US&state=Latest&fixtureIds=19070789&offerMapping=All&scoreboardMode=Full
BetMGM,IL,2026,Derrick Henry,rushing_tds,12.5,Over,-105,1.95,2026-07-19T00:28:40-05:00,1528341019,2213926603,https://cf-us3-cds-api.itsfogo.com/bettingoffer/fixture-view?x-bwin-accessid=ZTg4YWEwMTgtZTlhYy00MWRkLWIzYWYtZjMzODI5ZDE0Mjc5&lang=en-us&country=US&usercountry=US&state=Latest&fixtureIds=19070789&offerMapping=All&scoreboardMode=Full
BetMGM,IL,2026,Derrick Henry,rushing_tds,12.5,Under,-115,1.87,2026-07-19T00:28:40-05:00,1528341019,2213926604,https://cf-us3-cds-api.itsfogo.com/bettingoffer/fixture-view?x-bwin-accessid=ZTg4YWEwMTgtZTlhYy00MWRkLWIzYWYtZjMzODI5ZDE0Mjc5&lang=en-us&country=US&usercountry=US&state=Latest&fixtureIds=19070789&offerMapping=All&scoreboardMode=Full
BetMGM,IL,2026,Drake Maye,rushing_tds,4.5,Over,140,2.4,2026-07-19T00:28:40-05:00,1528340983,2213926531,https://cf-us3-cds-api.itsfogo.com/bettingoffer/fixture-view?x-bwin-accessid=ZTg4YWEwMTgtZTlhYy00MWRkLWIzYWYtZjMzODI5ZDE0Mjc5&lang=en-us&country=US&usercountry=US&state=Latest&fixtureIds=19070789&offerMapping=All&scoreboardMode=Full
BetMGM,IL,2026,Drake Maye,rushing_tds,4.5,Under,-165,1.6,2026-07-19T00:28:40-05:00,1528340983,2213926532,https://cf-us3-cds-api.itsfogo.com/bettingoffer/fixture-view?x-bwin-accessid=ZTg4YWEwMTgtZTlhYy00MWRkLWIzYWYtZjMzODI5ZDE0Mjc5&lang=en-us&country=US&usercountry=US&state=Latest&fixtureIds=19070789&offerMapping=All&scoreboardMode=Full
BetMGM,IL,2026,Isiah Pacheco,rushing_tds,4.5,Over,105,2.05,2026-07-19T00:28:40-05:00,1528340984,2213926533,https://cf-us3-cds-api.itsfogo.com/bettingoffer/fixture-view?x-bwin-accessid=ZTg4YWEwMTgtZTlhYy00MWRkLWIzYWYtZjMzODI5ZDE0Mjc5&lang=en-us&country=US&usercountry=US&state=Latest&fixtureIds=19070789&offerMapping=All&scoreboardMode=Full
BetMGM,IL,2026,Isiah Pacheco,rushing_tds,4.5,Under,-125,1.8,2026-07-19T00:28:40-05:00,1528340984,2213926534,https://cf-us3-cds-api.itsfogo.com/bettingoffer/fixture-view?x-bwin-accessid=ZTg4YWEwMTgtZTlhYy00MWRkLWIzYWYtZjMzODI5ZDE0Mjc5&lang=en-us&country=US&usercountry=US&state=Latest&fixtureIds=19070789&offerMapping=All&scoreboardMode=Full
BetMGM,IL,2026,J.K. Dobbins,rushing_tds,5.5,Over,135,2.35,2026-07-19T00:28:40-05:00,1528340993,2213926551,https://cf-us3-cds-api.itsfogo.com/bettingoffer/fixture-view?x-bwin-accessid=ZTg4YWEwMTgtZTlhYy00MWRkLWIzYWYtZjMzODI5ZDE0Mjc5&lang=en-us&country=US&usercountry=US&state=Latest&fixtureIds=19070789&offerMapping=All&scoreboardMode=Full
BetMGM,IL,2026,J.K. Dobbins,rushing_tds,5.5,Under,-160,1.62,2026-07-19T00:28:40-05:00,1528340993,2213926553,https://cf-us3-cds-api.itsfogo.com/bettingoffer/fixture-view?x-bwin-accessid=ZTg4YWEwMTgtZTlhYy00MWRkLWIzYWYtZjMzODI5ZDE0Mjc5&lang=en-us&country=US&usercountry=US&state=Latest&fixtureIds=19070789&offerMapping=All&scoreboardMode=Full
BetMGM,IL,2026,Jadarian Price,rushing_tds,5.5,Over,-115,1.87,2026-07-19T00:28:40-05:00,1528340995,2213926555,https://cf-us3-cds-api.itsfogo.com/bettingoffer/fixture-view?x-bwin-accessid=ZTg4YWEwMTgtZTlhYy00MWRkLWIzYWYtZjMzODI5ZDE0Mjc5&lang=en-us&country=US&usercountry=US&state=Latest&fixtureIds=19070789&offerMapping=All&scoreboardMode=Full
BetMGM,IL,2026,Jadarian Price,rushing_tds,5.5,Under,-105,1.95,2026-07-19T00:28:40-05:00,1528340995,2213926556,https://cf-us3-cds-api.itsfogo.com/bettingoffer/fixture-view?x-bwin-accessid=ZTg4YWEwMTgtZTlhYy00MWRkLWIzYWYtZjMzODI5ZDE0Mjc5&lang=en-us&country=US&usercountry=US&state=Latest&fixtureIds=19070789&offerMapping=All&scoreboardMode=Full
BetMGM,IL,2026,Jahmyr Gibbs,rushing_tds,12.5,Over,-105,1.95,2026-07-19T00:28:40-05:00,1528341018,2213926601,https://cf-us3-cds-api.itsfogo.com/bettingoffer/fixture-view?x-bwin-accessid=ZTg4YWEwMTgtZTlhYy00MWRkLWIzYWYtZjMzODI5ZDE0Mjc5&lang=en-us&country=US&usercountry=US&state=Latest&fixtureIds=19070789&offerMapping=All&scoreboardMode=Full
BetMGM,IL,2026,Jahmyr Gibbs,rushing_tds,12.5,Under,-125,1.8,2026-07-19T00:28:40-05:00,1528341018,2213926602,https://cf-us3-cds-api.itsfogo.com/bettingoffer/fixture-view?x-bwin-accessid=ZTg4YWEwMTgtZTlhYy00MWRkLWIzYWYtZjMzODI5ZDE0Mjc5&lang=en-us&country=US&usercountry=US&state=Latest&fixtureIds=19070789&offerMapping=All&scoreboardMode=Full
BetMGM,IL,2026,Jalen Hurts,rushing_tds,8.5,Over,-115,1.87,2026-07-19T00:28:40-05:00,1528341008,2213926581,https://cf-us3-cds-api.itsfogo.com/bettingoffer/fixture-view?x-bwin-accessid=ZTg4YWEwMTgtZTlhYy00MWRkLWIzYWYtZjMzODI5ZDE0Mjc5&lang=en-us&country=US&usercountry=US&state=Latest&fixtureIds=19070789&offerMapping=All&scoreboardMode=Full
BetMGM,IL,2026,Jalen Hurts,rushing_tds,8.5,Under,-115,1.87,2026-07-19T00:28:40-05:00,1528341008,2213926582,https://cf-us3-cds-api.itsfogo.com/bettingoffer/fixture-view?x-bwin-accessid=ZTg4YWEwMTgtZTlhYy00MWRkLWIzYWYtZjMzODI5ZDE0Mjc5&lang=en-us&country=US&usercountry=US&state=Latest&fixtureIds=19070789&offerMapping=All&scoreboardMode=Full
BetMGM,IL,2026,James Cook,rushing_tds,10.5,Over,-115,1.87,2026-07-19T00:28:40-05:00,1528341014,2213926593,https://cf-us3-cds-api.itsfogo.com/bettingoffer/fixture-view?x-bwin-accessid=ZTg4YWEwMTgtZTlhYy00MWRkLWIzYWYtZjMzODI5ZDE0Mjc5&lang=en-us&country=US&usercountry=US&state=Latest&fixtureIds=19070789&offerMapping=All&scoreboardMode=Full
BetMGM,IL,2026,James Cook,rushing_tds,10.5,Under,-115,1.87,2026-07-19T00:28:40-05:00,1528341014,2213926594,https://cf-us3-cds-api.itsfogo.com/bettingoffer/fixture-view?x-bwin-accessid=ZTg4YWEwMTgtZTlhYy00MWRkLWIzYWYtZjMzODI5ZDE0Mjc5&lang=en-us&country=US&usercountry=US&state=Latest&fixtureIds=19070789&offerMapping=All&scoreboardMode=Full
BetMGM,IL,2026,Javonte Williams,rushing_tds,9.5,Over,-110,1.91,2026-07-19T00:28:40-05:00,1528341012,2213926589,https://cf-us3-cds-api.itsfogo.com/bettingoffer/fixture-view?x-bwin-accessid=ZTg4YWEwMTgtZTlhYy00MWRkLWIzYWYtZjMzODI5ZDE0Mjc5&lang=en-us&country=US&usercountry=US&state=Latest&fixtureIds=19070789&offerMapping=All&scoreboardMode=Full
BetMGM,IL,2026,Javonte Williams,rushing_tds,9.5,Under,-110,1.91,2026-07-19T00:28:40-05:00,1528341012,2213926590,https://cf-us3-cds-api.itsfogo.com/bettingoffer/fixture-view?x-bwin-accessid=ZTg4YWEwMTgtZTlhYy00MWRkLWIzYWYtZjMzODI5ZDE0Mjc5&lang=en-us&country=US&usercountry=US&state=Latest&fixtureIds=19070789&offerMapping=All&scoreboardMode=Full
BetMGM,IL,2026,Jaxson Dart,rushing_tds,5.5,Over,-145,1.7,2026-07-19T00:28:40-05:00,1528340996,2213926557,https://cf-us3-cds-api.itsfogo.com/bettingoffer/fixture-view?x-bwin-accessid=ZTg4YWEwMTgtZTlhYy00MWRkLWIzYWYtZjMzODI5ZDE0Mjc5&lang=en-us&country=US&usercountry=US&state=Latest&fixtureIds=19070789&offerMapping=All&scoreboardMode=Full
BetMGM,IL,2026,Jaxson Dart,rushing_tds,5.5,Under,115,2.15,2026-07-19T00:28:40-05:00,1528340996,2213926558,https://cf-us3-cds-api.itsfogo.com/bettingoffer/fixture-view?x-bwin-accessid=ZTg4YWEwMTgtZTlhYy00MWRkLWIzYWYtZjMzODI5ZDE0Mjc5&lang=en-us&country=US&usercountry=US&state=Latest&fixtureIds=19070789&offerMapping=All&scoreboardMode=Full
BetMGM,IL,2026,Jayden Daniels,rushing_tds,4.5,Over,115,2.15,2026-07-19T00:28:40-05:00,1528340979,2213926523,https://cf-us3-cds-api.itsfogo.com/bettingoffer/fixture-view?x-bwin-accessid=ZTg4YWEwMTgtZTlhYy00MWRkLWIzYWYtZjMzODI5ZDE0Mjc5&lang=en-us&country=US&usercountry=US&state=Latest&fixtureIds=19070789&offerMapping=All&scoreboardMode=Full
BetMGM,IL,2026,Jayden Daniels,rushing_tds,4.5,Under,-140,1.72,2026-07-19T00:28:40-05:00,1528340979,2213926524,https://cf-us3-cds-api.itsfogo.com/bettingoffer/fixture-view?x-bwin-accessid=ZTg4YWEwMTgtZTlhYy00MWRkLWIzYWYtZjMzODI5ZDE0Mjc5&lang=en-us&country=US&usercountry=US&state=Latest&fixtureIds=19070789&offerMapping=All&scoreboardMode=Full
BetMGM,IL,2026,Jeremiyah Love,rushing_tds,5.5,Over,-135,1.75,2026-07-19T00:28:40-05:00,1528340987,2213926539,https://cf-us3-cds-api.itsfogo.com/bettingoffer/fixture-view?x-bwin-accessid=ZTg4YWEwMTgtZTlhYy00MWRkLWIzYWYtZjMzODI5ZDE0Mjc5&lang=en-us&country=US&usercountry=US&state=Latest&fixtureIds=19070789&offerMapping=All&scoreboardMode=Full
BetMGM,IL,2026,Jeremiyah Love,rushing_tds,5.5,Under,110,2.1,2026-07-19T00:28:40-05:00,1528340987,2213926540,https://cf-us3-cds-api.itsfogo.com/bettingoffer/fixture-view?x-bwin-accessid=ZTg4YWEwMTgtZTlhYy00MWRkLWIzYWYtZjMzODI5ZDE0Mjc5&lang=en-us&country=US&usercountry=US&state=Latest&fixtureIds=19070789&offerMapping=All&scoreboardMode=Full
BetMGM,IL,2026,Jonathan Taylor,rushing_tds,11.5,Over,105,2.05,2026-07-19T00:28:40-05:00,1528341017,2213926599,https://cf-us3-cds-api.itsfogo.com/bettingoffer/fixture-view?x-bwin-accessid=ZTg4YWEwMTgtZTlhYy00MWRkLWIzYWYtZjMzODI5ZDE0Mjc5&lang=en-us&country=US&usercountry=US&state=Latest&fixtureIds=19070789&offerMapping=All&scoreboardMode=Full
BetMGM,IL,2026,Jonathan Taylor,rushing_tds,11.5,Under,-130,1.78,2026-07-19T00:28:40-05:00,1528341017,2213926600,https://cf-us3-cds-api.itsfogo.com/bettingoffer/fixture-view?x-bwin-accessid=ZTg4YWEwMTgtZTlhYy00MWRkLWIzYWYtZjMzODI5ZDE0Mjc5&lang=en-us&country=US&usercountry=US&state=Latest&fixtureIds=19070789&offerMapping=All&scoreboardMode=Full
BetMGM,IL,2026,Jordan Mason,rushing_tds,4.5,Over,-125,1.8,2026-07-19T00:28:40-05:00,1528340985,2213926535,https://cf-us3-cds-api.itsfogo.com/bettingoffer/fixture-view?x-bwin-accessid=ZTg4YWEwMTgtZTlhYy00MWRkLWIzYWYtZjMzODI5ZDE0Mjc5&lang=en-us&country=US&usercountry=US&state=Latest&fixtureIds=19070789&offerMapping=All&scoreboardMode=Full
BetMGM,IL,2026,Jordan Mason,rushing_tds,4.5,Under,105,2.05,2026-07-19T00:28:40-05:00,1528340985,2213926536,https://cf-us3-cds-api.itsfogo.com/bettingoffer/fixture-view?x-bwin-accessid=ZTg4YWEwMTgtZTlhYy00MWRkLWIzYWYtZjMzODI5ZDE0Mjc5&lang=en-us&country=US&usercountry=US&state=Latest&fixtureIds=19070789&offerMapping=All&scoreboardMode=Full
BetMGM,IL,2026,Josh Allen,rushing_tds,11.5,Over,100,2.0,2026-07-19T00:28:40-05:00,1544622301,2258458499,https://cf-us3-cds-api.itsfogo.com/bettingoffer/fixture-view?x-bwin-accessid=ZTg4YWEwMTgtZTlhYy00MWRkLWIzYWYtZjMzODI5ZDE0Mjc5&lang=en-us&country=US&usercountry=US&state=Latest&fixtureIds=19070789&offerMapping=All&scoreboardMode=Full
BetMGM,IL,2026,Josh Allen,rushing_tds,11.5,Under,-125,1.8,2026-07-19T00:28:40-05:00,1544622301,2258458500,https://cf-us3-cds-api.itsfogo.com/bettingoffer/fixture-view?x-bwin-accessid=ZTg4YWEwMTgtZTlhYy00MWRkLWIzYWYtZjMzODI5ZDE0Mjc5&lang=en-us&country=US&usercountry=US&state=Latest&fixtureIds=19070789&offerMapping=All&scoreboardMode=Full
BetMGM,IL,2026,Kenneth Walker III,rushing_tds,7.5,Over,-105,1.95,2026-07-19T00:28:40-05:00,1528341003,2213926571,https://cf-us3-cds-api.itsfogo.com/bettingoffer/fixture-view?x-bwin-accessid=ZTg4YWEwMTgtZTlhYy00MWRkLWIzYWYtZjMzODI5ZDE0Mjc5&lang=en-us&country=US&usercountry=US&state=Latest&fixtureIds=19070789&offerMapping=All&scoreboardMode=Full
BetMGM,IL,2026,Kenneth Walker III,rushing_tds,7.5,Under,-115,1.87,2026-07-19T00:28:40-05:00,1528341003,2213926572,https://cf-us3-cds-api.itsfogo.com/bettingoffer/fixture-view?x-bwin-accessid=ZTg4YWEwMTgtZTlhYy00MWRkLWIzYWYtZjMzODI5ZDE0Mjc5&lang=en-us&country=US&usercountry=US&state=Latest&fixtureIds=19070789&offerMapping=All&scoreboardMode=Full
BetMGM,IL,2026,Kyle Monangai,rushing_tds,4.5,Over,-120,1.83,2026-07-19T00:28:40-05:00,1528340986,2213926537,https://cf-us3-cds-api.itsfogo.com/bettingoffer/fixture-view?x-bwin-accessid=ZTg4YWEwMTgtZTlhYy00MWRkLWIzYWYtZjMzODI5ZDE0Mjc5&lang=en-us&country=US&usercountry=US&state=Latest&fixtureIds=19070789&offerMapping=All&scoreboardMode=Full
BetMGM,IL,2026,Kyle Monangai,rushing_tds,4.5,Under,100,2.0,2026-07-19T00:28:40-05:00,1528340986,2213926538,https://cf-us3-cds-api.itsfogo.com/bettingoffer/fixture-view?x-bwin-accessid=ZTg4YWEwMTgtZTlhYy00MWRkLWIzYWYtZjMzODI5ZDE0Mjc5&lang=en-us&country=US&usercountry=US&state=Latest&fixtureIds=19070789&offerMapping=All&scoreboardMode=Full
BetMGM,IL,2026,Kyren Williams,rushing_tds,9.5,Over,-125,1.8,2026-07-19T00:28:40-05:00,1528341013,2213926591,https://cf-us3-cds-api.itsfogo.com/bettingoffer/fixture-view?x-bwin-accessid=ZTg4YWEwMTgtZTlhYy00MWRkLWIzYWYtZjMzODI5ZDE0Mjc5&lang=en-us&country=US&usercountry=US&state=Latest&fixtureIds=19070789&offerMapping=All&scoreboardMode=Full
BetMGM,IL,2026,Kyren Williams,rushing_tds,9.5,Under,100,2.0,2026-07-19T00:28:40-05:00,1528341013,2213926592,https://cf-us3-cds-api.itsfogo.com/bettingoffer/fixture-view?x-bwin-accessid=ZTg4YWEwMTgtZTlhYy00MWRkLWIzYWYtZjMzODI5ZDE0Mjc5&lang=en-us&country=US&usercountry=US&state=Latest&fixtureIds=19070789&offerMapping=All&scoreboardMode=Full
BetMGM,IL,2026,Lamar Jackson,rushing_tds,3.5,Over,-120,1.83,2026-07-19T00:28:40-05:00,1528340978,2213926521,https://cf-us3-cds-api.itsfogo.com/bettingoffer/fixture-view?x-bwin-accessid=ZTg4YWEwMTgtZTlhYy00MWRkLWIzYWYtZjMzODI5ZDE0Mjc5&lang=en-us&country=US&usercountry=US&state=Latest&fixtureIds=19070789&offerMapping=All&scoreboardMode=Full
BetMGM,IL,2026,Lamar Jackson,rushing_tds,3.5,Under,100,2.0,2026-07-19T00:28:40-05:00,1528340978,2213926522,https://cf-us3-cds-api.itsfogo.com/bettingoffer/fixture-view?x-bwin-accessid=ZTg4YWEwMTgtZTlhYy00MWRkLWIzYWYtZjMzODI5ZDE0Mjc5&lang=en-us&country=US&usercountry=US&state=Latest&fixtureIds=19070789&offerMapping=All&scoreboardMode=Full
BetMGM,IL,2026,Omarion Hampton,rushing_tds,7.5,Over,-125,1.8,2026-07-19T00:28:40-05:00,1528341004,2213926573,https://cf-us3-cds-api.itsfogo.com/bettingoffer/fixture-view?x-bwin-accessid=ZTg4YWEwMTgtZTlhYy00MWRkLWIzYWYtZjMzODI5ZDE0Mjc5&lang=en-us&country=US&usercountry=US&state=Latest&fixtureIds=19070789&offerMapping=All&scoreboardMode=Full
BetMGM,IL,2026,Omarion Hampton,rushing_tds,7.5,Under,105,2.05,2026-07-19T00:28:40-05:00,1528341004,2213926574,https://cf-us3-cds-api.itsfogo.com/bettingoffer/fixture-view?x-bwin-accessid=ZTg4YWEwMTgtZTlhYy00MWRkLWIzYWYtZjMzODI5ZDE0Mjc5&lang=en-us&country=US&usercountry=US&state=Latest&fixtureIds=19070789&offerMapping=All&scoreboardMode=Full
BetMGM,IL,2026,Rhamondre Stevenson,rushing_tds,5.5,Over,-145,1.7,2026-07-19T00:28:40-05:00,1544621402,2258456353,https://cf-us3-cds-api.itsfogo.com/bettingoffer/fixture-view?x-bwin-accessid=ZTg4YWEwMTgtZTlhYy00MWRkLWIzYWYtZjMzODI5ZDE0Mjc5&lang=en-us&country=US&usercountry=US&state=Latest&fixtureIds=19070789&offerMapping=All&scoreboardMode=Full
BetMGM,IL,2026,Rhamondre Stevenson,rushing_tds,5.5,Under,115,2.15,2026-07-19T00:28:40-05:00,1544621402,2258456354,https://cf-us3-cds-api.itsfogo.com/bettingoffer/fixture-view?x-bwin-accessid=ZTg4YWEwMTgtZTlhYy00MWRkLWIzYWYtZjMzODI5ZDE0Mjc5&lang=en-us&country=US&usercountry=US&state=Latest&fixtureIds=19070789&offerMapping=All&scoreboardMode=Full
BetMGM,IL,2026,Saquon Barkley,rushing_tds,7.5,Over,105,2.05,2026-07-19T00:28:40-05:00,1528341006,2213926577,https://cf-us3-cds-api.itsfogo.com/bettingoffer/fixture-view?x-bwin-accessid=ZTg4YWEwMTgtZTlhYy00MWRkLWIzYWYtZjMzODI5ZDE0Mjc5&lang=en-us&country=US&usercountry=US&state=Latest&fixtureIds=19070789&offerMapping=All&scoreboardMode=Full
BetMGM,IL,2026,Saquon Barkley,rushing_tds,7.5,Under,-125,1.8,2026-07-19T00:28:40-05:00,1528341006,2213926578,https://cf-us3-cds-api.itsfogo.com/bettingoffer/fixture-view?x-bwin-accessid=ZTg4YWEwMTgtZTlhYy00MWRkLWIzYWYtZjMzODI5ZDE0Mjc5&lang=en-us&country=US&usercountry=US&state=Latest&fixtureIds=19070789&offerMapping=All&scoreboardMode=Full
BetMGM,IL,2026,Tony Pollard,rushing_tds,5.5,Over,115,2.15,2026-07-19T00:28:40-05:00,1528340997,2213926559,https://cf-us3-cds-api.itsfogo.com/bettingoffer/fixture-view?x-bwin-accessid=ZTg4YWEwMTgtZTlhYy00MWRkLWIzYWYtZjMzODI5ZDE0Mjc5&lang=en-us&country=US&usercountry=US&state=Latest&fixtureIds=19070789&offerMapping=All&scoreboardMode=Full
BetMGM,IL,2026,Tony Pollard,rushing_tds,5.5,Under,-140,1.72,2026-07-19T00:28:40-05:00,1528340997,2213926560,https://cf-us3-cds-api.itsfogo.com/bettingoffer/fixture-view?x-bwin-accessid=ZTg4YWEwMTgtZTlhYy00MWRkLWIzYWYtZjMzODI5ZDE0Mjc5&lang=en-us&country=US&usercountry=US&state=Latest&fixtureIds=19070789&offerMapping=All&scoreboardMode=Full
BetMGM,IL,2026,Travis Etienne,rushing_tds,5.5,Over,115,2.15,2026-07-19T00:28:40-05:00,1528340998,2213926561,https://cf-us3-cds-api.itsfogo.com/bettingoffer/fixture-view?x-bwin-accessid=ZTg4YWEwMTgtZTlhYy00MWRkLWIzYWYtZjMzODI5ZDE0Mjc5&lang=en-us&country=US&usercountry=US&state=Latest&fixtureIds=19070789&offerMapping=All&scoreboardMode=Full
BetMGM,IL,2026,Travis Etienne,rushing_tds,5.5,Under,-140,1.72,2026-07-19T00:28:40-05:00,1528340998,2213926562,https://cf-us3-cds-api.itsfogo.com/bettingoffer/fixture-view?x-bwin-accessid=ZTg4YWEwMTgtZTlhYy00MWRkLWIzYWYtZjMzODI5ZDE0Mjc5&lang=en-us&country=US&usercountry=US&state=Latest&fixtureIds=19070789&offerMapping=All&scoreboardMode=Full
BetMGM,IL,2026,TreVeyon Henderson,rushing_tds,5.5,Over,-115,1.87,2026-07-19T00:28:40-05:00,1528340999,2213926563,https://cf-us3-cds-api.itsfogo.com/bettingoffer/fixture-view?x-bwin-accessid=ZTg4YWEwMTgtZTlhYy00MWRkLWIzYWYtZjMzODI5ZDE0Mjc5&lang=en-us&country=US&usercountry=US&state=Latest&fixtureIds=19070789&offerMapping=All&scoreboardMode=Full
BetMGM,IL,2026,TreVeyon Henderson,rushing_tds,5.5,Under,-115,1.87,2026-07-19T00:28:40-05:00,1528340999,2213926564,https://cf-us3-cds-api.itsfogo.com/bettingoffer/fixture-view?x-bwin-accessid=ZTg4YWEwMTgtZTlhYy00MWRkLWIzYWYtZjMzODI5ZDE0Mjc5&lang=en-us&country=US&usercountry=US&state=Latest&fixtureIds=19070789&offerMapping=All&scoreboardMode=Full
BetMGM,IL,2026,A.J. Brown,receiving_yards,1075.5,Over,-120,1.83,2026-07-19T00:28:40-05:00,1527441935,2211609248,https://cf-us3-cds-api.itsfogo.com/bettingoffer/fixture-view?x-bwin-accessid=ZTg4YWEwMTgtZTlhYy00MWRkLWIzYWYtZjMzODI5ZDE0Mjc5&lang=en-us&country=US&usercountry=US&state=Latest&fixtureIds=19070789&offerMapping=All&scoreboardMode=Full
BetMGM,IL,2026,A.J. Brown,receiving_yards,1075.5,Under,100,2.0,2026-07-19T00:28:40-05:00,1527441935,2211609249,https://cf-us3-cds-api.itsfogo.com/bettingoffer/fixture-view?x-bwin-accessid=ZTg4YWEwMTgtZTlhYy00MWRkLWIzYWYtZjMzODI5ZDE0Mjc5&lang=en-us&country=US&usercountry=US&state=Latest&fixtureIds=19070789&offerMapping=All&scoreboardMode=Full
BetMGM,IL,2026,Amon-Ra St. Brown,receiving_yards,1250.5,Over,-110,1.91,2026-07-19T00:28:40-05:00,1512612670,2173525208,https://cf-us3-cds-api.itsfogo.com/bettingoffer/fixture-view?x-bwin-accessid=ZTg4YWEwMTgtZTlhYy00MWRkLWIzYWYtZjMzODI5ZDE0Mjc5&lang=en-us&country=US&usercountry=US&state=Latest&fixtureIds=19070789&offerMapping=All&scoreboardMode=Full
BetMGM,IL,2026,Amon-Ra St. Brown,receiving_yards,1250.5,Under,-110,1.91,2026-07-19T00:28:40-05:00,1512612670,2173525209,https://cf-us3-cds-api.itsfogo.com/bettingoffer/fixture-view?x-bwin-accessid=ZTg4YWEwMTgtZTlhYy00MWRkLWIzYWYtZjMzODI5ZDE0Mjc5&lang=en-us&country=US&usercountry=US&state=Latest&fixtureIds=19070789&offerMapping=All&scoreboardMode=Full
BetMGM,IL,2026,Brock Bowers,receiving_yards,900.5,Over,-110,1.91,2026-07-19T00:28:40-05:00,1527411136,2211522155,https://cf-us3-cds-api.itsfogo.com/bettingoffer/fixture-view?x-bwin-accessid=ZTg4YWEwMTgtZTlhYy00MWRkLWIzYWYtZjMzODI5ZDE0Mjc5&lang=en-us&country=US&usercountry=US&state=Latest&fixtureIds=19070789&offerMapping=All&scoreboardMode=Full
BetMGM,IL,2026,Brock Bowers,receiving_yards,900.5,Under,-110,1.91,2026-07-19T00:28:40-05:00,1527411136,2211522156,https://cf-us3-cds-api.itsfogo.com/bettingoffer/fixture-view?x-bwin-accessid=ZTg4YWEwMTgtZTlhYy00MWRkLWIzYWYtZjMzODI5ZDE0Mjc5&lang=en-us&country=US&usercountry=US&state=Latest&fixtureIds=19070789&offerMapping=All&scoreboardMode=Full
BetMGM,IL,2026,Carnell Tate,receiving_yards,775.5,Over,-110,1.91,2026-07-19T00:28:40-05:00,1512612658,2173525184,https://cf-us3-cds-api.itsfogo.com/bettingoffer/fixture-view?x-bwin-accessid=ZTg4YWEwMTgtZTlhYy00MWRkLWIzYWYtZjMzODI5ZDE0Mjc5&lang=en-us&country=US&usercountry=US&state=Latest&fixtureIds=19070789&offerMapping=All&scoreboardMode=Full
BetMGM,IL,2026,Carnell Tate,receiving_yards,775.5,Under,-110,1.91,2026-07-19T00:28:40-05:00,1512612658,2173525185,https://cf-us3-cds-api.itsfogo.com/bettingoffer/fixture-view?x-bwin-accessid=ZTg4YWEwMTgtZTlhYy00MWRkLWIzYWYtZjMzODI5ZDE0Mjc5&lang=en-us&country=US&usercountry=US&state=Latest&fixtureIds=19070789&offerMapping=All&scoreboardMode=Full
BetMGM,IL,2026,CeeDee Lamb,receiving_yards,1175.5,Over,-110,1.91,2026-07-19T00:28:40-05:00,1512612668,2173525204,https://cf-us3-cds-api.itsfogo.com/bettingoffer/fixture-view?x-bwin-accessid=ZTg4YWEwMTgtZTlhYy00MWRkLWIzYWYtZjMzODI5ZDE0Mjc5&lang=en-us&country=US&usercountry=US&state=Latest&fixtureIds=19070789&offerMapping=All&scoreboardMode=Full
BetMGM,IL,2026,CeeDee Lamb,receiving_yards,1175.5,Under,-110,1.91,2026-07-19T00:28:40-05:00,1512612668,2173525205,https://cf-us3-cds-api.itsfogo.com/bettingoffer/fixture-view?x-bwin-accessid=ZTg4YWEwMTgtZTlhYy00MWRkLWIzYWYtZjMzODI5ZDE0Mjc5&lang=en-us&country=US&usercountry=US&state=Latest&fixtureIds=19070789&offerMapping=All&scoreboardMode=Full
BetMGM,IL,2026,Chris Olave,receiving_yards,1025.5,Over,-110,1.91,2026-07-19T00:28:40-05:00,1527441933,2211609244,https://cf-us3-cds-api.itsfogo.com/bettingoffer/fixture-view?x-bwin-accessid=ZTg4YWEwMTgtZTlhYy00MWRkLWIzYWYtZjMzODI5ZDE0Mjc5&lang=en-us&country=US&usercountry=US&state=Latest&fixtureIds=19070789&offerMapping=All&scoreboardMode=Full
BetMGM,IL,2026,Chris Olave,receiving_yards,1025.5,Under,-110,1.91,2026-07-19T00:28:40-05:00,1527441933,2211609245,https://cf-us3-cds-api.itsfogo.com/bettingoffer/fixture-view?x-bwin-accessid=ZTg4YWEwMTgtZTlhYy00MWRkLWIzYWYtZjMzODI5ZDE0Mjc5&lang=en-us&country=US&usercountry=US&state=Latest&fixtureIds=19070789&offerMapping=All&scoreboardMode=Full
BetMGM,IL,2026,Christian Watson,receiving_yards,775.5,Over,-115,1.87,2026-07-19T00:28:40-05:00,1527441918,2211609214,https://cf-us3-cds-api.itsfogo.com/bettingoffer/fixture-view?x-bwin-accessid=ZTg4YWEwMTgtZTlhYy00MWRkLWIzYWYtZjMzODI5ZDE0Mjc5&lang=en-us&country=US&usercountry=US&state=Latest&fixtureIds=19070789&offerMapping=All&scoreboardMode=Full
BetMGM,IL,2026,Christian Watson,receiving_yards,775.5,Under,-105,1.95,2026-07-19T00:28:40-05:00,1527441918,2211609215,https://cf-us3-cds-api.itsfogo.com/bettingoffer/fixture-view?x-bwin-accessid=ZTg4YWEwMTgtZTlhYy00MWRkLWIzYWYtZjMzODI5ZDE0Mjc5&lang=en-us&country=US&usercountry=US&state=Latest&fixtureIds=19070789&offerMapping=All&scoreboardMode=Full
BetMGM,IL,2026,Colston Loveland,receiving_yards,775.5,Over,-115,1.87,2026-07-19T00:28:40-05:00,1541648241,2250007963,https://cf-us3-cds-api.itsfogo.com/bettingoffer/fixture-view?x-bwin-accessid=ZTg4YWEwMTgtZTlhYy00MWRkLWIzYWYtZjMzODI5ZDE0Mjc5&lang=en-us&country=US&usercountry=US&state=Latest&fixtureIds=19070789&offerMapping=All&scoreboardMode=Full
BetMGM,IL,2026,Colston Loveland,receiving_yards,775.5,Under,-105,1.95,2026-07-19T00:28:40-05:00,1541648241,2250007964,https://cf-us3-cds-api.itsfogo.com/bettingoffer/fixture-view?x-bwin-accessid=ZTg4YWEwMTgtZTlhYy00MWRkLWIzYWYtZjMzODI5ZDE0Mjc5&lang=en-us&country=US&usercountry=US&state=Latest&fixtureIds=19070789&offerMapping=All&scoreboardMode=Full
BetMGM,IL,2026,Davante Adams,receiving_yards,775.5,Over,-115,1.87,2026-07-19T00:28:40-05:00,1527441917,2211609212,https://cf-us3-cds-api.itsfogo.com/bettingoffer/fixture-view?x-bwin-accessid=ZTg4YWEwMTgtZTlhYy00MWRkLWIzYWYtZjMzODI5ZDE0Mjc5&lang=en-us&country=US&usercountry=US&state=Latest&fixtureIds=19070789&offerMapping=All&scoreboardMode=Full
BetMGM,IL,2026,Davante Adams,receiving_yards,775.5,Under,-105,1.95,2026-07-19T00:28:40-05:00,1527441917,2211609213,https://cf-us3-cds-api.itsfogo.com/bettingoffer/fixture-view?x-bwin-accessid=ZTg4YWEwMTgtZTlhYy00MWRkLWIzYWYtZjMzODI5ZDE0Mjc5&lang=en-us&country=US&usercountry=US&state=Latest&fixtureIds=19070789&offerMapping=All&scoreboardMode=Full
BetMGM,IL,2026,DeVonta Smith,receiving_yards,1000.5,Over,-120,1.83,2026-07-19T00:28:40-05:00,1527441931,2211609240,https://cf-us3-cds-api.itsfogo.com/bettingoffer/fixture-view?x-bwin-accessid=ZTg4YWEwMTgtZTlhYy00MWRkLWIzYWYtZjMzODI5ZDE0Mjc5&lang=en-us&country=US&usercountry=US&state=Latest&fixtureIds=19070789&offerMapping=All&scoreboardMode=Full
BetMGM,IL,2026,DeVonta Smith,receiving_yards,1000.5,Under,100,2.0,2026-07-19T00:28:40-05:00,1527441931,2211609241,https://cf-us3-cds-api.itsfogo.com/bettingoffer/fixture-view?x-bwin-accessid=ZTg4YWEwMTgtZTlhYy00MWRkLWIzYWYtZjMzODI5ZDE0Mjc5&lang=en-us&country=US&usercountry=US&state=Latest&fixtureIds=19070789&offerMapping=All&scoreboardMode=Full
BetMGM,IL,2026,DJ Moore,receiving_yards,825.5,Over,-115,1.87,2026-07-19T00:28:40-05:00,1537105918,2236654260,https://cf-us3-cds-api.itsfogo.com/bettingoffer/fixture-view?x-bwin-accessid=ZTg4YWEwMTgtZTlhYy00MWRkLWIzYWYtZjMzODI5ZDE0Mjc5&lang=en-us&country=US&usercountry=US&state=Latest&fixtureIds=19070789&offerMapping=All&scoreboardMode=Full
BetMGM,IL,2026,DJ Moore,receiving_yards,825.5,Under,-115,1.87,2026-07-19T00:28:40-05:00,1537105918,2236654261,https://cf-us3-cds-api.itsfogo.com/bettingoffer/fixture-view?x-bwin-accessid=ZTg4YWEwMTgtZTlhYy00MWRkLWIzYWYtZjMzODI5ZDE0Mjc5&lang=en-us&country=US&usercountry=US&state=Latest&fixtureIds=19070789&offerMapping=All&scoreboardMode=Full
BetMGM,IL,2026,Drake London,receiving_yards,1150.5,Over,120,2.2,2026-07-19T00:28:40-05:00,1512612665,2173525198,https://cf-us3-cds-api.itsfogo.com/bettingoffer/fixture-view?x-bwin-accessid=ZTg4YWEwMTgtZTlhYy00MWRkLWIzYWYtZjMzODI5ZDE0Mjc5&lang=en-us&country=US&usercountry=US&state=Latest&fixtureIds=19070789&offerMapping=All&scoreboardMode=Full
BetMGM,IL,2026,Drake London,receiving_yards,1150.5,Under,-145,1.7,2026-07-19T00:28:40-05:00,1512612665,2173525199,https://cf-us3-cds-api.itsfogo.com/bettingoffer/fixture-view?x-bwin-accessid=ZTg4YWEwMTgtZTlhYy00MWRkLWIzYWYtZjMzODI5ZDE0Mjc5&lang=en-us&country=US&usercountry=US&state=Latest&fixtureIds=19070789&offerMapping=All&scoreboardMode=Full
BetMGM,IL,2026,Emeka Egbuka,receiving_yards,900.5,Over,-105,1.95,2026-07-19T00:28:40-05:00,1542740409,2253296996,https://cf-us3-cds-api.itsfogo.com/bettingoffer/fixture-view?x-bwin-accessid=ZTg4YWEwMTgtZTlhYy00MWRkLWIzYWYtZjMzODI5ZDE0Mjc5&lang=en-us&country=US&usercountry=US&state=Latest&fixtureIds=19070789&offerMapping=All&scoreboardMode=Full
BetMGM,IL,2026,Emeka Egbuka,receiving_yards,900.5,Under,-115,1.87,2026-07-19T00:28:40-05:00,1542740409,2253296997,https://cf-us3-cds-api.itsfogo.com/bettingoffer/fixture-view?x-bwin-accessid=ZTg4YWEwMTgtZTlhYy00MWRkLWIzYWYtZjMzODI5ZDE0Mjc5&lang=en-us&country=US&usercountry=US&state=Latest&fixtureIds=19070789&offerMapping=All&scoreboardMode=Full
BetMGM,IL,2026,Garrett Wilson,receiving_yards,975.5,Over,-115,1.87,2026-07-19T00:28:40-05:00,1527441929,2211609236,https://cf-us3-cds-api.itsfogo.com/bettingoffer/fixture-view?x-bwin-accessid=ZTg4YWEwMTgtZTlhYy00MWRkLWIzYWYtZjMzODI5ZDE0Mjc5&lang=en-us&country=US&usercountry=US&state=Latest&fixtureIds=19070789&offerMapping=All&scoreboardMode=Full
BetMGM,IL,2026,Garrett Wilson,receiving_yards,975.5,Under,-105,1.95,2026-07-19T00:28:40-05:00,1527441929,2211609237,https://cf-us3-cds-api.itsfogo.com/bettingoffer/fixture-view?x-bwin-accessid=ZTg4YWEwMTgtZTlhYy00MWRkLWIzYWYtZjMzODI5ZDE0Mjc5&lang=en-us&country=US&usercountry=US&state=Latest&fixtureIds=19070789&offerMapping=All&scoreboardMode=Full
BetMGM,IL,2026,Ja'Marr Chase,receiving_yards,1300.5,Over,-115,1.87,2026-07-19T00:28:40-05:00,1512612671,2173525210,https://cf-us3-cds-api.itsfogo.com/bettingoffer/fixture-view?x-bwin-accessid=ZTg4YWEwMTgtZTlhYy00MWRkLWIzYWYtZjMzODI5ZDE0Mjc5&lang=en-us&country=US&usercountry=US&state=Latest&fixtureIds=19070789&offerMapping=All&scoreboardMode=Full
BetMGM,IL,2026,Ja'Marr Chase,receiving_yards,1300.5,Under,-105,1.95,2026-07-19T00:28:40-05:00,1512612671,2173525211,https://cf-us3-cds-api.itsfogo.com/bettingoffer/fixture-view?x-bwin-accessid=ZTg4YWEwMTgtZTlhYy00MWRkLWIzYWYtZjMzODI5ZDE0Mjc5&lang=en-us&country=US&usercountry=US&state=Latest&fixtureIds=19070789&offerMapping=All&scoreboardMode=Full
BetMGM,IL,2026,Jameson Williams,receiving_yards,900.5,Over,-110,1.91,2026-07-19T00:28:40-05:00,1527441925,2211609228,https://cf-us3-cds-api.itsfogo.com/bettingoffer/fixture-view?x-bwin-accessid=ZTg4YWEwMTgtZTlhYy00MWRkLWIzYWYtZjMzODI5ZDE0Mjc5&lang=en-us&country=US&usercountry=US&state=Latest&fixtureIds=19070789&offerMapping=All&scoreboardMode=Full
BetMGM,IL,2026,Jameson Williams,receiving_yards,900.5,Under,-110,1.91,2026-07-19T00:28:40-05:00,1527441925,2211609229,https://cf-us3-cds-api.itsfogo.com/bettingoffer/fixture-view?x-bwin-accessid=ZTg4YWEwMTgtZTlhYy00MWRkLWIzYWYtZjMzODI5ZDE0Mjc5&lang=en-us&country=US&usercountry=US&state=Latest&fixtureIds=19070789&offerMapping=All&scoreboardMode=Full
BetMGM,IL,2026,Jaxon Smith-Njigba,receiving_yards,1325.5,Over,-110,1.91,2026-07-19T00:28:40-05:00,1512612672,2173525212,https://cf-us3-cds-api.itsfogo.com/bettingoffer/fixture-view?x-bwin-accessid=ZTg4YWEwMTgtZTlhYy00MWRkLWIzYWYtZjMzODI5ZDE0Mjc5&lang=en-us&country=US&usercountry=US&state=Latest&fixtureIds=19070789&offerMapping=All&scoreboardMode=Full
BetMGM,IL,2026,Jaxon Smith-Njigba,receiving_yards,1325.5,Under,-110,1.91,2026-07-19T00:28:40-05:00,1512612672,2173525213,https://cf-us3-cds-api.itsfogo.com/bettingoffer/fixture-view?x-bwin-accessid=ZTg4YWEwMTgtZTlhYy00MWRkLWIzYWYtZjMzODI5ZDE0Mjc5&lang=en-us&country=US&usercountry=US&state=Latest&fixtureIds=19070789&offerMapping=All&scoreboardMode=Full
BetMGM,IL,2026,Jaylen Waddle,receiving_yards,875.5,Over,-115,1.87,2026-07-19T00:28:40-05:00,1527441923,2211609224,https://cf-us3-cds-api.itsfogo.com/bettingoffer/fixture-view?x-bwin-accessid=ZTg4YWEwMTgtZTlhYy00MWRkLWIzYWYtZjMzODI5ZDE0Mjc5&lang=en-us&country=US&usercountry=US&state=Latest&fixtureIds=19070789&offerMapping=All&scoreboardMode=Full
BetMGM,IL,2026,Jaylen Waddle,receiving_yards,875.5,Under,-105,1.95,2026-07-19T00:28:40-05:00,1527441923,2211609225,https://cf-us3-cds-api.itsfogo.com/bettingoffer/fixture-view?x-bwin-accessid=ZTg4YWEwMTgtZTlhYy00MWRkLWIzYWYtZjMzODI5ZDE0Mjc5&lang=en-us&country=US&usercountry=US&state=Latest&fixtureIds=19070789&offerMapping=All&scoreboardMode=Full
BetMGM,IL,2026,Jordyn Tyson,receiving_yards,775.5,Over,100,2.0,2026-07-19T00:28:40-05:00,1512612659,2173525186,https://cf-us3-cds-api.itsfogo.com/bettingoffer/fixture-view?x-bwin-accessid=ZTg4YWEwMTgtZTlhYy00MWRkLWIzYWYtZjMzODI5ZDE0Mjc5&lang=en-us&country=US&usercountry=US&state=Latest&fixtureIds=19070789&offerMapping=All&scoreboardMode=Full
BetMGM,IL,2026,Jordyn Tyson,receiving_yards,775.5,Under,-120,1.83,2026-07-19T00:28:40-05:00,1512612659,2173525187,https://cf-us3-cds-api.itsfogo.com/bettingoffer/fixture-view?x-bwin-accessid=ZTg4YWEwMTgtZTlhYy00MWRkLWIzYWYtZjMzODI5ZDE0Mjc5&lang=en-us&country=US&usercountry=US&state=Latest&fixtureIds=19070789&offerMapping=All&scoreboardMode=Full
BetMGM,IL,2026,Justin Jefferson,receiving_yards,1150.5,Over,-110,1.91,2026-07-19T00:28:40-05:00,1512612667,2173525202,https://cf-us3-cds-api.itsfogo.com/bettingoffer/fixture-view?x-bwin-accessid=ZTg4YWEwMTgtZTlhYy00MWRkLWIzYWYtZjMzODI5ZDE0Mjc5&lang=en-us&country=US&usercountry=US&state=Latest&fixtureIds=19070789&offerMapping=All&scoreboardMode=Full
BetMGM,IL,2026,Justin Jefferson,receiving_yards,1150.5,Under,-110,1.91,2026-07-19T00:28:40-05:00,1512612667,2173525203,https://cf-us3-cds-api.itsfogo.com/bettingoffer/fixture-view?x-bwin-accessid=ZTg4YWEwMTgtZTlhYy00MWRkLWIzYWYtZjMzODI5ZDE0Mjc5&lang=en-us&country=US&usercountry=US&state=Latest&fixtureIds=19070789&offerMapping=All&scoreboardMode=Full
BetMGM,IL,2026,KC Concepcion,receiving_yards,600.5,Over,-120,1.83,2026-07-19T00:28:40-05:00,1512612653,2173525174,https://cf-us3-cds-api.itsfogo.com/bettingoffer/fixture-view?x-bwin-accessid=ZTg4YWEwMTgtZTlhYy00MWRkLWIzYWYtZjMzODI5ZDE0Mjc5&lang=en-us&country=US&usercountry=US&state=Latest&fixtureIds=19070789&offerMapping=All&scoreboardMode=Full
BetMGM,IL,2026,KC Concepcion,receiving_yards,600.5,Under,100,2.0,2026-07-19T00:28:40-05:00,1512612653,2173525175,https://cf-us3-cds-api.itsfogo.com/bettingoffer/fixture-view?x-bwin-accessid=ZTg4YWEwMTgtZTlhYy00MWRkLWIzYWYtZjMzODI5ZDE0Mjc5&lang=en-us&country=US&usercountry=US&state=Latest&fixtureIds=19070789&offerMapping=All&scoreboardMode=Full
BetMGM,IL,2026,Kenyon Sadiq,receiving_yards,475.5,Over,-110,1.91,2026-07-19T00:28:40-05:00,1512612651,2173525170,https://cf-us3-cds-api.itsfogo.com/bettingoffer/fixture-view?x-bwin-accessid=ZTg4YWEwMTgtZTlhYy00MWRkLWIzYWYtZjMzODI5ZDE0Mjc5&lang=en-us&country=US&usercountry=US&state=Latest&fixtureIds=19070789&offerMapping=All&scoreboardMode=Full
BetMGM,IL,2026,Kenyon Sadiq,receiving_yards,475.5,Under,-110,1.91,2026-07-19T00:28:40-05:00,1512612651,2173525171,https://cf-us3-cds-api.itsfogo.com/bettingoffer/fixture-view?x-bwin-accessid=ZTg4YWEwMTgtZTlhYy00MWRkLWIzYWYtZjMzODI5ZDE0Mjc5&lang=en-us&country=US&usercountry=US&state=Latest&fixtureIds=19070789&offerMapping=All&scoreboardMode=Full
BetMGM,IL,2026,Kyle Pitts,receiving_yards,750.5,Over,-115,1.87,2026-07-19T00:28:40-05:00,1527441916,2211609210,https://cf-us3-cds-api.itsfogo.com/bettingoffer/fixture-view?x-bwin-accessid=ZTg4YWEwMTgtZTlhYy00MWRkLWIzYWYtZjMzODI5ZDE0Mjc5&lang=en-us&country=US&usercountry=US&state=Latest&fixtureIds=19070789&offerMapping=All&scoreboardMode=Full
BetMGM,IL,2026,Kyle Pitts,receiving_yards,750.5,Under,-105,1.95,2026-07-19T00:28:40-05:00,1527441916,2211609211,https://cf-us3-cds-api.itsfogo.com/bettingoffer/fixture-view?x-bwin-accessid=ZTg4YWEwMTgtZTlhYy00MWRkLWIzYWYtZjMzODI5ZDE0Mjc5&lang=en-us&country=US&usercountry=US&state=Latest&fixtureIds=19070789&offerMapping=All&scoreboardMode=Full
BetMGM,IL,2026,Ladd McConkey,receiving_yards,850.5,Over,-110,1.91,2026-07-19T00:28:40-05:00,1527441921,2211609220,https://cf-us3-cds-api.itsfogo.com/bettingoffer/fixture-view?x-bwin-accessid=ZTg4YWEwMTgtZTlhYy00MWRkLWIzYWYtZjMzODI5ZDE0Mjc5&lang=en-us&country=US&usercountry=US&state=Latest&fixtureIds=19070789&offerMapping=All&scoreboardMode=Full
BetMGM,IL,2026,Ladd McConkey,receiving_yards,850.5,Under,-110,1.91,2026-07-19T00:28:40-05:00,1527441921,2211609221,https://cf-us3-cds-api.itsfogo.com/bettingoffer/fixture-view?x-bwin-accessid=ZTg4YWEwMTgtZTlhYy00MWRkLWIzYWYtZjMzODI5ZDE0Mjc5&lang=en-us&country=US&usercountry=US&state=Latest&fixtureIds=19070789&offerMapping=All&scoreboardMode=Full
BetMGM,IL,2026,Luther Burden III,receiving_yards,800.5,Over,-125,1.8,2026-07-19T00:28:40-05:00,1527441919,2211609216,https://cf-us3-cds-api.itsfogo.com/bettingoffer/fixture-view?x-bwin-accessid=ZTg4YWEwMTgtZTlhYy00MWRkLWIzYWYtZjMzODI5ZDE0Mjc5&lang=en-us&country=US&usercountry=US&state=Latest&fixtureIds=19070789&offerMapping=All&scoreboardMode=Full
BetMGM,IL,2026,Luther Burden III,receiving_yards,800.5,Under,105,2.05,2026-07-19T00:28:40-05:00,1527441919,2211609217,https://cf-us3-cds-api.itsfogo.com/bettingoffer/fixture-view?x-bwin-accessid=ZTg4YWEwMTgtZTlhYy00MWRkLWIzYWYtZjMzODI5ZDE0Mjc5&lang=en-us&country=US&usercountry=US&state=Latest&fixtureIds=19070789&offerMapping=All&scoreboardMode=Full
BetMGM,IL,2026,Makai Lemon,receiving_yards,650.5,Over,-110,1.91,2026-07-19T00:28:40-05:00,1512612655,2173525176,https://cf-us3-cds-api.itsfogo.com/bettingoffer/fixture-view?x-bwin-accessid=ZTg4YWEwMTgtZTlhYy00MWRkLWIzYWYtZjMzODI5ZDE0Mjc5&lang=en-us&country=US&usercountry=US&state=Latest&fixtureIds=19070789&offerMapping=All&scoreboardMode=Full
BetMGM,IL,2026,Makai Lemon,receiving_yards,650.5,Under,-110,1.91,2026-07-19T00:28:40-05:00,1512612655,2173525177,https://cf-us3-cds-api.itsfogo.com/bettingoffer/fixture-view?x-bwin-accessid=ZTg4YWEwMTgtZTlhYy00MWRkLWIzYWYtZjMzODI5ZDE0Mjc5&lang=en-us&country=US&usercountry=US&state=Latest&fixtureIds=19070789&offerMapping=All&scoreboardMode=Full
BetMGM,IL,2026,Marvin Harrison Jr.,receiving_yards,825.5,Over,-105,1.95,2026-07-19T00:28:40-05:00,1527441920,2211609218,https://cf-us3-cds-api.itsfogo.com/bettingoffer/fixture-view?x-bwin-accessid=ZTg4YWEwMTgtZTlhYy00MWRkLWIzYWYtZjMzODI5ZDE0Mjc5&lang=en-us&country=US&usercountry=US&state=Latest&fixtureIds=19070789&offerMapping=All&scoreboardMode=Full
BetMGM,IL,2026,Marvin Harrison Jr.,receiving_yards,825.5,Under,-115,1.87,2026-07-19T00:28:40-05:00,1527441920,2211609219,https://cf-us3-cds-api.itsfogo.com/bettingoffer/fixture-view?x-bwin-accessid=ZTg4YWEwMTgtZTlhYy00MWRkLWIzYWYtZjMzODI5ZDE0Mjc5&lang=en-us&country=US&usercountry=US&state=Latest&fixtureIds=19070789&offerMapping=All&scoreboardMode=Full
BetMGM,IL,2026,Michael Pittman Jr.,receiving_yards,750.5,Over,-120,1.83,2026-07-19T00:28:40-05:00,1527441914,2211609206,https://cf-us3-cds-api.itsfogo.com/bettingoffer/fixture-view?x-bwin-accessid=ZTg4YWEwMTgtZTlhYy00MWRkLWIzYWYtZjMzODI5ZDE0Mjc5&lang=en-us&country=US&usercountry=US&state=Latest&fixtureIds=19070789&offerMapping=All&scoreboardMode=Full
BetMGM,IL,2026,Michael Pittman Jr.,receiving_yards,750.5,Under,100,2.0,2026-07-19T00:28:40-05:00,1527441914,2211609207,https://cf-us3-cds-api.itsfogo.com/bettingoffer/fixture-view?x-bwin-accessid=ZTg4YWEwMTgtZTlhYy00MWRkLWIzYWYtZjMzODI5ZDE0Mjc5&lang=en-us&country=US&usercountry=US&state=Latest&fixtureIds=19070789&offerMapping=All&scoreboardMode=Full
BetMGM,IL,2026,Mike Evans,receiving_yards,799.5,Over,-115,1.87,2026-07-19T00:28:40-05:00,1537114575,2236672390,https://cf-us3-cds-api.itsfogo.com/bettingoffer/fixture-view?x-bwin-accessid=ZTg4YWEwMTgtZTlhYy00MWRkLWIzYWYtZjMzODI5ZDE0Mjc5&lang=en-us&country=US&usercountry=US&state=Latest&fixtureIds=19070789&offerMapping=All&scoreboardMode=Full
BetMGM,IL,2026,Mike Evans,receiving_yards,799.5,Under,-115,1.87,2026-07-19T00:28:40-05:00,1537114575,2236672391,https://cf-us3-cds-api.itsfogo.com/bettingoffer/fixture-view?x-bwin-accessid=ZTg4YWEwMTgtZTlhYy00MWRkLWIzYWYtZjMzODI5ZDE0Mjc5&lang=en-us&country=US&usercountry=US&state=Latest&fixtureIds=19070789&offerMapping=All&scoreboardMode=Full
BetMGM,IL,2026,Nico Collins,receiving_yards,1050.5,Over,-115,1.87,2026-07-19T00:28:40-05:00,1527441934,2211609246,https://cf-us3-cds-api.itsfogo.com/bettingoffer/fixture-view?x-bwin-accessid=ZTg4YWEwMTgtZTlhYy00MWRkLWIzYWYtZjMzODI5ZDE0Mjc5&lang=en-us&country=US&usercountry=US&state=Latest&fixtureIds=19070789&offerMapping=All&scoreboardMode=Full
BetMGM,IL,2026,Nico Collins,receiving_yards,1050.5,Under,-105,1.95,2026-07-19T00:28:40-05:00,1527441934,2211609247,https://cf-us3-cds-api.itsfogo.com/bettingoffer/fixture-view?x-bwin-accessid=ZTg4YWEwMTgtZTlhYy00MWRkLWIzYWYtZjMzODI5ZDE0Mjc5&lang=en-us&country=US&usercountry=US&state=Latest&fixtureIds=19070789&offerMapping=All&scoreboardMode=Full
BetMGM,IL,2026,Omar Cooper Jr,receiving_yards,550.5,Over,-115,1.87,2026-07-19T00:28:40-05:00,1512612652,2173525172,https://cf-us3-cds-api.itsfogo.com/bettingoffer/fixture-view?x-bwin-accessid=ZTg4YWEwMTgtZTlhYy00MWRkLWIzYWYtZjMzODI5ZDE0Mjc5&lang=en-us&country=US&usercountry=US&state=Latest&fixtureIds=19070789&offerMapping=All&scoreboardMode=Full
BetMGM,IL,2026,Omar Cooper Jr,receiving_yards,550.5,Under,-105,1.95,2026-07-19T00:28:40-05:00,1512612652,2173525173,https://cf-us3-cds-api.itsfogo.com/bettingoffer/fixture-view?x-bwin-accessid=ZTg4YWEwMTgtZTlhYy00MWRkLWIzYWYtZjMzODI5ZDE0Mjc5&lang=en-us&country=US&usercountry=US&state=Latest&fixtureIds=19070789&offerMapping=All&scoreboardMode=Full
BetMGM,IL,2026,Puka Nacua,receiving_yards,1350.5,Over,-110,1.91,2026-07-19T00:28:40-05:00,1527441936,2211609250,https://cf-us3-cds-api.itsfogo.com/bettingoffer/fixture-view?x-bwin-accessid=ZTg4YWEwMTgtZTlhYy00MWRkLWIzYWYtZjMzODI5ZDE0Mjc5&lang=en-us&country=US&usercountry=US&state=Latest&fixtureIds=19070789&offerMapping=All&scoreboardMode=Full
BetMGM,IL,2026,Puka Nacua,receiving_yards,1350.5,Under,-110,1.91,2026-07-19T00:28:40-05:00,1527441936,2211609251,https://cf-us3-cds-api.itsfogo.com/bettingoffer/fixture-view?x-bwin-accessid=ZTg4YWEwMTgtZTlhYy00MWRkLWIzYWYtZjMzODI5ZDE0Mjc5&lang=en-us&country=US&usercountry=US&state=Latest&fixtureIds=19070789&offerMapping=All&scoreboardMode=Full
BetMGM,IL,2026,Rome Odunze,receiving_yards,775.5,Over,-110,1.91,2026-07-19T00:28:40-05:00,1529795868,2217654424,https://cf-us3-cds-api.itsfogo.com/bettingoffer/fixture-view?x-bwin-accessid=ZTg4YWEwMTgtZTlhYy00MWRkLWIzYWYtZjMzODI5ZDE0Mjc5&lang=en-us&country=US&usercountry=US&state=Latest&fixtureIds=19070789&offerMapping=All&scoreboardMode=Full
BetMGM,IL,2026,Rome Odunze,receiving_yards,775.5,Under,-110,1.91,2026-07-19T00:28:40-05:00,1529795868,2217654425,https://cf-us3-cds-api.itsfogo.com/bettingoffer/fixture-view?x-bwin-accessid=ZTg4YWEwMTgtZTlhYy00MWRkLWIzYWYtZjMzODI5ZDE0Mjc5&lang=en-us&country=US&usercountry=US&state=Latest&fixtureIds=19070789&offerMapping=All&scoreboardMode=Full
BetMGM,IL,2026,Romeo Doubs,receiving_yards,600.5,Over,-115,1.87,2026-07-19T00:28:40-05:00,1529795867,2217654422,https://cf-us3-cds-api.itsfogo.com/bettingoffer/fixture-view?x-bwin-accessid=ZTg4YWEwMTgtZTlhYy00MWRkLWIzYWYtZjMzODI5ZDE0Mjc5&lang=en-us&country=US&usercountry=US&state=Latest&fixtureIds=19070789&offerMapping=All&scoreboardMode=Full
BetMGM,IL,2026,Romeo Doubs,receiving_yards,600.5,Under,-105,1.95,2026-07-19T00:28:40-05:00,1529795867,2217654423,https://cf-us3-cds-api.itsfogo.com/bettingoffer/fixture-view?x-bwin-accessid=ZTg4YWEwMTgtZTlhYy00MWRkLWIzYWYtZjMzODI5ZDE0Mjc5&lang=en-us&country=US&usercountry=US&state=Latest&fixtureIds=19070789&offerMapping=All&scoreboardMode=Full
BetMGM,IL,2026,Tee Higgins,receiving_yards,875.5,Over,-110,1.91,2026-07-19T00:28:40-05:00,1527441924,2211609226,https://cf-us3-cds-api.itsfogo.com/bettingoffer/fixture-view?x-bwin-accessid=ZTg4YWEwMTgtZTlhYy00MWRkLWIzYWYtZjMzODI5ZDE0Mjc5&lang=en-us&country=US&usercountry=US&state=Latest&fixtureIds=19070789&offerMapping=All&scoreboardMode=Full
BetMGM,IL,2026,Tee Higgins,receiving_yards,875.5,Under,-110,1.91,2026-07-19T00:28:40-05:00,1527441924,2211609227,https://cf-us3-cds-api.itsfogo.com/bettingoffer/fixture-view?x-bwin-accessid=ZTg4YWEwMTgtZTlhYy00MWRkLWIzYWYtZjMzODI5ZDE0Mjc5&lang=en-us&country=US&usercountry=US&state=Latest&fixtureIds=19070789&offerMapping=All&scoreboardMode=Full
BetMGM,IL,2026,Terry McLaurin,receiving_yards,950.5,Over,-110,1.91,2026-07-19T00:28:40-05:00,1527441928,2211609234,https://cf-us3-cds-api.itsfogo.com/bettingoffer/fixture-view?x-bwin-accessid=ZTg4YWEwMTgtZTlhYy00MWRkLWIzYWYtZjMzODI5ZDE0Mjc5&lang=en-us&country=US&usercountry=US&state=Latest&fixtureIds=19070789&offerMapping=All&scoreboardMode=Full
BetMGM,IL,2026,Terry McLaurin,receiving_yards,950.5,Under,-110,1.91,2026-07-19T00:28:40-05:00,1527441928,2211609235,https://cf-us3-cds-api.itsfogo.com/bettingoffer/fixture-view?x-bwin-accessid=ZTg4YWEwMTgtZTlhYy00MWRkLWIzYWYtZjMzODI5ZDE0Mjc5&lang=en-us&country=US&usercountry=US&state=Latest&fixtureIds=19070789&offerMapping=All&scoreboardMode=Full
BetMGM,IL,2026,Tetairoa McMillan,receiving_yards,925.5,Over,-115,1.87,2026-07-19T00:28:40-05:00,1527441927,2211609232,https://cf-us3-cds-api.itsfogo.com/bettingoffer/fixture-view?x-bwin-accessid=ZTg4YWEwMTgtZTlhYy00MWRkLWIzYWYtZjMzODI5ZDE0Mjc5&lang=en-us&country=US&usercountry=US&state=Latest&fixtureIds=19070789&offerMapping=All&scoreboardMode=Full
BetMGM,IL,2026,Tetairoa McMillan,receiving_yards,925.5,Under,-105,1.95,2026-07-19T00:28:40-05:00,1527441927,2211609233,https://cf-us3-cds-api.itsfogo.com/bettingoffer/fixture-view?x-bwin-accessid=ZTg4YWEwMTgtZTlhYy00MWRkLWIzYWYtZjMzODI5ZDE0Mjc5&lang=en-us&country=US&usercountry=US&state=Latest&fixtureIds=19070789&offerMapping=All&scoreboardMode=Full
BetMGM,IL,2026,Travis Kelce,receiving_yards,675.5,Over,-115,1.87,2026-07-19T00:28:40-05:00,1512612656,2173525180,https://cf-us3-cds-api.itsfogo.com/bettingoffer/fixture-view?x-bwin-accessid=ZTg4YWEwMTgtZTlhYy00MWRkLWIzYWYtZjMzODI5ZDE0Mjc5&lang=en-us&country=US&usercountry=US&state=Latest&fixtureIds=19070789&offerMapping=All&scoreboardMode=Full
BetMGM,IL,2026,Travis Kelce,receiving_yards,675.5,Under,-105,1.95,2026-07-19T00:28:40-05:00,1512612656,2173525181,https://cf-us3-cds-api.itsfogo.com/bettingoffer/fixture-view?x-bwin-accessid=ZTg4YWEwMTgtZTlhYy00MWRkLWIzYWYtZjMzODI5ZDE0Mjc5&lang=en-us&country=US&usercountry=US&state=Latest&fixtureIds=19070789&offerMapping=All&scoreboardMode=Full
BetMGM,IL,2026,Trey Mcbride,receiving_yards,1000.5,Over,-115,1.87,2026-07-19T00:28:40-05:00,1527441932,2211609242,https://cf-us3-cds-api.itsfogo.com/bettingoffer/fixture-view?x-bwin-accessid=ZTg4YWEwMTgtZTlhYy00MWRkLWIzYWYtZjMzODI5ZDE0Mjc5&lang=en-us&country=US&usercountry=US&state=Latest&fixtureIds=19070789&offerMapping=All&scoreboardMode=Full
BetMGM,IL,2026,Trey Mcbride,receiving_yards,1000.5,Under,-105,1.95,2026-07-19T00:28:40-05:00,1527441932,2211609243,https://cf-us3-cds-api.itsfogo.com/bettingoffer/fixture-view?x-bwin-accessid=ZTg4YWEwMTgtZTlhYy00MWRkLWIzYWYtZjMzODI5ZDE0Mjc5&lang=en-us&country=US&usercountry=US&state=Latest&fixtureIds=19070789&offerMapping=All&scoreboardMode=Full
BetMGM,IL,2026,Tyler Warren,receiving_yards,725.5,Over,-115,1.87,2026-07-19T00:28:40-05:00,1527441913,2211609204,https://cf-us3-cds-api.itsfogo.com/bettingoffer/fixture-view?x-bwin-accessid=ZTg4YWEwMTgtZTlhYy00MWRkLWIzYWYtZjMzODI5ZDE0Mjc5&lang=en-us&country=US&usercountry=US&state=Latest&fixtureIds=19070789&offerMapping=All&scoreboardMode=Full
BetMGM,IL,2026,Tyler Warren,receiving_yards,725.5,Under,-105,1.95,2026-07-19T00:28:40-05:00,1527441913,2211609205,https://cf-us3-cds-api.itsfogo.com/bettingoffer/fixture-view?x-bwin-accessid=ZTg4YWEwMTgtZTlhYy00MWRkLWIzYWYtZjMzODI5ZDE0Mjc5&lang=en-us&country=US&usercountry=US&state=Latest&fixtureIds=19070789&offerMapping=All&scoreboardMode=Full
BetMGM,IL,2026,Zay Flowers,receiving_yards,975.5,Over,-120,1.83,2026-07-19T00:28:40-05:00,1527441930,2211609238,https://cf-us3-cds-api.itsfogo.com/bettingoffer/fixture-view?x-bwin-accessid=ZTg4YWEwMTgtZTlhYy00MWRkLWIzYWYtZjMzODI5ZDE0Mjc5&lang=en-us&country=US&usercountry=US&state=Latest&fixtureIds=19070789&offerMapping=All&scoreboardMode=Full
BetMGM,IL,2026,Zay Flowers,receiving_yards,975.5,Under,100,2.0,2026-07-19T00:28:40-05:00,1527441930,2211609239,https://cf-us3-cds-api.itsfogo.com/bettingoffer/fixture-view?x-bwin-accessid=ZTg4YWEwMTgtZTlhYy00MWRkLWIzYWYtZjMzODI5ZDE0Mjc5&lang=en-us&country=US&usercountry=US&state=Latest&fixtureIds=19070789&offerMapping=All&scoreboardMode=Full
BetMGM,IL,2026,A.J. Brown,receiving_tds,7.5,Over,120,2.2,2026-07-19T00:28:40-05:00,1528341086,2213926740,https://cf-us3-cds-api.itsfogo.com/bettingoffer/fixture-view?x-bwin-accessid=ZTg4YWEwMTgtZTlhYy00MWRkLWIzYWYtZjMzODI5ZDE0Mjc5&lang=en-us&country=US&usercountry=US&state=Latest&fixtureIds=19070789&offerMapping=All&scoreboardMode=Full
BetMGM,IL,2026,A.J. Brown,receiving_tds,7.5,Under,-145,1.7,2026-07-19T00:28:40-05:00,1528341086,2213926741,https://cf-us3-cds-api.itsfogo.com/bettingoffer/fixture-view?x-bwin-accessid=ZTg4YWEwMTgtZTlhYy00MWRkLWIzYWYtZjMzODI5ZDE0Mjc5&lang=en-us&country=US&usercountry=US&state=Latest&fixtureIds=19070789&offerMapping=All&scoreboardMode=Full
BetMGM,IL,2026,Alec Pierce,receiving_tds,5.5,Over,100,2.0,2026-07-19T00:28:40-05:00,1528341054,2213926676,https://cf-us3-cds-api.itsfogo.com/bettingoffer/fixture-view?x-bwin-accessid=ZTg4YWEwMTgtZTlhYy00MWRkLWIzYWYtZjMzODI5ZDE0Mjc5&lang=en-us&country=US&usercountry=US&state=Latest&fixtureIds=19070789&offerMapping=All&scoreboardMode=Full
BetMGM,IL,2026,Alec Pierce,receiving_tds,5.5,Under,-120,1.83,2026-07-19T00:28:40-05:00,1528341054,2213926677,https://cf-us3-cds-api.itsfogo.com/bettingoffer/fixture-view?x-bwin-accessid=ZTg4YWEwMTgtZTlhYy00MWRkLWIzYWYtZjMzODI5ZDE0Mjc5&lang=en-us&country=US&usercountry=US&state=Latest&fixtureIds=19070789&offerMapping=All&scoreboardMode=Full
BetMGM,IL,2026,Amon-Ra St. Brown,receiving_tds,9.5,Over,-110,1.91,2026-07-19T00:28:40-05:00,1528341096,2213926759,https://cf-us3-cds-api.itsfogo.com/bettingoffer/fixture-view?x-bwin-accessid=ZTg4YWEwMTgtZTlhYy00MWRkLWIzYWYtZjMzODI5ZDE0Mjc5&lang=en-us&country=US&usercountry=US&state=Latest&fixtureIds=19070789&offerMapping=All&scoreboardMode=Full
BetMGM,IL,2026,Amon-Ra St. Brown,receiving_tds,9.5,Under,-110,1.91,2026-07-19T00:28:40-05:00,1528341096,2213926761,https://cf-us3-cds-api.itsfogo.com/bettingoffer/fixture-view?x-bwin-accessid=ZTg4YWEwMTgtZTlhYy00MWRkLWIzYWYtZjMzODI5ZDE0Mjc5&lang=en-us&country=US&usercountry=US&state=Latest&fixtureIds=19070789&offerMapping=All&scoreboardMode=Full
BetMGM,IL,2026,Bijan Robinson,receiving_tds,3.5,Over,110,2.1,2026-07-19T00:28:40-05:00,1528341020,2213926605,https://cf-us3-cds-api.itsfogo.com/bettingoffer/fixture-view?x-bwin-accessid=ZTg4YWEwMTgtZTlhYy00MWRkLWIzYWYtZjMzODI5ZDE0Mjc5&lang=en-us&country=US&usercountry=US&state=Latest&fixtureIds=19070789&offerMapping=All&scoreboardMode=Full
BetMGM,IL,2026,Bijan Robinson,receiving_tds,3.5,Under,-135,1.75,2026-07-19T00:28:40-05:00,1528341020,2213926606,https://cf-us3-cds-api.itsfogo.com/bettingoffer/fixture-view?x-bwin-accessid=ZTg4YWEwMTgtZTlhYy00MWRkLWIzYWYtZjMzODI5ZDE0Mjc5&lang=en-us&country=US&usercountry=US&state=Latest&fixtureIds=19070789&offerMapping=All&scoreboardMode=Full
BetMGM,IL,2026,Brian Thomas Jr.,receiving_tds,4.5,Over,105,2.05,2026-07-19T00:28:40-05:00,1528341036,2213926638,https://cf-us3-cds-api.itsfogo.com/bettingoffer/fixture-view?x-bwin-accessid=ZTg4YWEwMTgtZTlhYy00MWRkLWIzYWYtZjMzODI5ZDE0Mjc5&lang=en-us&country=US&usercountry=US&state=Latest&fixtureIds=19070789&offerMapping=All&scoreboardMode=Full
BetMGM,IL,2026,Brian Thomas Jr.,receiving_tds,4.5,Under,-125,1.8,2026-07-19T00:28:40-05:00,1528341036,2213926639,https://cf-us3-cds-api.itsfogo.com/bettingoffer/fixture-view?x-bwin-accessid=ZTg4YWEwMTgtZTlhYy00MWRkLWIzYWYtZjMzODI5ZDE0Mjc5&lang=en-us&country=US&usercountry=US&state=Latest&fixtureIds=19070789&offerMapping=All&scoreboardMode=Full
BetMGM,IL,2026,Brock Bowers,receiving_tds,7.5,Over,115,2.15,2026-07-19T00:28:40-05:00,1528341081,2213926730,https://cf-us3-cds-api.itsfogo.com/bettingoffer/fixture-view?x-bwin-accessid=ZTg4YWEwMTgtZTlhYy00MWRkLWIzYWYtZjMzODI5ZDE0Mjc5&lang=en-us&country=US&usercountry=US&state=Latest&fixtureIds=19070789&offerMapping=All&scoreboardMode=Full
BetMGM,IL,2026,Brock Bowers,receiving_tds,7.5,Under,-140,1.72,2026-07-19T00:28:40-05:00,1528341081,2213926731,https://cf-us3-cds-api.itsfogo.com/bettingoffer/fixture-view?x-bwin-accessid=ZTg4YWEwMTgtZTlhYy00MWRkLWIzYWYtZjMzODI5ZDE0Mjc5&lang=en-us&country=US&usercountry=US&state=Latest&fixtureIds=19070789&offerMapping=All&scoreboardMode=Full
BetMGM,IL,2026,Calvin Ridley,receiving_tds,3.5,Over,115,2.15,2026-07-19T00:28:40-05:00,1528341021,2213926609,https://cf-us3-cds-api.itsfogo.com/bettingoffer/fixture-view?x-bwin-accessid=ZTg4YWEwMTgtZTlhYy00MWRkLWIzYWYtZjMzODI5ZDE0Mjc5&lang=en-us&country=US&usercountry=US&state=Latest&fixtureIds=19070789&offerMapping=All&scoreboardMode=Full
BetMGM,IL,2026,Calvin Ridley,receiving_tds,3.5,Under,-140,1.72,2026-07-19T00:28:40-05:00,1528341021,2213926610,https://cf-us3-cds-api.itsfogo.com/bettingoffer/fixture-view?x-bwin-accessid=ZTg4YWEwMTgtZTlhYy00MWRkLWIzYWYtZjMzODI5ZDE0Mjc5&lang=en-us&country=US&usercountry=US&state=Latest&fixtureIds=19070789&offerMapping=All&scoreboardMode=Full
BetMGM,IL,2026,Carnell Tate,receiving_tds,4.5,Over,110,2.1,2026-07-19T00:28:40-05:00,1528341037,2213926640,https://cf-us3-cds-api.itsfogo.com/bettingoffer/fixture-view?x-bwin-accessid=ZTg4YWEwMTgtZTlhYy00MWRkLWIzYWYtZjMzODI5ZDE0Mjc5&lang=en-us&country=US&usercountry=US&state=Latest&fixtureIds=19070789&offerMapping=All&scoreboardMode=Full
BetMGM,IL,2026,Carnell Tate,receiving_tds,4.5,Under,-130,1.77,2026-07-19T00:28:40-05:00,1528341037,2213926641,https://cf-us3-cds-api.itsfogo.com/bettingoffer/fixture-view?x-bwin-accessid=ZTg4YWEwMTgtZTlhYy00MWRkLWIzYWYtZjMzODI5ZDE0Mjc5&lang=en-us&country=US&usercountry=US&state=Latest&fixtureIds=19070789&offerMapping=All&scoreboardMode=Full
BetMGM,IL,2026,CeeDee Lamb,receiving_tds,7.5,Over,-110,1.91,2026-07-19T00:28:40-05:00,1528341084,2213926738,https://cf-us3-cds-api.itsfogo.com/bettingoffer/fixture-view?x-bwin-accessid=ZTg4YWEwMTgtZTlhYy00MWRkLWIzYWYtZjMzODI5ZDE0Mjc5&lang=en-us&country=US&usercountry=US&state=Latest&fixtureIds=19070789&offerMapping=All&scoreboardMode=Full
BetMGM,IL,2026,CeeDee Lamb,receiving_tds,7.5,Under,-110,1.91,2026-07-19T00:28:40-05:00,1528341084,2213926739,https://cf-us3-cds-api.itsfogo.com/bettingoffer/fixture-view?x-bwin-accessid=ZTg4YWEwMTgtZTlhYy00MWRkLWIzYWYtZjMzODI5ZDE0Mjc5&lang=en-us&country=US&usercountry=US&state=Latest&fixtureIds=19070789&offerMapping=All&scoreboardMode=Full
BetMGM,IL,2026,Chris Godwin,receiving_tds,5.5,Over,125,2.25,2026-07-19T00:28:40-05:00,1528341056,2213926678,https://cf-us3-cds-api.itsfogo.com/bettingoffer/fixture-view?x-bwin-accessid=ZTg4YWEwMTgtZTlhYy00MWRkLWIzYWYtZjMzODI5ZDE0Mjc5&lang=en-us&country=US&usercountry=US&state=Latest&fixtureIds=19070789&offerMapping=All&scoreboardMode=Full
BetMGM,IL,2026,Chris Godwin,receiving_tds,5.5,Under,-150,1.67,2026-07-19T00:28:40-05:00,1528341056,2213926679,https://cf-us3-cds-api.itsfogo.com/bettingoffer/fixture-view?x-bwin-accessid=ZTg4YWEwMTgtZTlhYy00MWRkLWIzYWYtZjMzODI5ZDE0Mjc5&lang=en-us&country=US&usercountry=US&state=Latest&fixtureIds=19070789&offerMapping=All&scoreboardMode=Full
BetMGM,IL,2026,Chris Olave,receiving_tds,5.5,Over,-135,1.75,2026-07-19T00:28:40-05:00,1528341053,2213926674,https://cf-us3-cds-api.itsfogo.com/bettingoffer/fixture-view?x-bwin-accessid=ZTg4YWEwMTgtZTlhYy00MWRkLWIzYWYtZjMzODI5ZDE0Mjc5&lang=en-us&country=US&usercountry=US&state=Latest&fixtureIds=19070789&offerMapping=All&scoreboardMode=Full
BetMGM,IL,2026,Chris Olave,receiving_tds,5.5,Under,110,2.1,2026-07-19T00:28:40-05:00,1528341053,2213926675,https://cf-us3-cds-api.itsfogo.com/bettingoffer/fixture-view?x-bwin-accessid=ZTg4YWEwMTgtZTlhYy00MWRkLWIzYWYtZjMzODI5ZDE0Mjc5&lang=en-us&country=US&usercountry=US&state=Latest&fixtureIds=19070789&offerMapping=All&scoreboardMode=Full
BetMGM,IL,2026,Christian McCaffrey,receiving_tds,4.5,Over,110,2.1,2026-07-19T00:28:40-05:00,1528341038,2213926644,https://cf-us3-cds-api.itsfogo.com/bettingoffer/fixture-view?x-bwin-accessid=ZTg4YWEwMTgtZTlhYy00MWRkLWIzYWYtZjMzODI5ZDE0Mjc5&lang=en-us&country=US&usercountry=US&state=Latest&fixtureIds=19070789&offerMapping=All&scoreboardMode=Full
BetMGM,IL,2026,Christian McCaffrey,receiving_tds,4.5,Under,-135,1.75,2026-07-19T00:28:40-05:00,1528341038,2213926645,https://cf-us3-cds-api.itsfogo.com/bettingoffer/fixture-view?x-bwin-accessid=ZTg4YWEwMTgtZTlhYy00MWRkLWIzYWYtZjMzODI5ZDE0Mjc5&lang=en-us&country=US&usercountry=US&state=Latest&fixtureIds=19070789&offerMapping=All&scoreboardMode=Full
BetMGM,IL,2026,Christian Watson,receiving_tds,6.5,Over,125,2.25,2026-07-19T00:28:40-05:00,1528341073,2213926714,https://cf-us3-cds-api.itsfogo.com/bettingoffer/fixture-view?x-bwin-accessid=ZTg4YWEwMTgtZTlhYy00MWRkLWIzYWYtZjMzODI5ZDE0Mjc5&lang=en-us&country=US&usercountry=US&state=Latest&fixtureIds=19070789&offerMapping=All&scoreboardMode=Full
BetMGM,IL,2026,Christian Watson,receiving_tds,6.5,Under,-150,1.67,2026-07-19T00:28:40-05:00,1528341073,2213926715,https://cf-us3-cds-api.itsfogo.com/bettingoffer/fixture-view?x-bwin-accessid=ZTg4YWEwMTgtZTlhYy00MWRkLWIzYWYtZjMzODI5ZDE0Mjc5&lang=en-us&country=US&usercountry=US&state=Latest&fixtureIds=19070789&offerMapping=All&scoreboardMode=Full
BetMGM,IL,2026,Colston Loveland,receiving_tds,5.5,Over,-115,1.87,2026-07-19T00:28:40-05:00,1528341057,2213926682,https://cf-us3-cds-api.itsfogo.com/bettingoffer/fixture-view?x-bwin-accessid=ZTg4YWEwMTgtZTlhYy00MWRkLWIzYWYtZjMzODI5ZDE0Mjc5&lang=en-us&country=US&usercountry=US&state=Latest&fixtureIds=19070789&offerMapping=All&scoreboardMode=Full
BetMGM,IL,2026,Colston Loveland,receiving_tds,5.5,Under,-105,1.95,2026-07-19T00:28:40-05:00,1528341057,2213926683,https://cf-us3-cds-api.itsfogo.com/bettingoffer/fixture-view?x-bwin-accessid=ZTg4YWEwMTgtZTlhYy00MWRkLWIzYWYtZjMzODI5ZDE0Mjc5&lang=en-us&country=US&usercountry=US&state=Latest&fixtureIds=19070789&offerMapping=All&scoreboardMode=Full
BetMGM,IL,2026,Courtland Sutton,receiving_tds,7.5,Over,140,2.4,2026-07-19T00:28:40-05:00,1528341087,2213926742,https://cf-us3-cds-api.itsfogo.com/bettingoffer/fixture-view?x-bwin-accessid=ZTg4YWEwMTgtZTlhYy00MWRkLWIzYWYtZjMzODI5ZDE0Mjc5&lang=en-us&country=US&usercountry=US&state=Latest&fixtureIds=19070789&offerMapping=All&scoreboardMode=Full
BetMGM,IL,2026,Courtland Sutton,receiving_tds,7.5,Under,-170,1.59,2026-07-19T00:28:40-05:00,1528341087,2213926743,https://cf-us3-cds-api.itsfogo.com/bettingoffer/fixture-view?x-bwin-accessid=ZTg4YWEwMTgtZTlhYy00MWRkLWIzYWYtZjMzODI5ZDE0Mjc5&lang=en-us&country=US&usercountry=US&state=Latest&fixtureIds=19070789&offerMapping=All&scoreboardMode=Full
BetMGM,IL,2026,Dallas Goedert,receiving_tds,4.5,Over,-125,1.8,2026-07-19T00:28:40-05:00,1537099374,2236640566,https://cf-us3-cds-api.itsfogo.com/bettingoffer/fixture-view?x-bwin-accessid=ZTg4YWEwMTgtZTlhYy00MWRkLWIzYWYtZjMzODI5ZDE0Mjc5&lang=en-us&country=US&usercountry=US&state=Latest&fixtureIds=19070789&offerMapping=All&scoreboardMode=Full
BetMGM,IL,2026,Dallas Goedert,receiving_tds,4.5,Under,105,2.05,2026-07-19T00:28:40-05:00,1537099374,2236640567,https://cf-us3-cds-api.itsfogo.com/bettingoffer/fixture-view?x-bwin-accessid=ZTg4YWEwMTgtZTlhYy00MWRkLWIzYWYtZjMzODI5ZDE0Mjc5&lang=en-us&country=US&usercountry=US&state=Latest&fixtureIds=19070789&offerMapping=All&scoreboardMode=Full
BetMGM,IL,2026,Dalton Kincaid,receiving_tds,3.5,Over,-115,1.87,2026-07-19T00:28:40-05:00,1528341023,2213926611,https://cf-us3-cds-api.itsfogo.com/bettingoffer/fixture-view?x-bwin-accessid=ZTg4YWEwMTgtZTlhYy00MWRkLWIzYWYtZjMzODI5ZDE0Mjc5&lang=en-us&country=US&usercountry=US&state=Latest&fixtureIds=19070789&offerMapping=All&scoreboardMode=Full
BetMGM,IL,2026,Dalton Kincaid,receiving_tds,3.5,Under,-105,1.95,2026-07-19T00:28:40-05:00,1528341023,2213926612,https://cf-us3-cds-api.itsfogo.com/bettingoffer/fixture-view?x-bwin-accessid=ZTg4YWEwMTgtZTlhYy00MWRkLWIzYWYtZjMzODI5ZDE0Mjc5&lang=en-us&country=US&usercountry=US&state=Latest&fixtureIds=19070789&offerMapping=All&scoreboardMode=Full
BetMGM,IL,2026,Davante Adams,receiving_tds,9.5,Over,-110,1.91,2026-07-19T00:28:40-05:00,1528341092,2213926752,https://cf-us3-cds-api.itsfogo.com/bettingoffer/fixture-view?x-bwin-accessid=ZTg4YWEwMTgtZTlhYy00MWRkLWIzYWYtZjMzODI5ZDE0Mjc5&lang=en-us&country=US&usercountry=US&state=Latest&fixtureIds=19070789&offerMapping=All&scoreboardMode=Full
BetMGM,IL,2026,Davante Adams,receiving_tds,9.5,Under,-110,1.91,2026-07-19T00:28:40-05:00,1528341092,2213926753,https://cf-us3-cds-api.itsfogo.com/bettingoffer/fixture-view?x-bwin-accessid=ZTg4YWEwMTgtZTlhYy00MWRkLWIzYWYtZjMzODI5ZDE0Mjc5&lang=en-us&country=US&usercountry=US&state=Latest&fixtureIds=19070789&offerMapping=All&scoreboardMode=Full
BetMGM,IL,2026,DeVonta Smith,receiving_tds,5.5,Over,100,2.0,2026-07-19T00:28:40-05:00,1528341060,2213926688,https://cf-us3-cds-api.itsfogo.com/bettingoffer/fixture-view?x-bwin-accessid=ZTg4YWEwMTgtZTlhYy00MWRkLWIzYWYtZjMzODI5ZDE0Mjc5&lang=en-us&country=US&usercountry=US&state=Latest&fixtureIds=19070789&offerMapping=All&scoreboardMode=Full
BetMGM,IL,2026,DeVonta Smith,receiving_tds,5.5,Under,-120,1.83,2026-07-19T00:28:40-05:00,1528341060,2213926689,https://cf-us3-cds-api.itsfogo.com/bettingoffer/fixture-view?x-bwin-accessid=ZTg4YWEwMTgtZTlhYy00MWRkLWIzYWYtZjMzODI5ZDE0Mjc5&lang=en-us&country=US&usercountry=US&state=Latest&fixtureIds=19070789&offerMapping=All&scoreboardMode=Full
BetMGM,IL,2026,DK Metcalf,receiving_tds,6.5,Over,120,2.2,2026-07-19T00:28:40-05:00,1528341075,2213926718,https://cf-us3-cds-api.itsfogo.com/bettingoffer/fixture-view?x-bwin-accessid=ZTg4YWEwMTgtZTlhYy00MWRkLWIzYWYtZjMzODI5ZDE0Mjc5&lang=en-us&country=US&usercountry=US&state=Latest&fixtureIds=19070789&offerMapping=All&scoreboardMode=Full
BetMGM,IL,2026,DK Metcalf,receiving_tds,6.5,Under,-145,1.7,2026-07-19T00:28:40-05:00,1528341075,2213926719,https://cf-us3-cds-api.itsfogo.com/bettingoffer/fixture-view?x-bwin-accessid=ZTg4YWEwMTgtZTlhYy00MWRkLWIzYWYtZjMzODI5ZDE0Mjc5&lang=en-us&country=US&usercountry=US&state=Latest&fixtureIds=19070789&offerMapping=All&scoreboardMode=Full
BetMGM,IL,2026,Drake London,receiving_tds,7.5,Over,120,2.2,2026-07-19T00:28:40-05:00,1528341082,2213926732,https://cf-us3-cds-api.itsfogo.com/bettingoffer/fixture-view?x-bwin-accessid=ZTg4YWEwMTgtZTlhYy00MWRkLWIzYWYtZjMzODI5ZDE0Mjc5&lang=en-us&country=US&usercountry=US&state=Latest&fixtureIds=19070789&offerMapping=All&scoreboardMode=Full
BetMGM,IL,2026,Drake London,receiving_tds,7.5,Under,-145,1.7,2026-07-19T00:28:40-05:00,1528341082,2213926733,https://cf-us3-cds-api.itsfogo.com/bettingoffer/fixture-view?x-bwin-accessid=ZTg4YWEwMTgtZTlhYy00MWRkLWIzYWYtZjMzODI5ZDE0Mjc5&lang=en-us&country=US&usercountry=US&state=Latest&fixtureIds=19070789&offerMapping=All&scoreboardMode=Full
BetMGM,IL,2026,Emeka Egbuka,receiving_tds,6.5,Over,110,2.1,2026-07-19T00:28:40-05:00,1528341076,2213926720,https://cf-us3-cds-api.itsfogo.com/bettingoffer/fixture-view?x-bwin-accessid=ZTg4YWEwMTgtZTlhYy00MWRkLWIzYWYtZjMzODI5ZDE0Mjc5&lang=en-us&country=US&usercountry=US&state=Latest&fixtureIds=19070789&offerMapping=All&scoreboardMode=Full
BetMGM,IL,2026,Emeka Egbuka,receiving_tds,6.5,Under,-135,1.75,2026-07-19T00:28:40-05:00,1528341076,2213926721,https://cf-us3-cds-api.itsfogo.com/bettingoffer/fixture-view?x-bwin-accessid=ZTg4YWEwMTgtZTlhYy00MWRkLWIzYWYtZjMzODI5ZDE0Mjc5&lang=en-us&country=US&usercountry=US&state=Latest&fixtureIds=19070789&offerMapping=All&scoreboardMode=Full
BetMGM,IL,2026,Garrett Wilson,receiving_tds,4.5,Over,-115,1.87,2026-07-19T00:28:40-05:00,1528341039,2213926646,https://cf-us3-cds-api.itsfogo.com/bettingoffer/fixture-view?x-bwin-accessid=ZTg4YWEwMTgtZTlhYy00MWRkLWIzYWYtZjMzODI5ZDE0Mjc5&lang=en-us&country=US&usercountry=US&state=Latest&fixtureIds=19070789&offerMapping=All&scoreboardMode=Full
BetMGM,IL,2026,Garrett Wilson,receiving_tds,4.5,Under,-105,1.95,2026-07-19T00:28:40-05:00,1528341039,2213926647,https://cf-us3-cds-api.itsfogo.com/bettingoffer/fixture-view?x-bwin-accessid=ZTg4YWEwMTgtZTlhYy00MWRkLWIzYWYtZjMzODI5ZDE0Mjc5&lang=en-us&country=US&usercountry=US&state=Latest&fixtureIds=19070789&offerMapping=All&scoreboardMode=Full
BetMGM,IL,2026,George Pickens,receiving_tds,7.5,Over,125,2.25,2026-07-19T00:28:40-05:00,1528341078,2213926724,https://cf-us3-cds-api.itsfogo.com/bettingoffer/fixture-view?x-bwin-accessid=ZTg4YWEwMTgtZTlhYy00MWRkLWIzYWYtZjMzODI5ZDE0Mjc5&lang=en-us&country=US&usercountry=US&state=Latest&fixtureIds=19070789&offerMapping=All&scoreboardMode=Full
BetMGM,IL,2026,George Pickens,receiving_tds,7.5,Under,-150,1.67,2026-07-19T00:28:40-05:00,1528341078,2213926725,https://cf-us3-cds-api.itsfogo.com/bettingoffer/fixture-view?x-bwin-accessid=ZTg4YWEwMTgtZTlhYy00MWRkLWIzYWYtZjMzODI5ZDE0Mjc5&lang=en-us&country=US&usercountry=US&state=Latest&fixtureIds=19070789&offerMapping=All&scoreboardMode=Full
BetMGM,IL,2026,Hunter Henry,receiving_tds,4.5,Over,130,2.3,2026-07-19T00:28:40-05:00,1528341040,2213926648,https://cf-us3-cds-api.itsfogo.com/bettingoffer/fixture-view?x-bwin-accessid=ZTg4YWEwMTgtZTlhYy00MWRkLWIzYWYtZjMzODI5ZDE0Mjc5&lang=en-us&country=US&usercountry=US&state=Latest&fixtureIds=19070789&offerMapping=All&scoreboardMode=Full
BetMGM,IL,2026,Hunter Henry,receiving_tds,4.5,Under,-155,1.65,2026-07-19T00:28:40-05:00,1528341040,2213926649,https://cf-us3-cds-api.itsfogo.com/bettingoffer/fixture-view?x-bwin-accessid=ZTg4YWEwMTgtZTlhYy00MWRkLWIzYWYtZjMzODI5ZDE0Mjc5&lang=en-us&country=US&usercountry=US&state=Latest&fixtureIds=19070789&offerMapping=All&scoreboardMode=Full
BetMGM,IL,2026,Isaiah Likely,receiving_tds,3.5,Over,105,2.05,2026-07-19T00:28:40-05:00,1528341024,2213926613,https://cf-us3-cds-api.itsfogo.com/bettingoffer/fixture-view?x-bwin-accessid=ZTg4YWEwMTgtZTlhYy00MWRkLWIzYWYtZjMzODI5ZDE0Mjc5&lang=en-us&country=US&usercountry=US&state=Latest&fixtureIds=19070789&offerMapping=All&scoreboardMode=Full
BetMGM,IL,2026,Isaiah Likely,receiving_tds,3.5,Under,-125,1.8,2026-07-19T00:28:40-05:00,1528341024,2213926614,https://cf-us3-cds-api.itsfogo.com/bettingoffer/fixture-view?x-bwin-accessid=ZTg4YWEwMTgtZTlhYy00MWRkLWIzYWYtZjMzODI5ZDE0Mjc5&lang=en-us&country=US&usercountry=US&state=Latest&fixtureIds=19070789&offerMapping=All&scoreboardMode=Full
BetMGM,IL,2026,Ja'Marr Chase,receiving_tds,9.5,Over,-120,1.83,2026-07-19T00:28:40-05:00,1528341094,2213926756,https://cf-us3-cds-api.itsfogo.com/bettingoffer/fixture-view?x-bwin-accessid=ZTg4YWEwMTgtZTlhYy00MWRkLWIzYWYtZjMzODI5ZDE0Mjc5&lang=en-us&country=US&usercountry=US&state=Latest&fixtureIds=19070789&offerMapping=All&scoreboardMode=Full
BetMGM,IL,2026,Ja'Marr Chase,receiving_tds,9.5,Under,100,2.0,2026-07-19T00:28:40-05:00,1528341094,2213926757,https://cf-us3-cds-api.itsfogo.com/bettingoffer/fixture-view?x-bwin-accessid=ZTg4YWEwMTgtZTlhYy00MWRkLWIzYWYtZjMzODI5ZDE0Mjc5&lang=en-us&country=US&usercountry=US&state=Latest&fixtureIds=19070789&offerMapping=All&scoreboardMode=Full
BetMGM,IL,2026,Jahmyr Gibbs,receiving_tds,3.5,Over,-110,1.91,2026-07-19T00:28:40-05:00,1528341025,2213926615,https://cf-us3-cds-api.itsfogo.com/bettingoffer/fixture-view?x-bwin-accessid=ZTg4YWEwMTgtZTlhYy00MWRkLWIzYWYtZjMzODI5ZDE0Mjc5&lang=en-us&country=US&usercountry=US&state=Latest&fixtureIds=19070789&offerMapping=All&scoreboardMode=Full
BetMGM,IL,2026,Jahmyr Gibbs,receiving_tds,3.5,Under,-110,1.91,2026-07-19T00:28:40-05:00,1528341025,2213926616,https://cf-us3-cds-api.itsfogo.com/bettingoffer/fixture-view?x-bwin-accessid=ZTg4YWEwMTgtZTlhYy00MWRkLWIzYWYtZjMzODI5ZDE0Mjc5&lang=en-us&country=US&usercountry=US&state=Latest&fixtureIds=19070789&offerMapping=All&scoreboardMode=Full
BetMGM,IL,2026,Jake Ferguson,receiving_tds,4.5,Over,-105,1.95,2026-07-19T00:28:40-05:00,1528341042,2213926652,https://cf-us3-cds-api.itsfogo.com/bettingoffer/fixture-view?x-bwin-accessid=ZTg4YWEwMTgtZTlhYy00MWRkLWIzYWYtZjMzODI5ZDE0Mjc5&lang=en-us&country=US&usercountry=US&state=Latest&fixtureIds=19070789&offerMapping=All&scoreboardMode=Full
BetMGM,IL,2026,Jake Ferguson,receiving_tds,4.5,Under,-115,1.87,2026-07-19T00:28:40-05:00,1528341042,2213926653,https://cf-us3-cds-api.itsfogo.com/bettingoffer/fixture-view?x-bwin-accessid=ZTg4YWEwMTgtZTlhYy00MWRkLWIzYWYtZjMzODI5ZDE0Mjc5&lang=en-us&country=US&usercountry=US&state=Latest&fixtureIds=19070789&offerMapping=All&scoreboardMode=Full
BetMGM,IL,2026,Jakobi Meyers,receiving_tds,5.5,Over,115,2.15,2026-07-19T00:28:40-05:00,1528341061,2213926690,https://cf-us3-cds-api.itsfogo.com/bettingoffer/fixture-view?x-bwin-accessid=ZTg4YWEwMTgtZTlhYy00MWRkLWIzYWYtZjMzODI5ZDE0Mjc5&lang=en-us&country=US&usercountry=US&state=Latest&fixtureIds=19070789&offerMapping=All&scoreboardMode=Full
BetMGM,IL,2026,Jakobi Meyers,receiving_tds,5.5,Under,-140,1.72,2026-07-19T00:28:40-05:00,1528341061,2213926691,https://cf-us3-cds-api.itsfogo.com/bettingoffer/fixture-view?x-bwin-accessid=ZTg4YWEwMTgtZTlhYy00MWRkLWIzYWYtZjMzODI5ZDE0Mjc5&lang=en-us&country=US&usercountry=US&state=Latest&fixtureIds=19070789&offerMapping=All&scoreboardMode=Full
BetMGM,IL,2026,Jameson Williams,receiving_tds,5.5,Over,-115,1.87,2026-07-19T00:28:40-05:00,1528341062,2213926692,https://cf-us3-cds-api.itsfogo.com/bettingoffer/fixture-view?x-bwin-accessid=ZTg4YWEwMTgtZTlhYy00MWRkLWIzYWYtZjMzODI5ZDE0Mjc5&lang=en-us&country=US&usercountry=US&state=Latest&fixtureIds=19070789&offerMapping=All&scoreboardMode=Full
BetMGM,IL,2026,Jameson Williams,receiving_tds,5.5,Under,-105,1.95,2026-07-19T00:28:40-05:00,1528341062,2213926693,https://cf-us3-cds-api.itsfogo.com/bettingoffer/fixture-view?x-bwin-accessid=ZTg4YWEwMTgtZTlhYy00MWRkLWIzYWYtZjMzODI5ZDE0Mjc5&lang=en-us&country=US&usercountry=US&state=Latest&fixtureIds=19070789&offerMapping=All&scoreboardMode=Full
BetMGM,IL,2026,Jaxon Smith-Njigba,receiving_tds,8.5,Over,105,2.05,2026-07-19T00:28:40-05:00,1528341091,2213926750,https://cf-us3-cds-api.itsfogo.com/bettingoffer/fixture-view?x-bwin-accessid=ZTg4YWEwMTgtZTlhYy00MWRkLWIzYWYtZjMzODI5ZDE0Mjc5&lang=en-us&country=US&usercountry=US&state=Latest&fixtureIds=19070789&offerMapping=All&scoreboardMode=Full
BetMGM,IL,2026,Jaxon Smith-Njigba,receiving_tds,8.5,Under,-125,1.8,2026-07-19T00:28:40-05:00,1528341091,2213926751,https://cf-us3-cds-api.itsfogo.com/bettingoffer/fixture-view?x-bwin-accessid=ZTg4YWEwMTgtZTlhYy00MWRkLWIzYWYtZjMzODI5ZDE0Mjc5&lang=en-us&country=US&usercountry=US&state=Latest&fixtureIds=19070789&offerMapping=All&scoreboardMode=Full
BetMGM,IL,2026,Jaylen Waddle,receiving_tds,5.5,Over,-110,1.91,2026-07-19T00:28:40-05:00,1528341063,2213926694,https://cf-us3-cds-api.itsfogo.com/bettingoffer/fixture-view?x-bwin-accessid=ZTg4YWEwMTgtZTlhYy00MWRkLWIzYWYtZjMzODI5ZDE0Mjc5&lang=en-us&country=US&usercountry=US&state=Latest&fixtureIds=19070789&offerMapping=All&scoreboardMode=Full
BetMGM,IL,2026,Jaylen Waddle,receiving_tds,5.5,Under,-110,1.91,2026-07-19T00:28:40-05:00,1528341063,2213926695,https://cf-us3-cds-api.itsfogo.com/bettingoffer/fixture-view?x-bwin-accessid=ZTg4YWEwMTgtZTlhYy00MWRkLWIzYWYtZjMzODI5ZDE0Mjc5&lang=en-us&country=US&usercountry=US&state=Latest&fixtureIds=19070789&offerMapping=All&scoreboardMode=Full
BetMGM,IL,2026,Jordan Addison,receiving_tds,4.5,Over,-102,1.98,2026-07-19T00:28:40-05:00,1528341043,2213926654,https://cf-us3-cds-api.itsfogo.com/bettingoffer/fixture-view?x-bwin-accessid=ZTg4YWEwMTgtZTlhYy00MWRkLWIzYWYtZjMzODI5ZDE0Mjc5&lang=en-us&country=US&usercountry=US&state=Latest&fixtureIds=19070789&offerMapping=All&scoreboardMode=Full
BetMGM,IL,2026,Jordan Addison,receiving_tds,4.5,Under,-118,1.85,2026-07-19T00:28:40-05:00,1528341043,2213926655,https://cf-us3-cds-api.itsfogo.com/bettingoffer/fixture-view?x-bwin-accessid=ZTg4YWEwMTgtZTlhYy00MWRkLWIzYWYtZjMzODI5ZDE0Mjc5&lang=en-us&country=US&usercountry=US&state=Latest&fixtureIds=19070789&offerMapping=All&scoreboardMode=Full
BetMGM,IL,2026,Jordyn Tyson,receiving_tds,4.5,Over,105,2.05,2026-07-19T00:28:40-05:00,1528396694,2214068037,https://cf-us3-cds-api.itsfogo.com/bettingoffer/fixture-view?x-bwin-accessid=ZTg4YWEwMTgtZTlhYy00MWRkLWIzYWYtZjMzODI5ZDE0Mjc5&lang=en-us&country=US&usercountry=US&state=Latest&fixtureIds=19070789&offerMapping=All&scoreboardMode=Full
BetMGM,IL,2026,Jordyn Tyson,receiving_tds,4.5,Under,-125,1.8,2026-07-19T00:28:40-05:00,1528396694,2214068038,https://cf-us3-cds-api.itsfogo.com/bettingoffer/fixture-view?x-bwin-accessid=ZTg4YWEwMTgtZTlhYy00MWRkLWIzYWYtZjMzODI5ZDE0Mjc5&lang=en-us&country=US&usercountry=US&state=Latest&fixtureIds=19070789&offerMapping=All&scoreboardMode=Full
BetMGM,IL,2026,Justin Jefferson,receiving_tds,7.5,Over,100,2.0,2026-07-19T00:28:40-05:00,1528341083,2213926734,https://cf-us3-cds-api.itsfogo.com/bettingoffer/fixture-view?x-bwin-accessid=ZTg4YWEwMTgtZTlhYy00MWRkLWIzYWYtZjMzODI5ZDE0Mjc5&lang=en-us&country=US&usercountry=US&state=Latest&fixtureIds=19070789&offerMapping=All&scoreboardMode=Full
BetMGM,IL,2026,Justin Jefferson,receiving_tds,7.5,Under,-120,1.83,2026-07-19T00:28:40-05:00,1528341083,2213926735,https://cf-us3-cds-api.itsfogo.com/bettingoffer/fixture-view?x-bwin-accessid=ZTg4YWEwMTgtZTlhYy00MWRkLWIzYWYtZjMzODI5ZDE0Mjc5&lang=en-us&country=US&usercountry=US&state=Latest&fixtureIds=19070789&offerMapping=All&scoreboardMode=Full
BetMGM,IL,2026,Kenyon Sadiq,receiving_tds,3.5,Over,110,2.1,2026-07-19T00:28:40-05:00,1528341027,2213926621,https://cf-us3-cds-api.itsfogo.com/bettingoffer/fixture-view?x-bwin-accessid=ZTg4YWEwMTgtZTlhYy00MWRkLWIzYWYtZjMzODI5ZDE0Mjc5&lang=en-us&country=US&usercountry=US&state=Latest&fixtureIds=19070789&offerMapping=All&scoreboardMode=Full
BetMGM,IL,2026,Kenyon Sadiq,receiving_tds,3.5,Under,-135,1.75,2026-07-19T00:28:40-05:00,1528341027,2213926622,https://cf-us3-cds-api.itsfogo.com/bettingoffer/fixture-view?x-bwin-accessid=ZTg4YWEwMTgtZTlhYy00MWRkLWIzYWYtZjMzODI5ZDE0Mjc5&lang=en-us&country=US&usercountry=US&state=Latest&fixtureIds=19070789&offerMapping=All&scoreboardMode=Full
BetMGM,IL,2026,Kyle Pitts,receiving_tds,3.5,Over,-105,1.95,2026-07-19T00:28:40-05:00,1528341028,2213926623,https://cf-us3-cds-api.itsfogo.com/bettingoffer/fixture-view?x-bwin-accessid=ZTg4YWEwMTgtZTlhYy00MWRkLWIzYWYtZjMzODI5ZDE0Mjc5&lang=en-us&country=US&usercountry=US&state=Latest&fixtureIds=19070789&offerMapping=All&scoreboardMode=Full
BetMGM,IL,2026,Kyle Pitts,receiving_tds,3.5,Under,-115,1.87,2026-07-19T00:28:40-05:00,1528341028,2213926624,https://cf-us3-cds-api.itsfogo.com/bettingoffer/fixture-view?x-bwin-accessid=ZTg4YWEwMTgtZTlhYy00MWRkLWIzYWYtZjMzODI5ZDE0Mjc5&lang=en-us&country=US&usercountry=US&state=Latest&fixtureIds=19070789&offerMapping=All&scoreboardMode=Full
BetMGM,IL,2026,Ladd McConkey,receiving_tds,5.5,Over,-115,1.87,2026-07-19T00:28:40-05:00,1528341065,2213926698,https://cf-us3-cds-api.itsfogo.com/bettingoffer/fixture-view?x-bwin-accessid=ZTg4YWEwMTgtZTlhYy00MWRkLWIzYWYtZjMzODI5ZDE0Mjc5&lang=en-us&country=US&usercountry=US&state=Latest&fixtureIds=19070789&offerMapping=All&scoreboardMode=Full
BetMGM,IL,2026,Ladd McConkey,receiving_tds,5.5,Under,-105,1.95,2026-07-19T00:28:40-05:00,1528341065,2213926699,https://cf-us3-cds-api.itsfogo.com/bettingoffer/fixture-view?x-bwin-accessid=ZTg4YWEwMTgtZTlhYy00MWRkLWIzYWYtZjMzODI5ZDE0Mjc5&lang=en-us&country=US&usercountry=US&state=Latest&fixtureIds=19070789&offerMapping=All&scoreboardMode=Full
BetMGM,IL,2026,Luther Burden III,receiving_tds,4.5,Over,100,2.0,2026-07-19T00:28:40-05:00,1528341044,2213926656,https://cf-us3-cds-api.itsfogo.com/bettingoffer/fixture-view?x-bwin-accessid=ZTg4YWEwMTgtZTlhYy00MWRkLWIzYWYtZjMzODI5ZDE0Mjc5&lang=en-us&country=US&usercountry=US&state=Latest&fixtureIds=19070789&offerMapping=All&scoreboardMode=Full
BetMGM,IL,2026,Luther Burden III,receiving_tds,4.5,Under,-120,1.83,2026-07-19T00:28:40-05:00,1528341044,2213926657,https://cf-us3-cds-api.itsfogo.com/bettingoffer/fixture-view?x-bwin-accessid=ZTg4YWEwMTgtZTlhYy00MWRkLWIzYWYtZjMzODI5ZDE0Mjc5&lang=en-us&country=US&usercountry=US&state=Latest&fixtureIds=19070789&offerMapping=All&scoreboardMode=Full
BetMGM,IL,2026,Mark Andrews,receiving_tds,5.5,Over,-105,1.95,2026-07-19T00:28:40-05:00,1528341066,2213926700,https://cf-us3-cds-api.itsfogo.com/bettingoffer/fixture-view?x-bwin-accessid=ZTg4YWEwMTgtZTlhYy00MWRkLWIzYWYtZjMzODI5ZDE0Mjc5&lang=en-us&country=US&usercountry=US&state=Latest&fixtureIds=19070789&offerMapping=All&scoreboardMode=Full
BetMGM,IL,2026,Mark Andrews,receiving_tds,5.5,Under,-115,1.87,2026-07-19T00:28:40-05:00,1528341066,2213926701,https://cf-us3-cds-api.itsfogo.com/bettingoffer/fixture-view?x-bwin-accessid=ZTg4YWEwMTgtZTlhYy00MWRkLWIzYWYtZjMzODI5ZDE0Mjc5&lang=en-us&country=US&usercountry=US&state=Latest&fixtureIds=19070789&offerMapping=All&scoreboardMode=Full
BetMGM,IL,2026,Marvin Harrison Jr.,receiving_tds,4.5,Over,-115,1.87,2026-07-19T00:28:40-05:00,1528341045,2213926658,https://cf-us3-cds-api.itsfogo.com/bettingoffer/fixture-view?x-bwin-accessid=ZTg4YWEwMTgtZTlhYy00MWRkLWIzYWYtZjMzODI5ZDE0Mjc5&lang=en-us&country=US&usercountry=US&state=Latest&fixtureIds=19070789&offerMapping=All&scoreboardMode=Full
BetMGM,IL,2026,Marvin Harrison Jr.,receiving_tds,4.5,Under,-105,1.95,2026-07-19T00:28:40-05:00,1528341045,2213926659,https://cf-us3-cds-api.itsfogo.com/bettingoffer/fixture-view?x-bwin-accessid=ZTg4YWEwMTgtZTlhYy00MWRkLWIzYWYtZjMzODI5ZDE0Mjc5&lang=en-us&country=US&usercountry=US&state=Latest&fixtureIds=19070789&offerMapping=All&scoreboardMode=Full
BetMGM,IL,2026,Michael Pittman Jr.,receiving_tds,3.5,Over,-115,1.87,2026-07-19T00:28:40-05:00,1528341029,2213926628,https://cf-us3-cds-api.itsfogo.com/bettingoffer/fixture-view?x-bwin-accessid=ZTg4YWEwMTgtZTlhYy00MWRkLWIzYWYtZjMzODI5ZDE0Mjc5&lang=en-us&country=US&usercountry=US&state=Latest&fixtureIds=19070789&offerMapping=All&scoreboardMode=Full
BetMGM,IL,2026,Michael Pittman Jr.,receiving_tds,3.5,Under,-105,1.95,2026-07-19T00:28:40-05:00,1528341029,2213926629,https://cf-us3-cds-api.itsfogo.com/bettingoffer/fixture-view?x-bwin-accessid=ZTg4YWEwMTgtZTlhYy00MWRkLWIzYWYtZjMzODI5ZDE0Mjc5&lang=en-us&country=US&usercountry=US&state=Latest&fixtureIds=19070789&offerMapping=All&scoreboardMode=Full
BetMGM,IL,2026,Mike Evans,receiving_tds,6.5,Over,-115,1.87,2026-07-19T00:28:40-05:00,1528341077,2213926722,https://cf-us3-cds-api.itsfogo.com/bettingoffer/fixture-view?x-bwin-accessid=ZTg4YWEwMTgtZTlhYy00MWRkLWIzYWYtZjMzODI5ZDE0Mjc5&lang=en-us&country=US&usercountry=US&state=Latest&fixtureIds=19070789&offerMapping=All&scoreboardMode=Full
BetMGM,IL,2026,Mike Evans,receiving_tds,6.5,Under,-105,1.95,2026-07-19T00:28:40-05:00,1528341077,2213926723,https://cf-us3-cds-api.itsfogo.com/bettingoffer/fixture-view?x-bwin-accessid=ZTg4YWEwMTgtZTlhYy00MWRkLWIzYWYtZjMzODI5ZDE0Mjc5&lang=en-us&country=US&usercountry=US&state=Latest&fixtureIds=19070789&offerMapping=All&scoreboardMode=Full
BetMGM,IL,2026,Nico Collins,receiving_tds,6.5,Over,110,2.1,2026-07-19T00:28:40-05:00,1528341072,2213926712,https://cf-us3-cds-api.itsfogo.com/bettingoffer/fixture-view?x-bwin-accessid=ZTg4YWEwMTgtZTlhYy00MWRkLWIzYWYtZjMzODI5ZDE0Mjc5&lang=en-us&country=US&usercountry=US&state=Latest&fixtureIds=19070789&offerMapping=All&scoreboardMode=Full
BetMGM,IL,2026,Nico Collins,receiving_tds,6.5,Under,-135,1.75,2026-07-19T00:28:40-05:00,1528341072,2213926713,https://cf-us3-cds-api.itsfogo.com/bettingoffer/fixture-view?x-bwin-accessid=ZTg4YWEwMTgtZTlhYy00MWRkLWIzYWYtZjMzODI5ZDE0Mjc5&lang=en-us&country=US&usercountry=US&state=Latest&fixtureIds=19070789&offerMapping=All&scoreboardMode=Full
BetMGM,IL,2026,Omar Cooper Jr,receiving_tds,3.5,Over,115,2.15,2026-07-19T00:28:40-05:00,1528341031,2213926630,https://cf-us3-cds-api.itsfogo.com/bettingoffer/fixture-view?x-bwin-accessid=ZTg4YWEwMTgtZTlhYy00MWRkLWIzYWYtZjMzODI5ZDE0Mjc5&lang=en-us&country=US&usercountry=US&state=Latest&fixtureIds=19070789&offerMapping=All&scoreboardMode=Full
BetMGM,IL,2026,Omar Cooper Jr,receiving_tds,3.5,Under,-140,1.72,2026-07-19T00:28:40-05:00,1528341031,2213926631,https://cf-us3-cds-api.itsfogo.com/bettingoffer/fixture-view?x-bwin-accessid=ZTg4YWEwMTgtZTlhYy00MWRkLWIzYWYtZjMzODI5ZDE0Mjc5&lang=en-us&country=US&usercountry=US&state=Latest&fixtureIds=19070789&offerMapping=All&scoreboardMode=Full
BetMGM,IL,2026,Parker Washington,receiving_tds,4.5,Over,-105,1.95,2026-07-19T00:28:40-05:00,1528341047,2213926662,https://cf-us3-cds-api.itsfogo.com/bettingoffer/fixture-view?x-bwin-accessid=ZTg4YWEwMTgtZTlhYy00MWRkLWIzYWYtZjMzODI5ZDE0Mjc5&lang=en-us&country=US&usercountry=US&state=Latest&fixtureIds=19070789&offerMapping=All&scoreboardMode=Full
BetMGM,IL,2026,Parker Washington,receiving_tds,4.5,Under,-115,1.87,2026-07-19T00:28:40-05:00,1528341047,2213926663,https://cf-us3-cds-api.itsfogo.com/bettingoffer/fixture-view?x-bwin-accessid=ZTg4YWEwMTgtZTlhYy00MWRkLWIzYWYtZjMzODI5ZDE0Mjc5&lang=en-us&country=US&usercountry=US&state=Latest&fixtureIds=19070789&offerMapping=All&scoreboardMode=Full
BetMGM,IL,2026,Puka Nacua,receiving_tds,8.5,Over,105,2.05,2026-07-19T00:28:40-05:00,1528341090,2213926748,https://cf-us3-cds-api.itsfogo.com/bettingoffer/fixture-view?x-bwin-accessid=ZTg4YWEwMTgtZTlhYy00MWRkLWIzYWYtZjMzODI5ZDE0Mjc5&lang=en-us&country=US&usercountry=US&state=Latest&fixtureIds=19070789&offerMapping=All&scoreboardMode=Full
BetMGM,IL,2026,Puka Nacua,receiving_tds,8.5,Under,-125,1.8,2026-07-19T00:28:40-05:00,1528341090,2213926749,https://cf-us3-cds-api.itsfogo.com/bettingoffer/fixture-view?x-bwin-accessid=ZTg4YWEwMTgtZTlhYy00MWRkLWIzYWYtZjMzODI5ZDE0Mjc5&lang=en-us&country=US&usercountry=US&state=Latest&fixtureIds=19070789&offerMapping=All&scoreboardMode=Full
BetMGM,IL,2026,Quentin Johnston,receiving_tds,5.5,Over,-105,1.95,2026-07-19T00:28:40-05:00,1528341067,2213926702,https://cf-us3-cds-api.itsfogo.com/bettingoffer/fixture-view?x-bwin-accessid=ZTg4YWEwMTgtZTlhYy00MWRkLWIzYWYtZjMzODI5ZDE0Mjc5&lang=en-us&country=US&usercountry=US&state=Latest&fixtureIds=19070789&offerMapping=All&scoreboardMode=Full
BetMGM,IL,2026,Quentin Johnston,receiving_tds,5.5,Under,-115,1.87,2026-07-19T00:28:40-05:00,1528341067,2213926703,https://cf-us3-cds-api.itsfogo.com/bettingoffer/fixture-view?x-bwin-accessid=ZTg4YWEwMTgtZTlhYy00MWRkLWIzYWYtZjMzODI5ZDE0Mjc5&lang=en-us&country=US&usercountry=US&state=Latest&fixtureIds=19070789&offerMapping=All&scoreboardMode=Full
BetMGM,IL,2026,Rashid Shaheed,receiving_tds,3.5,Over,115,2.15,2026-07-19T00:28:40-05:00,1528341032,2213926632,https://cf-us3-cds-api.itsfogo.com/bettingoffer/fixture-view?x-bwin-accessid=ZTg4YWEwMTgtZTlhYy00MWRkLWIzYWYtZjMzODI5ZDE0Mjc5&lang=en-us&country=US&usercountry=US&state=Latest&fixtureIds=19070789&offerMapping=All&scoreboardMode=Full
BetMGM,IL,2026,Rashid Shaheed,receiving_tds,3.5,Under,-140,1.72,2026-07-19T00:28:40-05:00,1528341032,2213926633,https://cf-us3-cds-api.itsfogo.com/bettingoffer/fixture-view?x-bwin-accessid=ZTg4YWEwMTgtZTlhYy00MWRkLWIzYWYtZjMzODI5ZDE0Mjc5&lang=en-us&country=US&usercountry=US&state=Latest&fixtureIds=19070789&offerMapping=All&scoreboardMode=Full
BetMGM,IL,2026,Rome Odunze,receiving_tds,7.5,Over,105,2.05,2026-07-19T00:28:40-05:00,1528341088,2213926744,https://cf-us3-cds-api.itsfogo.com/bettingoffer/fixture-view?x-bwin-accessid=ZTg4YWEwMTgtZTlhYy00MWRkLWIzYWYtZjMzODI5ZDE0Mjc5&lang=en-us&country=US&usercountry=US&state=Latest&fixtureIds=19070789&offerMapping=All&scoreboardMode=Full
BetMGM,IL,2026,Rome Odunze,receiving_tds,7.5,Under,-125,1.8,2026-07-19T00:28:40-05:00,1528341088,2213926745,https://cf-us3-cds-api.itsfogo.com/bettingoffer/fixture-view?x-bwin-accessid=ZTg4YWEwMTgtZTlhYy00MWRkLWIzYWYtZjMzODI5ZDE0Mjc5&lang=en-us&country=US&usercountry=US&state=Latest&fixtureIds=19070789&offerMapping=All&scoreboardMode=Full
BetMGM,IL,2026,Romeo Doubs,receiving_tds,4.5,Over,-105,1.95,2026-07-19T00:28:40-05:00,1528341048,2213926664,https://cf-us3-cds-api.itsfogo.com/bettingoffer/fixture-view?x-bwin-accessid=ZTg4YWEwMTgtZTlhYy00MWRkLWIzYWYtZjMzODI5ZDE0Mjc5&lang=en-us&country=US&usercountry=US&state=Latest&fixtureIds=19070789&offerMapping=All&scoreboardMode=Full
BetMGM,IL,2026,Romeo Doubs,receiving_tds,4.5,Under,-115,1.87,2026-07-19T00:28:40-05:00,1528341048,2213926665,https://cf-us3-cds-api.itsfogo.com/bettingoffer/fixture-view?x-bwin-accessid=ZTg4YWEwMTgtZTlhYy00MWRkLWIzYWYtZjMzODI5ZDE0Mjc5&lang=en-us&country=US&usercountry=US&state=Latest&fixtureIds=19070789&offerMapping=All&scoreboardMode=Full
BetMGM,IL,2026,Sam LaPorta,receiving_tds,4.5,Over,-125,1.8,2026-07-19T00:28:40-05:00,1528341049,2213926666,https://cf-us3-cds-api.itsfogo.com/bettingoffer/fixture-view?x-bwin-accessid=ZTg4YWEwMTgtZTlhYy00MWRkLWIzYWYtZjMzODI5ZDE0Mjc5&lang=en-us&country=US&usercountry=US&state=Latest&fixtureIds=19070789&offerMapping=All&scoreboardMode=Full
BetMGM,IL,2026,Sam LaPorta,receiving_tds,4.5,Under,105,2.05,2026-07-19T00:28:40-05:00,1528341049,2213926667,https://cf-us3-cds-api.itsfogo.com/bettingoffer/fixture-view?x-bwin-accessid=ZTg4YWEwMTgtZTlhYy00MWRkLWIzYWYtZjMzODI5ZDE0Mjc5&lang=en-us&country=US&usercountry=US&state=Latest&fixtureIds=19070789&offerMapping=All&scoreboardMode=Full
BetMGM,IL,2026,Tee Higgins,receiving_tds,7.5,Over,-102,1.98,2026-07-19T00:28:40-05:00,1528341079,2213926726,https://cf-us3-cds-api.itsfogo.com/bettingoffer/fixture-view?x-bwin-accessid=ZTg4YWEwMTgtZTlhYy00MWRkLWIzYWYtZjMzODI5ZDE0Mjc5&lang=en-us&country=US&usercountry=US&state=Latest&fixtureIds=19070789&offerMapping=All&scoreboardMode=Full
BetMGM,IL,2026,Tee Higgins,receiving_tds,7.5,Under,-118,1.85,2026-07-19T00:28:40-05:00,1528341079,2213926727,https://cf-us3-cds-api.itsfogo.com/bettingoffer/fixture-view?x-bwin-accessid=ZTg4YWEwMTgtZTlhYy00MWRkLWIzYWYtZjMzODI5ZDE0Mjc5&lang=en-us&country=US&usercountry=US&state=Latest&fixtureIds=19070789&offerMapping=All&scoreboardMode=Full
BetMGM,IL,2026,Terry McLaurin,receiving_tds,5.5,Over,110,2.1,2026-07-19T00:28:40-05:00,1528341068,2213926704,https://cf-us3-cds-api.itsfogo.com/bettingoffer/fixture-view?x-bwin-accessid=ZTg4YWEwMTgtZTlhYy00MWRkLWIzYWYtZjMzODI5ZDE0Mjc5&lang=en-us&country=US&usercountry=US&state=Latest&fixtureIds=19070789&offerMapping=All&scoreboardMode=Full
BetMGM,IL,2026,Terry McLaurin,receiving_tds,5.5,Under,-135,1.75,2026-07-19T00:28:40-05:00,1528341068,2213926705,https://cf-us3-cds-api.itsfogo.com/bettingoffer/fixture-view?x-bwin-accessid=ZTg4YWEwMTgtZTlhYy00MWRkLWIzYWYtZjMzODI5ZDE0Mjc5&lang=en-us&country=US&usercountry=US&state=Latest&fixtureIds=19070789&offerMapping=All&scoreboardMode=Full
BetMGM,IL,2026,Tetairoa McMillan,receiving_tds,6.5,Over,-105,1.95,2026-07-19T00:28:40-05:00,1528341070,2213926708,https://cf-us3-cds-api.itsfogo.com/bettingoffer/fixture-view?x-bwin-accessid=ZTg4YWEwMTgtZTlhYy00MWRkLWIzYWYtZjMzODI5ZDE0Mjc5&lang=en-us&country=US&usercountry=US&state=Latest&fixtureIds=19070789&offerMapping=All&scoreboardMode=Full
BetMGM,IL,2026,Tetairoa McMillan,receiving_tds,6.5,Under,-115,1.87,2026-07-19T00:28:40-05:00,1528341070,2213926709,https://cf-us3-cds-api.itsfogo.com/bettingoffer/fixture-view?x-bwin-accessid=ZTg4YWEwMTgtZTlhYy00MWRkLWIzYWYtZjMzODI5ZDE0Mjc5&lang=en-us&country=US&usercountry=US&state=Latest&fixtureIds=19070789&offerMapping=All&scoreboardMode=Full
BetMGM,IL,2026,Travis Kelce,receiving_tds,4.5,Over,-110,1.91,2026-07-19T00:28:40-05:00,1528341034,2213926634,https://cf-us3-cds-api.itsfogo.com/bettingoffer/fixture-view?x-bwin-accessid=ZTg4YWEwMTgtZTlhYy00MWRkLWIzYWYtZjMzODI5ZDE0Mjc5&lang=en-us&country=US&usercountry=US&state=Latest&fixtureIds=19070789&offerMapping=All&scoreboardMode=Full
BetMGM,IL,2026,Travis Kelce,receiving_tds,4.5,Under,-110,1.91,2026-07-19T00:28:40-05:00,1528341034,2213926635,https://cf-us3-cds-api.itsfogo.com/bettingoffer/fixture-view?x-bwin-accessid=ZTg4YWEwMTgtZTlhYy00MWRkLWIzYWYtZjMzODI5ZDE0Mjc5&lang=en-us&country=US&usercountry=US&state=Latest&fixtureIds=19070789&offerMapping=All&scoreboardMode=Full
BetMGM,IL,2026,Trey Mcbride,receiving_tds,6.5,Over,105,2.05,2026-07-19T00:28:40-05:00,1528341071,2213926710,https://cf-us3-cds-api.itsfogo.com/bettingoffer/fixture-view?x-bwin-accessid=ZTg4YWEwMTgtZTlhYy00MWRkLWIzYWYtZjMzODI5ZDE0Mjc5&lang=en-us&country=US&usercountry=US&state=Latest&fixtureIds=19070789&offerMapping=All&scoreboardMode=Full
BetMGM,IL,2026,Trey Mcbride,receiving_tds,6.5,Under,-125,1.8,2026-07-19T00:28:40-05:00,1528341071,2213926711,https://cf-us3-cds-api.itsfogo.com/bettingoffer/fixture-view?x-bwin-accessid=ZTg4YWEwMTgtZTlhYy00MWRkLWIzYWYtZjMzODI5ZDE0Mjc5&lang=en-us&country=US&usercountry=US&state=Latest&fixtureIds=19070789&offerMapping=All&scoreboardMode=Full
BetMGM,IL,2026,Tucker Kraft,receiving_tds,4.5,Over,-110,1.91,2026-07-19T00:28:40-05:00,1528341050,2213926668,https://cf-us3-cds-api.itsfogo.com/bettingoffer/fixture-view?x-bwin-accessid=ZTg4YWEwMTgtZTlhYy00MWRkLWIzYWYtZjMzODI5ZDE0Mjc5&lang=en-us&country=US&usercountry=US&state=Latest&fixtureIds=19070789&offerMapping=All&scoreboardMode=Full
BetMGM,IL,2026,Tucker Kraft,receiving_tds,4.5,Under,-110,1.91,2026-07-19T00:28:40-05:00,1528341050,2213926669,https://cf-us3-cds-api.itsfogo.com/bettingoffer/fixture-view?x-bwin-accessid=ZTg4YWEwMTgtZTlhYy00MWRkLWIzYWYtZjMzODI5ZDE0Mjc5&lang=en-us&country=US&usercountry=US&state=Latest&fixtureIds=19070789&offerMapping=All&scoreboardMode=Full
BetMGM,IL,2026,Tyler Warren,receiving_tds,4.5,Over,-102,1.98,2026-07-19T00:28:40-05:00,1528341051,2213926670,https://cf-us3-cds-api.itsfogo.com/bettingoffer/fixture-view?x-bwin-accessid=ZTg4YWEwMTgtZTlhYy00MWRkLWIzYWYtZjMzODI5ZDE0Mjc5&lang=en-us&country=US&usercountry=US&state=Latest&fixtureIds=19070789&offerMapping=All&scoreboardMode=Full
BetMGM,IL,2026,Tyler Warren,receiving_tds,4.5,Under,-118,1.85,2026-07-19T00:28:40-05:00,1528341051,2213926671,https://cf-us3-cds-api.itsfogo.com/bettingoffer/fixture-view?x-bwin-accessid=ZTg4YWEwMTgtZTlhYy00MWRkLWIzYWYtZjMzODI5ZDE0Mjc5&lang=en-us&country=US&usercountry=US&state=Latest&fixtureIds=19070789&offerMapping=All&scoreboardMode=Full
BetMGM,IL,2026,Xavier Worthy,receiving_tds,4.5,Over,140,2.4,2026-07-19T00:28:40-05:00,1528341052,2213926672,https://cf-us3-cds-api.itsfogo.com/bettingoffer/fixture-view?x-bwin-accessid=ZTg4YWEwMTgtZTlhYy00MWRkLWIzYWYtZjMzODI5ZDE0Mjc5&lang=en-us&country=US&usercountry=US&state=Latest&fixtureIds=19070789&offerMapping=All&scoreboardMode=Full
BetMGM,IL,2026,Xavier Worthy,receiving_tds,4.5,Under,-170,1.59,2026-07-19T00:28:40-05:00,1528341052,2213926673,https://cf-us3-cds-api.itsfogo.com/bettingoffer/fixture-view?x-bwin-accessid=ZTg4YWEwMTgtZTlhYy00MWRkLWIzYWYtZjMzODI5ZDE0Mjc5&lang=en-us&country=US&usercountry=US&state=Latest&fixtureIds=19070789&offerMapping=All&scoreboardMode=Full
BetMGM,IL,2026,Zay Flowers,receiving_tds,5.5,Over,100,2.0,2026-07-19T00:28:40-05:00,1528341069,2213926706,https://cf-us3-cds-api.itsfogo.com/bettingoffer/fixture-view?x-bwin-accessid=ZTg4YWEwMTgtZTlhYy00MWRkLWIzYWYtZjMzODI5ZDE0Mjc5&lang=en-us&country=US&usercountry=US&state=Latest&fixtureIds=19070789&offerMapping=All&scoreboardMode=Full
BetMGM,IL,2026,Zay Flowers,receiving_tds,5.5,Under,-120,1.83,2026-07-19T00:28:40-05:00,1528341069,2213926707,https://cf-us3-cds-api.itsfogo.com/bettingoffer/fixture-view?x-bwin-accessid=ZTg4YWEwMTgtZTlhYy00MWRkLWIzYWYtZjMzODI5ZDE0Mjc5&lang=en-us&country=US&usercountry=US&state=Latest&fixtureIds=19070789&offerMapping=All&scoreboardMode=Full
Caesars,IL,2026,Aaron Rodgers,passing_yards,3050.5,Over,-115,1.86957,2026-07-19T00:28:40-05:00,0226418e-68fd-30f1-8109-77a1071b3bf3,6078fed4-6203-39e7-b117-eb2156421424,https://api.americanwagering.com/regions/us/locations/il/brands/czr/sb/v4/sports/americanfootball/tabs/FUTURE_BETS%7CPlayer%20Futures/secondary/_7cPlayer_7c_20_7cTotal_20Regular_20Season_20Passing_20Yards_7c
Caesars,IL,2026,Aaron Rodgers,passing_yards,3050.5,Under,-115,1.86957,2026-07-19T00:28:40-05:00,0226418e-68fd-30f1-8109-77a1071b3bf3,19a698d9-b121-339d-b9e6-bd59c88a2619,https://api.americanwagering.com/regions/us/locations/il/brands/czr/sb/v4/sports/americanfootball/tabs/FUTURE_BETS%7CPlayer%20Futures/secondary/_7cPlayer_7c_20_7cTotal_20Regular_20Season_20Passing_20Yards_7c
Caesars,IL,2026,Baker Mayfield,passing_yards,3550.5,Over,-115,1.86957,2026-07-19T00:28:40-05:00,c16ab800-fee6-3077-9d97-859952db97aa,d5db8c3e-34e0-3a8a-bdb6-c5c429f882b8,https://api.americanwagering.com/regions/us/locations/il/brands/czr/sb/v4/sports/americanfootball/tabs/FUTURE_BETS%7CPlayer%20Futures/secondary/_7cPlayer_7c_20_7cTotal_20Regular_20Season_20Passing_20Yards_7c
Caesars,IL,2026,Baker Mayfield,passing_yards,3550.5,Under,-115,1.86957,2026-07-19T00:28:40-05:00,c16ab800-fee6-3077-9d97-859952db97aa,ba17a442-5be3-3f9d-b580-09a961db397d,https://api.americanwagering.com/regions/us/locations/il/brands/czr/sb/v4/sports/americanfootball/tabs/FUTURE_BETS%7CPlayer%20Futures/secondary/_7cPlayer_7c_20_7cTotal_20Regular_20Season_20Passing_20Yards_7c
Caesars,IL,2026,Bo Nix,passing_yards,3475.5,Over,-115,1.86957,2026-07-19T00:28:40-05:00,f855b47f-f71d-3fc6-8e4b-ca4dd4796616,a27a4d51-790e-38ed-b533-83082c18619b,https://api.americanwagering.com/regions/us/locations/il/brands/czr/sb/v4/sports/americanfootball/tabs/FUTURE_BETS%7CPlayer%20Futures/secondary/_7cPlayer_7c_20_7cTotal_20Regular_20Season_20Passing_20Yards_7c
Caesars,IL,2026,Bo Nix,passing_yards,3475.5,Under,-115,1.86957,2026-07-19T00:28:40-05:00,f855b47f-f71d-3fc6-8e4b-ca4dd4796616,39153c13-4d60-3160-93a4-fca0fa01b295,https://api.americanwagering.com/regions/us/locations/il/brands/czr/sb/v4/sports/americanfootball/tabs/FUTURE_BETS%7CPlayer%20Futures/secondary/_7cPlayer_7c_20_7cTotal_20Regular_20Season_20Passing_20Yards_7c
Caesars,IL,2026,Brock Purdy,passing_yards,3775.5,Over,-115,1.86957,2026-07-19T00:28:40-05:00,7b73af04-07f2-33bf-9c2b-fbd0b9439584,1d2fc121-e6b0-3fcc-8baf-377581828f76,https://api.americanwagering.com/regions/us/locations/il/brands/czr/sb/v4/sports/americanfootball/tabs/FUTURE_BETS%7CPlayer%20Futures/secondary/_7cPlayer_7c_20_7cTotal_20Regular_20Season_20Passing_20Yards_7c
Caesars,IL,2026,Brock Purdy,passing_yards,3775.5,Under,-115,1.86957,2026-07-19T00:28:40-05:00,7b73af04-07f2-33bf-9c2b-fbd0b9439584,6e1256c6-f4da-3f13-8921-3910e035f541,https://api.americanwagering.com/regions/us/locations/il/brands/czr/sb/v4/sports/americanfootball/tabs/FUTURE_BETS%7CPlayer%20Futures/secondary/_7cPlayer_7c_20_7cTotal_20Regular_20Season_20Passing_20Yards_7c
Caesars,IL,2026,Bryce Young,passing_yards,3100.5,Over,-115,1.86957,2026-07-19T00:28:40-05:00,ffc5e9ec-71a2-340b-bd20-e3d361c5981e,b71e318d-c160-3475-afc2-bb79228a6c2c,https://api.americanwagering.com/regions/us/locations/il/brands/czr/sb/v4/sports/americanfootball/tabs/FUTURE_BETS%7CPlayer%20Futures/secondary/_7cPlayer_7c_20_7cTotal_20Regular_20Season_20Passing_20Yards_7c
Caesars,IL,2026,Bryce Young,passing_yards,3100.5,Under,-115,1.86957,2026-07-19T00:28:40-05:00,ffc5e9ec-71a2-340b-bd20-e3d361c5981e,d002f39d-56bd-3a9c-baa9-94899e9ab546,https://api.americanwagering.com/regions/us/locations/il/brands/czr/sb/v4/sports/americanfootball/tabs/FUTURE_BETS%7CPlayer%20Futures/secondary/_7cPlayer_7c_20_7cTotal_20Regular_20Season_20Passing_20Yards_7c
Caesars,IL,2026,C.J. Stroud,passing_yards,3650.5,Over,-115,1.86957,2026-07-19T00:28:40-05:00,bd8c0eee-a606-34ab-b67e-d1fecfcb90a9,93902b2a-36ee-3aeb-87a9-2768e427ba00,https://api.americanwagering.com/regions/us/locations/il/brands/czr/sb/v4/sports/americanfootball/tabs/FUTURE_BETS%7CPlayer%20Futures/secondary/_7cPlayer_7c_20_7cTotal_20Regular_20Season_20Passing_20Yards_7c
Caesars,IL,2026,C.J. Stroud,passing_yards,3650.5,Under,-115,1.86957,2026-07-19T00:28:40-05:00,bd8c0eee-a606-34ab-b67e-d1fecfcb90a9,77d36403-6854-382f-afa2-c64437812b78,https://api.americanwagering.com/regions/us/locations/il/brands/czr/sb/v4/sports/americanfootball/tabs/FUTURE_BETS%7CPlayer%20Futures/secondary/_7cPlayer_7c_20_7cTotal_20Regular_20Season_20Passing_20Yards_7c
Caesars,IL,2026,Caleb Williams,passing_yards,3625.5,Over,-115,1.86957,2026-07-19T00:28:40-05:00,20376dc4-3415-3bc4-beb6-3958f0ef56ae,44963f7c-781f-3aac-b551-6dd3c8ae0bc9,https://api.americanwagering.com/regions/us/locations/il/brands/czr/sb/v4/sports/americanfootball/tabs/FUTURE_BETS%7CPlayer%20Futures/secondary/_7cPlayer_7c_20_7cTotal_20Regular_20Season_20Passing_20Yards_7c
Caesars,IL,2026,Caleb Williams,passing_yards,3625.5,Under,-115,1.86957,2026-07-19T00:28:40-05:00,20376dc4-3415-3bc4-beb6-3958f0ef56ae,f724cc66-f4bf-3a51-bc2c-d70fb2173ac4,https://api.americanwagering.com/regions/us/locations/il/brands/czr/sb/v4/sports/americanfootball/tabs/FUTURE_BETS%7CPlayer%20Futures/secondary/_7cPlayer_7c_20_7cTotal_20Regular_20Season_20Passing_20Yards_7c
Caesars,IL,2026,Cam Ward,passing_yards,3300.5,Over,-115,1.86957,2026-07-19T00:28:40-05:00,c34e89f1-5df5-3205-a612-3abaaf259aee,9f872a97-43b2-3fa9-b633-e45435e8d2f1,https://api.americanwagering.com/regions/us/locations/il/brands/czr/sb/v4/sports/americanfootball/tabs/FUTURE_BETS%7CPlayer%20Futures/secondary/_7cPlayer_7c_20_7cTotal_20Regular_20Season_20Passing_20Yards_7c
Caesars,IL,2026,Cam Ward,passing_yards,3300.5,Under,-115,1.86957,2026-07-19T00:28:40-05:00,c34e89f1-5df5-3205-a612-3abaaf259aee,f5747b41-b462-32f9-9821-41d8f75b507b,https://api.americanwagering.com/regions/us/locations/il/brands/czr/sb/v4/sports/americanfootball/tabs/FUTURE_BETS%7CPlayer%20Futures/secondary/_7cPlayer_7c_20_7cTotal_20Regular_20Season_20Passing_20Yards_7c
Caesars,IL,2026,Dak Prescott,passing_yards,3975.5,Over,-115,1.86957,2026-07-19T00:28:40-05:00,f1b6283b-153d-3efc-af2f-0e46003a7fa6,6cbec905-2bab-302c-ad08-4e3275078439,https://api.americanwagering.com/regions/us/locations/il/brands/czr/sb/v4/sports/americanfootball/tabs/FUTURE_BETS%7CPlayer%20Futures/secondary/_7cPlayer_7c_20_7cTotal_20Regular_20Season_20Passing_20Yards_7c
Caesars,IL,2026,Dak Prescott,passing_yards,3975.5,Under,-115,1.86957,2026-07-19T00:28:40-05:00,f1b6283b-153d-3efc-af2f-0e46003a7fa6,01076ddc-498d-3d70-a49c-7f16473913f2,https://api.americanwagering.com/regions/us/locations/il/brands/czr/sb/v4/sports/americanfootball/tabs/FUTURE_BETS%7CPlayer%20Futures/secondary/_7cPlayer_7c_20_7cTotal_20Regular_20Season_20Passing_20Yards_7c
Caesars,IL,2026,Drake Maye,passing_yards,3775.5,Over,-115,1.86957,2026-07-19T00:28:40-05:00,66347a01-79a6-318e-b181-be6a36d07df4,be415708-c1a6-3626-a901-d5991f041bd7,https://api.americanwagering.com/regions/us/locations/il/brands/czr/sb/v4/sports/americanfootball/tabs/FUTURE_BETS%7CPlayer%20Futures/secondary/_7cPlayer_7c_20_7cTotal_20Regular_20Season_20Passing_20Yards_7c
Caesars,IL,2026,Drake Maye,passing_yards,3775.5,Under,-115,1.86957,2026-07-19T00:28:40-05:00,66347a01-79a6-318e-b181-be6a36d07df4,43fa7edd-2927-3a8d-98aa-9132c8f685d1,https://api.americanwagering.com/regions/us/locations/il/brands/czr/sb/v4/sports/americanfootball/tabs/FUTURE_BETS%7CPlayer%20Futures/secondary/_7cPlayer_7c_20_7cTotal_20Regular_20Season_20Passing_20Yards_7c
Caesars,IL,2026,Fernando Mendoza,passing_yards,2325.5,Over,-110,1.91,2026-07-19T00:28:40-05:00,739b1423-edfe-3e1d-9186-586498ce738d,a764e60b-741f-384e-93ce-1acd17cd9cef,https://api.americanwagering.com/regions/us/locations/il/brands/czr/sb/v4/sports/americanfootball/tabs/FUTURE_BETS%7CPlayer%20Futures/secondary/_7cPlayer_7c_20_7cTotal_20Regular_20Season_20Passing_20Yards_7c
Caesars,IL,2026,Fernando Mendoza,passing_yards,2325.5,Under,-120,1.83,2026-07-19T00:28:40-05:00,739b1423-edfe-3e1d-9186-586498ce738d,4abbb477-b96e-374b-b678-137ec51e49f6,https://api.americanwagering.com/regions/us/locations/il/brands/czr/sb/v4/sports/americanfootball/tabs/FUTURE_BETS%7CPlayer%20Futures/secondary/_7cPlayer_7c_20_7cTotal_20Regular_20Season_20Passing_20Yards_7c
Caesars,IL,2026,Jalen Hurts,passing_yards,3225.5,Over,-115,1.86957,2026-07-19T00:28:40-05:00,8761b995-556a-34f0-844e-0c22ba4655d6,ef5e0822-df13-39ab-a97d-2bb2292a61e5,https://api.americanwagering.com/regions/us/locations/il/brands/czr/sb/v4/sports/americanfootball/tabs/FUTURE_BETS%7CPlayer%20Futures/secondary/_7cPlayer_7c_20_7cTotal_20Regular_20Season_20Passing_20Yards_7c
Caesars,IL,2026,Jalen Hurts,passing_yards,3225.5,Under,-115,1.86957,2026-07-19T00:28:40-05:00,8761b995-556a-34f0-844e-0c22ba4655d6,895d4551-e0c4-3542-802e-6eddb3a645b5,https://api.americanwagering.com/regions/us/locations/il/brands/czr/sb/v4/sports/americanfootball/tabs/FUTURE_BETS%7CPlayer%20Futures/secondary/_7cPlayer_7c_20_7cTotal_20Regular_20Season_20Passing_20Yards_7c
Caesars,IL,2026,Jared Goff,passing_yards,4050.5,Over,-115,1.86957,2026-07-19T00:28:40-05:00,25e31767-a762-381b-9f9b-a3849fd1735b,22e2ee3f-e204-3876-992b-e1649e13575f,https://api.americanwagering.com/regions/us/locations/il/brands/czr/sb/v4/sports/americanfootball/tabs/FUTURE_BETS%7CPlayer%20Futures/secondary/_7cPlayer_7c_20_7cTotal_20Regular_20Season_20Passing_20Yards_7c
Caesars,IL,2026,Jared Goff,passing_yards,4050.5,Under,-115,1.86957,2026-07-19T00:28:40-05:00,25e31767-a762-381b-9f9b-a3849fd1735b,4f641bb7-e248-3caf-9d25-ab2c72e5e350,https://api.americanwagering.com/regions/us/locations/il/brands/czr/sb/v4/sports/americanfootball/tabs/FUTURE_BETS%7CPlayer%20Futures/secondary/_7cPlayer_7c_20_7cTotal_20Regular_20Season_20Passing_20Yards_7c
Caesars,IL,2026,Jaxson Dart,passing_yards,3150.5,Over,-115,1.86957,2026-07-19T00:28:40-05:00,180b5354-3d8b-34c8-9aa0-ebc2a179b467,e6bac4f3-ded5-3efa-a16d-91783203c07b,https://api.americanwagering.com/regions/us/locations/il/brands/czr/sb/v4/sports/americanfootball/tabs/FUTURE_BETS%7CPlayer%20Futures/secondary/_7cPlayer_7c_20_7cTotal_20Regular_20Season_20Passing_20Yards_7c
Caesars,IL,2026,Jaxson Dart,passing_yards,3150.5,Under,-115,1.86957,2026-07-19T00:28:40-05:00,180b5354-3d8b-34c8-9aa0-ebc2a179b467,2caae57f-434b-37a8-a214-5ab9acb13986,https://api.americanwagering.com/regions/us/locations/il/brands/czr/sb/v4/sports/americanfootball/tabs/FUTURE_BETS%7CPlayer%20Futures/secondary/_7cPlayer_7c_20_7cTotal_20Regular_20Season_20Passing_20Yards_7c
Caesars,IL,2026,Jayden Daniels,passing_yards,3350.5,Over,-115,1.86957,2026-07-19T00:28:40-05:00,1fa6ad3d-71f8-3e8e-b6d1-3883224ccedd,d1c324d6-55ed-352f-87af-124ac4dc9563,https://api.americanwagering.com/regions/us/locations/il/brands/czr/sb/v4/sports/americanfootball/tabs/FUTURE_BETS%7CPlayer%20Futures/secondary/_7cPlayer_7c_20_7cTotal_20Regular_20Season_20Passing_20Yards_7c
Caesars,IL,2026,Jayden Daniels,passing_yards,3350.5,Under,-115,1.86957,2026-07-19T00:28:40-05:00,1fa6ad3d-71f8-3e8e-b6d1-3883224ccedd,b6e7906b-6505-35e5-8974-af622468cbd0,https://api.americanwagering.com/regions/us/locations/il/brands/czr/sb/v4/sports/americanfootball/tabs/FUTURE_BETS%7CPlayer%20Futures/secondary/_7cPlayer_7c_20_7cTotal_20Regular_20Season_20Passing_20Yards_7c
Caesars,IL,2026,Joe Burrow,passing_yards,3875.5,Over,-115,1.86957,2026-07-19T00:28:40-05:00,d563ae6d-db72-3f38-81df-720c1d3197e3,13016529-ec48-3d94-8059-6bc5ba73b924,https://api.americanwagering.com/regions/us/locations/il/brands/czr/sb/v4/sports/americanfootball/tabs/FUTURE_BETS%7CPlayer%20Futures/secondary/_7cPlayer_7c_20_7cTotal_20Regular_20Season_20Passing_20Yards_7c
Caesars,IL,2026,Joe Burrow,passing_yards,3875.5,Under,-115,1.86957,2026-07-19T00:28:40-05:00,d563ae6d-db72-3f38-81df-720c1d3197e3,2ab5430f-b180-31c8-9963-3b3b2ccf2a7e,https://api.americanwagering.com/regions/us/locations/il/brands/czr/sb/v4/sports/americanfootball/tabs/FUTURE_BETS%7CPlayer%20Futures/secondary/_7cPlayer_7c_20_7cTotal_20Regular_20Season_20Passing_20Yards_7c
Caesars,IL,2026,Jordan Love,passing_yards,3500.5,Over,-115,1.86957,2026-07-19T00:28:40-05:00,459e8cba-3da0-38b8-87df-8a7c5ba863db,f4969992-e7f3-34e4-aacb-0aa899ef3d87,https://api.americanwagering.com/regions/us/locations/il/brands/czr/sb/v4/sports/americanfootball/tabs/FUTURE_BETS%7CPlayer%20Futures/secondary/_7cPlayer_7c_20_7cTotal_20Regular_20Season_20Passing_20Yards_7c
Caesars,IL,2026,Jordan Love,passing_yards,3500.5,Under,-115,1.86957,2026-07-19T00:28:40-05:00,459e8cba-3da0-38b8-87df-8a7c5ba863db,42081667-0d56-38fb-9c53-c2c7a3230282,https://api.americanwagering.com/regions/us/locations/il/brands/czr/sb/v4/sports/americanfootball/tabs/FUTURE_BETS%7CPlayer%20Futures/secondary/_7cPlayer_7c_20_7cTotal_20Regular_20Season_20Passing_20Yards_7c
Caesars,IL,2026,Josh Allen,passing_yards,3675.5,Over,-115,1.86957,2026-07-19T00:28:40-05:00,46bc5d35-477a-371d-aa7b-1510c87603f4,eaf7e701-aa12-3ef1-ba3d-70cdf4bff084,https://api.americanwagering.com/regions/us/locations/il/brands/czr/sb/v4/sports/americanfootball/tabs/FUTURE_BETS%7CPlayer%20Futures/secondary/_7cPlayer_7c_20_7cTotal_20Regular_20Season_20Passing_20Yards_7c
Caesars,IL,2026,Josh Allen,passing_yards,3675.5,Under,-115,1.86957,2026-07-19T00:28:40-05:00,46bc5d35-477a-371d-aa7b-1510c87603f4,990de105-f83d-3d42-86ed-11b105c6c181,https://api.americanwagering.com/regions/us/locations/il/brands/czr/sb/v4/sports/americanfootball/tabs/FUTURE_BETS%7CPlayer%20Futures/secondary/_7cPlayer_7c_20_7cTotal_20Regular_20Season_20Passing_20Yards_7c
Caesars,IL,2026,Justin Herbert,passing_yards,3600.5,Over,-115,1.86957,2026-07-19T00:28:40-05:00,9c5c178e-ee69-3cb6-8d2c-e6220c4b16ab,608f1791-6305-3b1a-a2be-faa84ffc99b1,https://api.americanwagering.com/regions/us/locations/il/brands/czr/sb/v4/sports/americanfootball/tabs/FUTURE_BETS%7CPlayer%20Futures/secondary/_7cPlayer_7c_20_7cTotal_20Regular_20Season_20Passing_20Yards_7c
Caesars,IL,2026,Justin Herbert,passing_yards,3600.5,Under,-115,1.86957,2026-07-19T00:28:40-05:00,9c5c178e-ee69-3cb6-8d2c-e6220c4b16ab,7771e19e-8357-32b2-8158-d971dd73a92a,https://api.americanwagering.com/regions/us/locations/il/brands/czr/sb/v4/sports/americanfootball/tabs/FUTURE_BETS%7CPlayer%20Futures/secondary/_7cPlayer_7c_20_7cTotal_20Regular_20Season_20Passing_20Yards_7c
Caesars,IL,2026,Kyler Murray,passing_yards,3000.5,Over,-115,1.86957,2026-07-19T00:28:40-05:00,e3971112-d522-333b-be2d-474e0eb78470,735629f7-82aa-39e0-a25a-14154cd8a68d,https://api.americanwagering.com/regions/us/locations/il/brands/czr/sb/v4/sports/americanfootball/tabs/FUTURE_BETS%7CPlayer%20Futures/secondary/_7cPlayer_7c_20_7cTotal_20Regular_20Season_20Passing_20Yards_7c
Caesars,IL,2026,Kyler Murray,passing_yards,3000.5,Under,-115,1.86957,2026-07-19T00:28:40-05:00,e3971112-d522-333b-be2d-474e0eb78470,15db64cf-3f98-3328-a51c-a904d4609a03,https://api.americanwagering.com/regions/us/locations/il/brands/czr/sb/v4/sports/americanfootball/tabs/FUTURE_BETS%7CPlayer%20Futures/secondary/_7cPlayer_7c_20_7cTotal_20Regular_20Season_20Passing_20Yards_7c
Caesars,IL,2026,Lamar Jackson,passing_yards,3225.5,Over,-115,1.86957,2026-07-19T00:28:40-05:00,f4a8d618-89e2-3299-865f-e6f76652206d,0ac2c094-0203-35b9-b08d-3fb838e1ea9d,https://api.americanwagering.com/regions/us/locations/il/brands/czr/sb/v4/sports/americanfootball/tabs/FUTURE_BETS%7CPlayer%20Futures/secondary/_7cPlayer_7c_20_7cTotal_20Regular_20Season_20Passing_20Yards_7c
Caesars,IL,2026,Lamar Jackson,passing_yards,3225.5,Under,-115,1.86957,2026-07-19T00:28:40-05:00,f4a8d618-89e2-3299-865f-e6f76652206d,e2cc8b57-592b-375a-9790-2861abfee3aa,https://api.americanwagering.com/regions/us/locations/il/brands/czr/sb/v4/sports/americanfootball/tabs/FUTURE_BETS%7CPlayer%20Futures/secondary/_7cPlayer_7c_20_7cTotal_20Regular_20Season_20Passing_20Yards_7c
Caesars,IL,2026,Malik Willis,passing_yards,2975.5,Over,-115,1.86957,2026-07-19T00:28:40-05:00,baacd9a3-37a4-304d-91f0-06d265e1ce3e,80bc23a2-8f8e-35af-a5cd-327bd2f2a5a0,https://api.americanwagering.com/regions/us/locations/il/brands/czr/sb/v4/sports/americanfootball/tabs/FUTURE_BETS%7CPlayer%20Futures/secondary/_7cPlayer_7c_20_7cTotal_20Regular_20Season_20Passing_20Yards_7c
Caesars,IL,2026,Malik Willis,passing_yards,2975.5,Under,-115,1.86957,2026-07-19T00:28:40-05:00,baacd9a3-37a4-304d-91f0-06d265e1ce3e,0f13f81d-7870-382f-8038-ad1fa65cd81f,https://api.americanwagering.com/regions/us/locations/il/brands/czr/sb/v4/sports/americanfootball/tabs/FUTURE_BETS%7CPlayer%20Futures/secondary/_7cPlayer_7c_20_7cTotal_20Regular_20Season_20Passing_20Yards_7c
Caesars,IL,2026,Matthew Stafford,passing_yards,3850.5,Over,-115,1.86957,2026-07-19T00:28:40-05:00,fc16580c-f0a3-3ffa-9e72-7393312f3f68,27e61da9-7650-3fa0-86e4-89f62ef7f137,https://api.americanwagering.com/regions/us/locations/il/brands/czr/sb/v4/sports/americanfootball/tabs/FUTURE_BETS%7CPlayer%20Futures/secondary/_7cPlayer_7c_20_7cTotal_20Regular_20Season_20Passing_20Yards_7c
Caesars,IL,2026,Matthew Stafford,passing_yards,3850.5,Under,-115,1.86957,2026-07-19T00:28:40-05:00,fc16580c-f0a3-3ffa-9e72-7393312f3f68,24326d23-5a78-3b37-a724-63d8e3dad7f9,https://api.americanwagering.com/regions/us/locations/il/brands/czr/sb/v4/sports/americanfootball/tabs/FUTURE_BETS%7CPlayer%20Futures/secondary/_7cPlayer_7c_20_7cTotal_20Regular_20Season_20Passing_20Yards_7c
Caesars,IL,2026,Sam Darnold,passing_yards,3675.5,Over,-115,1.86957,2026-07-19T00:28:40-05:00,fe9494b8-53f3-3545-b0f0-0843cddfbad9,0b772170-efa4-34b6-9228-4caed23a4ae5,https://api.americanwagering.com/regions/us/locations/il/brands/czr/sb/v4/sports/americanfootball/tabs/FUTURE_BETS%7CPlayer%20Futures/secondary/_7cPlayer_7c_20_7cTotal_20Regular_20Season_20Passing_20Yards_7c
Caesars,IL,2026,Sam Darnold,passing_yards,3675.5,Under,-115,1.86957,2026-07-19T00:28:40-05:00,fe9494b8-53f3-3545-b0f0-0843cddfbad9,f5b05591-34c9-3a0c-8ea6-829db2a9c8e5,https://api.americanwagering.com/regions/us/locations/il/brands/czr/sb/v4/sports/americanfootball/tabs/FUTURE_BETS%7CPlayer%20Futures/secondary/_7cPlayer_7c_20_7cTotal_20Regular_20Season_20Passing_20Yards_7c
Caesars,IL,2026,Trevor Lawrence,passing_yards,3775.5,Over,-115,1.86957,2026-07-19T00:28:40-05:00,93f6f0b4-5171-3e7a-933a-0940feb5ef70,fce4105a-616d-355e-ad8d-f9c58146069e,https://api.americanwagering.com/regions/us/locations/il/brands/czr/sb/v4/sports/americanfootball/tabs/FUTURE_BETS%7CPlayer%20Futures/secondary/_7cPlayer_7c_20_7cTotal_20Regular_20Season_20Passing_20Yards_7c
Caesars,IL,2026,Trevor Lawrence,passing_yards,3775.5,Under,-115,1.86957,2026-07-19T00:28:40-05:00,93f6f0b4-5171-3e7a-933a-0940feb5ef70,2b1c9fdd-d9eb-3382-8042-80d345a61863,https://api.americanwagering.com/regions/us/locations/il/brands/czr/sb/v4/sports/americanfootball/tabs/FUTURE_BETS%7CPlayer%20Futures/secondary/_7cPlayer_7c_20_7cTotal_20Regular_20Season_20Passing_20Yards_7c
Caesars,IL,2026,Tyler Shough,passing_yards,3600.5,Over,-115,1.86957,2026-07-19T00:28:40-05:00,26a91e25-2159-309f-89c7-16b1fda24f3e,a5118823-8174-3248-9c00-4c213537b472,https://api.americanwagering.com/regions/us/locations/il/brands/czr/sb/v4/sports/americanfootball/tabs/FUTURE_BETS%7CPlayer%20Futures/secondary/_7cPlayer_7c_20_7cTotal_20Regular_20Season_20Passing_20Yards_7c
Caesars,IL,2026,Tyler Shough,passing_yards,3600.5,Under,-115,1.86957,2026-07-19T00:28:40-05:00,26a91e25-2159-309f-89c7-16b1fda24f3e,3149765f-a717-3a18-9e86-e1b7b263d792,https://api.americanwagering.com/regions/us/locations/il/brands/czr/sb/v4/sports/americanfootball/tabs/FUTURE_BETS%7CPlayer%20Futures/secondary/_7cPlayer_7c_20_7cTotal_20Regular_20Season_20Passing_20Yards_7c
Caesars,IL,2026,Aaron Rodgers,passing_tds,20.5,Over,-120,1.83,2026-07-19T00:28:40-05:00,85a4bf8d-68fe-371f-940c-2a67f65e84a7,f20a98e4-c5b7-3664-b142-d3d40ff47962,https://api.americanwagering.com/regions/us/locations/il/brands/czr/sb/v4/sports/americanfootball/tabs/FUTURE_BETS%7CPlayer%20Futures
Caesars,IL,2026,Aaron Rodgers,passing_tds,20.5,Under,-110,1.91,2026-07-19T00:28:40-05:00,85a4bf8d-68fe-371f-940c-2a67f65e84a7,abff7e6f-f62a-3741-a118-5eb76f6a963f,https://api.americanwagering.com/regions/us/locations/il/brands/czr/sb/v4/sports/americanfootball/tabs/FUTURE_BETS%7CPlayer%20Futures
Caesars,IL,2026,Baker Mayfield,passing_tds,24.5,Over,100,2.0,2026-07-19T00:28:40-05:00,a27b158c-f3de-3a84-817b-6bc138ca39ee,58c1bd57-b293-37d1-9574-ecd0686ac8a4,https://api.americanwagering.com/regions/us/locations/il/brands/czr/sb/v4/sports/americanfootball/tabs/FUTURE_BETS%7CPlayer%20Futures
Caesars,IL,2026,Baker Mayfield,passing_tds,24.5,Under,-130,1.77,2026-07-19T00:28:40-05:00,a27b158c-f3de-3a84-817b-6bc138ca39ee,d69f39c3-807f-3625-9dfc-186bf22c1cfd,https://api.americanwagering.com/regions/us/locations/il/brands/czr/sb/v4/sports/americanfootball/tabs/FUTURE_BETS%7CPlayer%20Futures
Caesars,IL,2026,Bo Nix,passing_tds,24.5,Over,100,2.0,2026-07-19T00:28:40-05:00,4ee366a1-eae1-3f48-b7b9-c5396bcac724,8ff19a26-7667-3cf6-b216-6a06c88f8ab8,https://api.americanwagering.com/regions/us/locations/il/brands/czr/sb/v4/sports/americanfootball/tabs/FUTURE_BETS%7CPlayer%20Futures
Caesars,IL,2026,Bo Nix,passing_tds,24.5,Under,-130,1.77,2026-07-19T00:28:40-05:00,4ee366a1-eae1-3f48-b7b9-c5396bcac724,f0cded87-8b03-33ea-9921-ff673cf97b7c,https://api.americanwagering.com/regions/us/locations/il/brands/czr/sb/v4/sports/americanfootball/tabs/FUTURE_BETS%7CPlayer%20Futures
Caesars,IL,2026,Brock Purdy,passing_tds,25.5,Over,-135,1.74074,2026-07-19T00:28:40-05:00,0ce850a6-97c2-3082-b600-9cbcf673bc43,fcc0c206-802d-305a-b06d-77489969a26d,https://api.americanwagering.com/regions/us/locations/il/brands/czr/sb/v4/sports/americanfootball/tabs/FUTURE_BETS%7CPlayer%20Futures
Caesars,IL,2026,Brock Purdy,passing_tds,25.5,Under,105,2.05,2026-07-19T00:28:40-05:00,0ce850a6-97c2-3082-b600-9cbcf673bc43,f6059237-c351-3abd-88bc-eb8fc6368aac,https://api.americanwagering.com/regions/us/locations/il/brands/czr/sb/v4/sports/americanfootball/tabs/FUTURE_BETS%7CPlayer%20Futures
Caesars,IL,2026,Bryce Young,passing_tds,20.5,Over,-115,1.86957,2026-07-19T00:28:40-05:00,9f277d22-46aa-3f96-9aa0-9b0f74586950,7b05906e-1fc4-36a1-8de0-650c56beb3b9,https://api.americanwagering.com/regions/us/locations/il/brands/czr/sb/v4/sports/americanfootball/tabs/FUTURE_BETS%7CPlayer%20Futures
Caesars,IL,2026,Bryce Young,passing_tds,20.5,Under,-115,1.86957,2026-07-19T00:28:40-05:00,9f277d22-46aa-3f96-9aa0-9b0f74586950,2915233e-9a03-3371-b862-eb350168e55a,https://api.americanwagering.com/regions/us/locations/il/brands/czr/sb/v4/sports/americanfootball/tabs/FUTURE_BETS%7CPlayer%20Futures
Caesars,IL,2026,C.J. Stroud,passing_tds,22.5,Over,-125,1.8,2026-07-19T00:28:40-05:00,f05c328b-22cb-3608-8b74-3b82943f6dfd,58cd7ef9-773b-37fc-8310-ade01876074d,https://api.americanwagering.com/regions/us/locations/il/brands/czr/sb/v4/sports/americanfootball/tabs/FUTURE_BETS%7CPlayer%20Futures
Caesars,IL,2026,C.J. Stroud,passing_tds,22.5,Under,-105,1.95238,2026-07-19T00:28:40-05:00,f05c328b-22cb-3608-8b74-3b82943f6dfd,ed0b2118-e2a4-3057-863c-5164feca5a87,https://api.americanwagering.com/regions/us/locations/il/brands/czr/sb/v4/sports/americanfootball/tabs/FUTURE_BETS%7CPlayer%20Futures
Caesars,IL,2026,Caleb Williams,passing_tds,23.5,Over,-115,1.86957,2026-07-19T00:28:40-05:00,a8f7368a-ddf7-3e3f-af2a-0ca27b9ca06a,af409ac0-9755-3dac-8c61-8ef0c5d6822e,https://api.americanwagering.com/regions/us/locations/il/brands/czr/sb/v4/sports/americanfootball/tabs/FUTURE_BETS%7CPlayer%20Futures
Caesars,IL,2026,Caleb Williams,passing_tds,23.5,Under,-115,1.86957,2026-07-19T00:28:40-05:00,a8f7368a-ddf7-3e3f-af2a-0ca27b9ca06a,0c9eb939-15ae-37e1-b389-f5ec101819aa,https://api.americanwagering.com/regions/us/locations/il/brands/czr/sb/v4/sports/americanfootball/tabs/FUTURE_BETS%7CPlayer%20Futures
Caesars,IL,2026,Cam Ward,passing_tds,17.5,Over,-115,1.86957,2026-07-19T00:28:40-05:00,fa003522-123a-319f-b673-7dde2c525f33,33e895c8-4510-3acb-8e32-8a518facf2ea,https://api.americanwagering.com/regions/us/locations/il/brands/czr/sb/v4/sports/americanfootball/tabs/FUTURE_BETS%7CPlayer%20Futures
Caesars,IL,2026,Cam Ward,passing_tds,17.5,Under,-115,1.86957,2026-07-19T00:28:40-05:00,fa003522-123a-319f-b673-7dde2c525f33,0e5a22d4-f8f9-3b6c-aeb5-ec6a33e4ee19,https://api.americanwagering.com/regions/us/locations/il/brands/czr/sb/v4/sports/americanfootball/tabs/FUTURE_BETS%7CPlayer%20Futures
Caesars,IL,2026,Dak Prescott,passing_tds,27.5,Over,100,2.0,2026-07-19T00:28:40-05:00,a853ea4a-a4ee-37fd-8923-afb387018ae4,ce201b3b-4529-31dd-9d0e-6035a28df0bf,https://api.americanwagering.com/regions/us/locations/il/brands/czr/sb/v4/sports/americanfootball/tabs/FUTURE_BETS%7CPlayer%20Futures
Caesars,IL,2026,Dak Prescott,passing_tds,27.5,Under,-130,1.77,2026-07-19T00:28:40-05:00,a853ea4a-a4ee-37fd-8923-afb387018ae4,800e71d4-a565-3f6e-8c2f-4887e342d831,https://api.americanwagering.com/regions/us/locations/il/brands/czr/sb/v4/sports/americanfootball/tabs/FUTURE_BETS%7CPlayer%20Futures
Caesars,IL,2026,Drake Maye,passing_tds,24.5,Over,-130,1.77,2026-07-19T00:28:40-05:00,0d2d943b-120f-312b-964d-f053e07d3f8b,564f700a-77bc-326a-a4b3-7e5ca0cd4170,https://api.americanwagering.com/regions/us/locations/il/brands/czr/sb/v4/sports/americanfootball/tabs/FUTURE_BETS%7CPlayer%20Futures
Caesars,IL,2026,Drake Maye,passing_tds,24.5,Under,100,2.0,2026-07-19T00:28:40-05:00,0d2d943b-120f-312b-964d-f053e07d3f8b,773074da-a965-3dfc-b0dc-c4c3d203abb2,https://api.americanwagering.com/regions/us/locations/il/brands/czr/sb/v4/sports/americanfootball/tabs/FUTURE_BETS%7CPlayer%20Futures
Caesars,IL,2026,Fernando Mendoza,passing_tds,12.5,Over,115,2.15,2026-07-19T00:28:40-05:00,27265daa-5b7e-352e-823f-c07428f1c2f9,7ab90fb3-b46f-370b-a5b5-2536999cddbf,https://api.americanwagering.com/regions/us/locations/il/brands/czr/sb/v4/sports/americanfootball/tabs/FUTURE_BETS%7CPlayer%20Futures
Caesars,IL,2026,Fernando Mendoza,passing_tds,12.5,Under,-145,1.68966,2026-07-19T00:28:40-05:00,27265daa-5b7e-352e-823f-c07428f1c2f9,27bcdf4e-7bde-3bfd-8ce2-d79070e2f0fb,https://api.americanwagering.com/regions/us/locations/il/brands/czr/sb/v4/sports/americanfootball/tabs/FUTURE_BETS%7CPlayer%20Futures
Caesars,IL,2026,Jalen Hurts,passing_tds,21.5,Over,115,2.15,2026-07-19T00:28:40-05:00,c4ae5f1c-3444-3386-a1c1-56d7d9699bba,7707478d-d145-322b-a52e-295d6c91b419,https://api.americanwagering.com/regions/us/locations/il/brands/czr/sb/v4/sports/americanfootball/tabs/FUTURE_BETS%7CPlayer%20Futures
Caesars,IL,2026,Jalen Hurts,passing_tds,21.5,Under,-145,1.68966,2026-07-19T00:28:40-05:00,c4ae5f1c-3444-3386-a1c1-56d7d9699bba,ca3bf819-cc33-32a7-926c-962075292057,https://api.americanwagering.com/regions/us/locations/il/brands/czr/sb/v4/sports/americanfootball/tabs/FUTURE_BETS%7CPlayer%20Futures
Caesars,IL,2026,Jared Goff,passing_tds,28.5,Over,-130,1.77,2026-07-19T00:28:40-05:00,38f5b3d4-661f-3423-8169-103e21d72111,cf0f5abd-0529-3183-8ff6-e6421f8bf40b,https://api.americanwagering.com/regions/us/locations/il/brands/czr/sb/v4/sports/americanfootball/tabs/FUTURE_BETS%7CPlayer%20Futures
Caesars,IL,2026,Jared Goff,passing_tds,28.5,Under,100,2.0,2026-07-19T00:28:40-05:00,38f5b3d4-661f-3423-8169-103e21d72111,5f80d780-f39f-361e-a5ed-76e7169cda97,https://api.americanwagering.com/regions/us/locations/il/brands/czr/sb/v4/sports/americanfootball/tabs/FUTURE_BETS%7CPlayer%20Futures
Caesars,IL,2026,Jaxson Dart,passing_tds,19.5,Over,100,2.0,2026-07-19T00:28:40-05:00,602a1555-16d2-3fde-a814-662761a1b597,37cb0582-3570-32a0-a8f4-d32e5496f5bf,https://api.americanwagering.com/regions/us/locations/il/brands/czr/sb/v4/sports/americanfootball/tabs/FUTURE_BETS%7CPlayer%20Futures
Caesars,IL,2026,Jaxson Dart,passing_tds,19.5,Under,-130,1.77,2026-07-19T00:28:40-05:00,602a1555-16d2-3fde-a814-662761a1b597,bf8e2825-bf85-37dc-8d4b-9f7e19f4ff83,https://api.americanwagering.com/regions/us/locations/il/brands/czr/sb/v4/sports/americanfootball/tabs/FUTURE_BETS%7CPlayer%20Futures
Caesars,IL,2026,Jayden Daniels,passing_tds,21.5,Over,-105,1.95238,2026-07-19T00:28:40-05:00,d149b146-97c6-393a-91ae-9d64cb6634a3,c7e8afa7-b949-3095-8a25-7c05fac0a26e,https://api.americanwagering.com/regions/us/locations/il/brands/czr/sb/v4/sports/americanfootball/tabs/FUTURE_BETS%7CPlayer%20Futures
Caesars,IL,2026,Jayden Daniels,passing_tds,21.5,Under,-125,1.8,2026-07-19T00:28:40-05:00,d149b146-97c6-393a-91ae-9d64cb6634a3,2244846a-d63a-3978-b6c2-5cd98d7ddc9d,https://api.americanwagering.com/regions/us/locations/il/brands/czr/sb/v4/sports/americanfootball/tabs/FUTURE_BETS%7CPlayer%20Futures
Caesars,IL,2026,Joe Burrow,passing_tds,32.5,Over,-115,1.86957,2026-07-19T00:28:40-05:00,5b43f6ee-2683-394f-89b4-8f691e5ae619,33fffb27-f3fa-3429-850f-5d8b569ca5e7,https://api.americanwagering.com/regions/us/locations/il/brands/czr/sb/v4/sports/americanfootball/tabs/FUTURE_BETS%7CPlayer%20Futures
Caesars,IL,2026,Joe Burrow,passing_tds,32.5,Under,-115,1.86957,2026-07-19T00:28:40-05:00,5b43f6ee-2683-394f-89b4-8f691e5ae619,f37f4c4b-d06e-3b26-b4fb-1f59ae79ba3f,https://api.americanwagering.com/regions/us/locations/il/brands/czr/sb/v4/sports/americanfootball/tabs/FUTURE_BETS%7CPlayer%20Futures
Caesars,IL,2026,Jordan Love,passing_tds,24.5,Over,100,2.0,2026-07-19T00:28:40-05:00,7fa05072-f667-32af-80d4-efe98f66ef8b,09f6874e-2491-37d5-b6e5-3b6262abc907,https://api.americanwagering.com/regions/us/locations/il/brands/czr/sb/v4/sports/americanfootball/tabs/FUTURE_BETS%7CPlayer%20Futures
Caesars,IL,2026,Jordan Love,passing_tds,24.5,Under,-130,1.77,2026-07-19T00:28:40-05:00,7fa05072-f667-32af-80d4-efe98f66ef8b,1a10621e-e602-3db2-b150-78fb7d623544,https://api.americanwagering.com/regions/us/locations/il/brands/czr/sb/v4/sports/americanfootball/tabs/FUTURE_BETS%7CPlayer%20Futures
Caesars,IL,2026,Josh Allen,passing_tds,24.5,Over,-105,1.95238,2026-07-19T00:28:40-05:00,85094c82-cf0e-3813-bccd-9c0053c5a008,4d6231c0-6d12-3c92-a183-9e9471546124,https://api.americanwagering.com/regions/us/locations/il/brands/czr/sb/v4/sports/americanfootball/tabs/FUTURE_BETS%7CPlayer%20Futures
Caesars,IL,2026,Josh Allen,passing_tds,24.5,Under,-125,1.8,2026-07-19T00:28:40-05:00,85094c82-cf0e-3813-bccd-9c0053c5a008,5081857a-0637-3c90-a9cb-db006d9f3b9a,https://api.americanwagering.com/regions/us/locations/il/brands/czr/sb/v4/sports/americanfootball/tabs/FUTURE_BETS%7CPlayer%20Futures
Caesars,IL,2026,Justin Herbert,passing_tds,23.5,Over,-130,1.77,2026-07-19T00:28:40-05:00,61045af4-8226-3c9e-aca1-a30fae2c0898,5affed6f-6cb3-3176-a146-d5684142799c,https://api.americanwagering.com/regions/us/locations/il/brands/czr/sb/v4/sports/americanfootball/tabs/FUTURE_BETS%7CPlayer%20Futures
Caesars,IL,2026,Justin Herbert,passing_tds,23.5,Under,100,2.0,2026-07-19T00:28:40-05:00,61045af4-8226-3c9e-aca1-a30fae2c0898,aa82519f-0d3d-31af-b4bc-c38875f310c3,https://api.americanwagering.com/regions/us/locations/il/brands/czr/sb/v4/sports/americanfootball/tabs/FUTURE_BETS%7CPlayer%20Futures
Caesars,IL,2026,Kyler Murray,passing_tds,17.5,Over,-120,1.83,2026-07-19T00:28:40-05:00,bb0c9092-08df-32ec-871e-fb7b6b23dc42,fbd0e40e-41b3-36f2-a5bb-5942492a93b0,https://api.americanwagering.com/regions/us/locations/il/brands/czr/sb/v4/sports/americanfootball/tabs/FUTURE_BETS%7CPlayer%20Futures
Caesars,IL,2026,Kyler Murray,passing_tds,17.5,Under,-110,1.91,2026-07-19T00:28:40-05:00,bb0c9092-08df-32ec-871e-fb7b6b23dc42,285b7046-66ce-32e8-a824-feb7cceec614,https://api.americanwagering.com/regions/us/locations/il/brands/czr/sb/v4/sports/americanfootball/tabs/FUTURE_BETS%7CPlayer%20Futures
Caesars,IL,2026,Lamar Jackson,passing_tds,23.5,Over,100,2.0,2026-07-19T00:28:40-05:00,5ce36800-45bd-3914-bce4-af4556f34054,67b4af71-60d2-3bb0-8cb8-73edc46fc33d,https://api.americanwagering.com/regions/us/locations/il/brands/czr/sb/v4/sports/americanfootball/tabs/FUTURE_BETS%7CPlayer%20Futures
Caesars,IL,2026,Lamar Jackson,passing_tds,23.5,Under,-130,1.77,2026-07-19T00:28:40-05:00,5ce36800-45bd-3914-bce4-af4556f34054,69d186e8-add7-3a91-ab48-ef9b53238adf,https://api.americanwagering.com/regions/us/locations/il/brands/czr/sb/v4/sports/americanfootball/tabs/FUTURE_BETS%7CPlayer%20Futures
Caesars,IL,2026,Malik Willis,passing_tds,14.5,Over,-105,1.95238,2026-07-19T00:28:40-05:00,ff3e6b17-66eb-3c96-880f-331f7ce20ef8,76a1dc9f-4114-3a8e-a0bc-f9bc0ae67f0c,https://api.americanwagering.com/regions/us/locations/il/brands/czr/sb/v4/sports/americanfootball/tabs/FUTURE_BETS%7CPlayer%20Futures
Caesars,IL,2026,Malik Willis,passing_tds,14.5,Under,-125,1.8,2026-07-19T00:28:40-05:00,ff3e6b17-66eb-3c96-880f-331f7ce20ef8,0710e081-d896-3e20-9e79-233e0917d7ae,https://api.americanwagering.com/regions/us/locations/il/brands/czr/sb/v4/sports/americanfootball/tabs/FUTURE_BETS%7CPlayer%20Futures
Caesars,IL,2026,Matthew Stafford,passing_tds,30.5,Over,100,2.0,2026-07-19T00:28:40-05:00,4f8cb66e-3c0a-308f-b5c7-f7ffa7439527,8ef54f3f-0cae-3dad-9d37-9e9f17ad7b40,https://api.americanwagering.com/regions/us/locations/il/brands/czr/sb/v4/sports/americanfootball/tabs/FUTURE_BETS%7CPlayer%20Futures
Caesars,IL,2026,Matthew Stafford,passing_tds,30.5,Under,-130,1.77,2026-07-19T00:28:40-05:00,4f8cb66e-3c0a-308f-b5c7-f7ffa7439527,85ceaf73-f15f-3d8b-a8eb-ce56800740cc,https://api.americanwagering.com/regions/us/locations/il/brands/czr/sb/v4/sports/americanfootball/tabs/FUTURE_BETS%7CPlayer%20Futures
Caesars,IL,2026,Sam Darnold,passing_tds,22.5,Over,100,2.0,2026-07-19T00:28:40-05:00,4dfe834b-c28b-310d-ad36-1854a4492b7c,aa67b8f0-0bb9-3aab-8238-b8e7b442a96f,https://api.americanwagering.com/regions/us/locations/il/brands/czr/sb/v4/sports/americanfootball/tabs/FUTURE_BETS%7CPlayer%20Futures
Caesars,IL,2026,Sam Darnold,passing_tds,22.5,Under,-130,1.77,2026-07-19T00:28:40-05:00,4dfe834b-c28b-310d-ad36-1854a4492b7c,8916e839-9329-3931-81fb-91e6b8e74c12,https://api.americanwagering.com/regions/us/locations/il/brands/czr/sb/v4/sports/americanfootball/tabs/FUTURE_BETS%7CPlayer%20Futures
Caesars,IL,2026,Trevor Lawrence,passing_tds,24.5,Over,100,2.0,2026-07-19T00:28:40-05:00,762595b4-515a-32dd-a756-ffd7884d4f12,7e3fbe6c-e526-3b0f-b2d3-492e1abce84a,https://api.americanwagering.com/regions/us/locations/il/brands/czr/sb/v4/sports/americanfootball/tabs/FUTURE_BETS%7CPlayer%20Futures
Caesars,IL,2026,Trevor Lawrence,passing_tds,24.5,Under,-130,1.77,2026-07-19T00:28:40-05:00,762595b4-515a-32dd-a756-ffd7884d4f12,ad31a19d-76cf-3e67-b160-88ced87dbc34,https://api.americanwagering.com/regions/us/locations/il/brands/czr/sb/v4/sports/americanfootball/tabs/FUTURE_BETS%7CPlayer%20Futures
Caesars,IL,2026,Tyler Shough,passing_tds,19.5,Over,-105,1.95238,2026-07-19T00:28:40-05:00,41cbf9cd-15d0-389b-99b8-4da6c6820730,56ec6a9f-996b-3222-896e-7578742e4e7e,https://api.americanwagering.com/regions/us/locations/il/brands/czr/sb/v4/sports/americanfootball/tabs/FUTURE_BETS%7CPlayer%20Futures
Caesars,IL,2026,Tyler Shough,passing_tds,19.5,Under,-125,1.8,2026-07-19T00:28:40-05:00,41cbf9cd-15d0-389b-99b8-4da6c6820730,19f58870-3f4f-3450-8a8f-68101c6db5fa,https://api.americanwagering.com/regions/us/locations/il/brands/czr/sb/v4/sports/americanfootball/tabs/FUTURE_BETS%7CPlayer%20Futures
Caesars,IL,2026,Aaron Jones,rushing_yards,550.5,Over,-115,1.86957,2026-07-19T00:28:40-05:00,8728a5a5-6162-3ed2-b650-29b8feb675e7,ecf033b2-7970-3b0e-9675-3ae6566efd40,https://api.americanwagering.com/regions/us/locations/il/brands/czr/sb/v4/sports/americanfootball/tabs/FUTURE_BETS%7CPlayer%20Futures/secondary/_7cPlayer_7c_20_7cTotal_20Regular_20Season_20Rushing_20Yards_7c
Caesars,IL,2026,Aaron Jones,rushing_yards,550.5,Under,-115,1.86957,2026-07-19T00:28:40-05:00,8728a5a5-6162-3ed2-b650-29b8feb675e7,867731e9-47ea-37f8-bd9e-0e80ed0ea9a1,https://api.americanwagering.com/regions/us/locations/il/brands/czr/sb/v4/sports/americanfootball/tabs/FUTURE_BETS%7CPlayer%20Futures/secondary/_7cPlayer_7c_20_7cTotal_20Regular_20Season_20Rushing_20Yards_7c
Caesars,IL,2026,Ashton Jeanty,rushing_yards,975.5,Over,-115,1.86957,2026-07-19T00:28:40-05:00,20ff702e-6860-3506-a1e8-c2f24042a5c5,ba11bcb1-34ee-3318-a724-dd954551fe9e,https://api.americanwagering.com/regions/us/locations/il/brands/czr/sb/v4/sports/americanfootball/tabs/FUTURE_BETS%7CPlayer%20Futures/secondary/_7cPlayer_7c_20_7cTotal_20Regular_20Season_20Rushing_20Yards_7c
Caesars,IL,2026,Ashton Jeanty,rushing_yards,975.5,Under,-115,1.86957,2026-07-19T00:28:40-05:00,20ff702e-6860-3506-a1e8-c2f24042a5c5,ca670257-71d3-3233-b5e0-a799c2b65319,https://api.americanwagering.com/regions/us/locations/il/brands/czr/sb/v4/sports/americanfootball/tabs/FUTURE_BETS%7CPlayer%20Futures/secondary/_7cPlayer_7c_20_7cTotal_20Regular_20Season_20Rushing_20Yards_7c
Caesars,IL,2026,Bhayshul Tuten,rushing_yards,725.5,Over,-115,1.86957,2026-07-19T00:28:40-05:00,c35e1994-31bf-372a-a398-ca3d0562dfff,08f592cb-ad39-3047-979a-310018c74ec2,https://api.americanwagering.com/regions/us/locations/il/brands/czr/sb/v4/sports/americanfootball/tabs/FUTURE_BETS%7CPlayer%20Futures/secondary/_7cPlayer_7c_20_7cTotal_20Regular_20Season_20Rushing_20Yards_7c
Caesars,IL,2026,Bhayshul Tuten,rushing_yards,725.5,Under,-115,1.86957,2026-07-19T00:28:40-05:00,c35e1994-31bf-372a-a398-ca3d0562dfff,361c31df-b187-38c7-b255-75f7492497d1,https://api.americanwagering.com/regions/us/locations/il/brands/czr/sb/v4/sports/americanfootball/tabs/FUTURE_BETS%7CPlayer%20Futures/secondary/_7cPlayer_7c_20_7cTotal_20Regular_20Season_20Rushing_20Yards_7c
Caesars,IL,2026,Bijan Robinson,rushing_yards,1125.5,Over,-115,1.86957,2026-07-19T00:28:40-05:00,fd2e8a37-74d9-31ae-a0b5-b459d75f3181,a627e4d6-b24d-3b0a-98e1-1ffc733b08d7,https://api.americanwagering.com/regions/us/locations/il/brands/czr/sb/v4/sports/americanfootball/tabs/FUTURE_BETS%7CPlayer%20Futures/secondary/_7cPlayer_7c_20_7cTotal_20Regular_20Season_20Rushing_20Yards_7c
Caesars,IL,2026,Bijan Robinson,rushing_yards,1125.5,Under,-115,1.86957,2026-07-19T00:28:40-05:00,fd2e8a37-74d9-31ae-a0b5-b459d75f3181,9fe1b5f3-feba-3056-9388-123f8434407b,https://api.americanwagering.com/regions/us/locations/il/brands/czr/sb/v4/sports/americanfootball/tabs/FUTURE_BETS%7CPlayer%20Futures/secondary/_7cPlayer_7c_20_7cTotal_20Regular_20Season_20Rushing_20Yards_7c
Caesars,IL,2026,Blake Corum,rushing_yards,625.5,Over,-115,1.86957,2026-07-19T00:28:40-05:00,74d28e1e-a661-346e-9d64-906b4aab404d,1c6a0b78-c601-3504-b02a-46d44b16b4e1,https://api.americanwagering.com/regions/us/locations/il/brands/czr/sb/v4/sports/americanfootball/tabs/FUTURE_BETS%7CPlayer%20Futures/secondary/_7cPlayer_7c_20_7cTotal_20Regular_20Season_20Rushing_20Yards_7c
Caesars,IL,2026,Blake Corum,rushing_yards,625.5,Under,-115,1.86957,2026-07-19T00:28:40-05:00,74d28e1e-a661-346e-9d64-906b4aab404d,479068a7-5aa6-3e21-aaf7-3963a46ec006,https://api.americanwagering.com/regions/us/locations/il/brands/czr/sb/v4/sports/americanfootball/tabs/FUTURE_BETS%7CPlayer%20Futures/secondary/_7cPlayer_7c_20_7cTotal_20Regular_20Season_20Rushing_20Yards_7c
Caesars,IL,2026,Breece Hall,rushing_yards,925.5,Over,-115,1.86957,2026-07-19T00:28:40-05:00,49b04985-c4c9-3ca3-800e-06dcb274e769,48c5cc5a-28e9-377a-a1c1-c1f983d973a9,https://api.americanwagering.com/regions/us/locations/il/brands/czr/sb/v4/sports/americanfootball/tabs/FUTURE_BETS%7CPlayer%20Futures/secondary/_7cPlayer_7c_20_7cTotal_20Regular_20Season_20Rushing_20Yards_7c
Caesars,IL,2026,Breece Hall,rushing_yards,925.5,Under,-115,1.86957,2026-07-19T00:28:40-05:00,49b04985-c4c9-3ca3-800e-06dcb274e769,1e418408-a647-3b58-9d62-498f18f1b46a,https://api.americanwagering.com/regions/us/locations/il/brands/czr/sb/v4/sports/americanfootball/tabs/FUTURE_BETS%7CPlayer%20Futures/secondary/_7cPlayer_7c_20_7cTotal_20Regular_20Season_20Rushing_20Yards_7c
Caesars,IL,2026,Bucky Irving,rushing_yards,800.5,Over,-115,1.86957,2026-07-19T00:28:40-05:00,9f386f32-a81d-3c82-89f3-c65cc35af140,1cb4554d-4dd8-3b2a-89db-318151a1e750,https://api.americanwagering.com/regions/us/locations/il/brands/czr/sb/v4/sports/americanfootball/tabs/FUTURE_BETS%7CPlayer%20Futures/secondary/_7cPlayer_7c_20_7cTotal_20Regular_20Season_20Rushing_20Yards_7c
Caesars,IL,2026,Bucky Irving,rushing_yards,800.5,Under,-115,1.86957,2026-07-19T00:28:40-05:00,9f386f32-a81d-3c82-89f3-c65cc35af140,1b3caf39-75e4-3034-b6a3-7fe7e0af91b1,https://api.americanwagering.com/regions/us/locations/il/brands/czr/sb/v4/sports/americanfootball/tabs/FUTURE_BETS%7CPlayer%20Futures/secondary/_7cPlayer_7c_20_7cTotal_20Regular_20Season_20Rushing_20Yards_7c
Caesars,IL,2026,Cam Skattebo,rushing_yards,800.5,Over,-115,1.86957,2026-07-19T00:28:40-05:00,4f283861-6695-362d-b125-8553ba03feeb,325a3235-1bce-311d-afd5-8f008bac7d45,https://api.americanwagering.com/regions/us/locations/il/brands/czr/sb/v4/sports/americanfootball/tabs/FUTURE_BETS%7CPlayer%20Futures/secondary/_7cPlayer_7c_20_7cTotal_20Regular_20Season_20Rushing_20Yards_7c
Caesars,IL,2026,Cam Skattebo,rushing_yards,800.5,Under,-115,1.86957,2026-07-19T00:28:40-05:00,4f283861-6695-362d-b125-8553ba03feeb,9cff9913-a63f-34b3-854f-54e653a6484d,https://api.americanwagering.com/regions/us/locations/il/brands/czr/sb/v4/sports/americanfootball/tabs/FUTURE_BETS%7CPlayer%20Futures/secondary/_7cPlayer_7c_20_7cTotal_20Regular_20Season_20Rushing_20Yards_7c
Caesars,IL,2026,Chase Brown,rushing_yards,850.5,Over,-115,1.86957,2026-07-19T00:28:40-05:00,6c3e6f82-3fd4-367a-aef1-65adaec8a5e5,fa24e4d8-0edb-3e6d-9c23-b8d07eb8cae2,https://api.americanwagering.com/regions/us/locations/il/brands/czr/sb/v4/sports/americanfootball/tabs/FUTURE_BETS%7CPlayer%20Futures/secondary/_7cPlayer_7c_20_7cTotal_20Regular_20Season_20Rushing_20Yards_7c
Caesars,IL,2026,Chase Brown,rushing_yards,850.5,Under,-115,1.86957,2026-07-19T00:28:40-05:00,6c3e6f82-3fd4-367a-aef1-65adaec8a5e5,8f3e45a2-fbca-3192-ae10-29b13fa6499f,https://api.americanwagering.com/regions/us/locations/il/brands/czr/sb/v4/sports/americanfootball/tabs/FUTURE_BETS%7CPlayer%20Futures/secondary/_7cPlayer_7c_20_7cTotal_20Regular_20Season_20Rushing_20Yards_7c
Caesars,IL,2026,Christian McCaffrey,rushing_yards,925.5,Over,-115,1.86957,2026-07-19T00:28:40-05:00,763c67f8-368c-34ad-96d8-53015c889960,e3cccdde-f5f0-3c5f-aeb1-4b497b5b8afc,https://api.americanwagering.com/regions/us/locations/il/brands/czr/sb/v4/sports/americanfootball/tabs/FUTURE_BETS%7CPlayer%20Futures/secondary/_7cPlayer_7c_20_7cTotal_20Regular_20Season_20Rushing_20Yards_7c
Caesars,IL,2026,Christian McCaffrey,rushing_yards,925.5,Under,-115,1.86957,2026-07-19T00:28:40-05:00,763c67f8-368c-34ad-96d8-53015c889960,94fda2c2-5031-3ae2-943c-b8845d97be9e,https://api.americanwagering.com/regions/us/locations/il/brands/czr/sb/v4/sports/americanfootball/tabs/FUTURE_BETS%7CPlayer%20Futures/secondary/_7cPlayer_7c_20_7cTotal_20Regular_20Season_20Rushing_20Yards_7c
Caesars,IL,2026,Chuba Hubbard,rushing_yards,800.5,Over,-115,1.86957,2026-07-19T00:28:40-05:00,8e2da1ac-0ffe-3920-aec9-223887e932b2,8ec8e721-8867-304f-8f7b-7a6cd90d289d,https://api.americanwagering.com/regions/us/locations/il/brands/czr/sb/v4/sports/americanfootball/tabs/FUTURE_BETS%7CPlayer%20Futures/secondary/_7cPlayer_7c_20_7cTotal_20Regular_20Season_20Rushing_20Yards_7c
Caesars,IL,2026,Chuba Hubbard,rushing_yards,800.5,Under,-115,1.86957,2026-07-19T00:28:40-05:00,8e2da1ac-0ffe-3920-aec9-223887e932b2,7a7869ea-ff91-3bfa-ae0d-9eaa38527050,https://api.americanwagering.com/regions/us/locations/il/brands/czr/sb/v4/sports/americanfootball/tabs/FUTURE_BETS%7CPlayer%20Futures/secondary/_7cPlayer_7c_20_7cTotal_20Regular_20Season_20Rushing_20Yards_7c
Caesars,IL,2026,D'Andre Swift,rushing_yards,800.5,Over,-115,1.86957,2026-07-19T00:28:40-05:00,da813aa2-0069-3f73-b6a2-c202626cfb86,efbd2aa7-dc5d-38d4-8b85-e6e3d34cbb11,https://api.americanwagering.com/regions/us/locations/il/brands/czr/sb/v4/sports/americanfootball/tabs/FUTURE_BETS%7CPlayer%20Futures/secondary/_7cPlayer_7c_20_7cTotal_20Regular_20Season_20Rushing_20Yards_7c
Caesars,IL,2026,D'Andre Swift,rushing_yards,800.5,Under,-115,1.86957,2026-07-19T00:28:40-05:00,da813aa2-0069-3f73-b6a2-c202626cfb86,e825778c-373c-3a7b-a2f4-d95a7e1379e4,https://api.americanwagering.com/regions/us/locations/il/brands/czr/sb/v4/sports/americanfootball/tabs/FUTURE_BETS%7CPlayer%20Futures/secondary/_7cPlayer_7c_20_7cTotal_20Regular_20Season_20Rushing_20Yards_7c
Caesars,IL,2026,David Montgomery,rushing_yards,800.5,Over,-115,1.86957,2026-07-19T00:28:40-05:00,aaabab70-b092-3d8b-bcbf-496d927d42bc,7fdcac59-25fa-3bea-bee5-707784aa92f5,https://api.americanwagering.com/regions/us/locations/il/brands/czr/sb/v4/sports/americanfootball/tabs/FUTURE_BETS%7CPlayer%20Futures/secondary/_7cPlayer_7c_20_7cTotal_20Regular_20Season_20Rushing_20Yards_7c
Caesars,IL,2026,David Montgomery,rushing_yards,800.5,Under,-115,1.86957,2026-07-19T00:28:40-05:00,aaabab70-b092-3d8b-bcbf-496d927d42bc,1df5cc21-1e12-33df-8759-477e95bfadff,https://api.americanwagering.com/regions/us/locations/il/brands/czr/sb/v4/sports/americanfootball/tabs/FUTURE_BETS%7CPlayer%20Futures/secondary/_7cPlayer_7c_20_7cTotal_20Regular_20Season_20Rushing_20Yards_7c
Caesars,IL,2026,De'Von Achane,rushing_yards,975.5,Over,-115,1.86957,2026-07-19T00:28:40-05:00,45117966-4381-3612-9ceb-77c83bffda20,dce76337-5f7f-3c59-9582-535f51438bee,https://api.americanwagering.com/regions/us/locations/il/brands/czr/sb/v4/sports/americanfootball/tabs/FUTURE_BETS%7CPlayer%20Futures/secondary/_7cPlayer_7c_20_7cTotal_20Regular_20Season_20Rushing_20Yards_7c
Caesars,IL,2026,De'Von Achane,rushing_yards,975.5,Under,-115,1.86957,2026-07-19T00:28:40-05:00,45117966-4381-3612-9ceb-77c83bffda20,7e515bc9-c95e-376e-8b27-ae73932d7d5b,https://api.americanwagering.com/regions/us/locations/il/brands/czr/sb/v4/sports/americanfootball/tabs/FUTURE_BETS%7CPlayer%20Futures/secondary/_7cPlayer_7c_20_7cTotal_20Regular_20Season_20Rushing_20Yards_7c
Caesars,IL,2026,Derrick Henry,rushing_yards,1250.5,Over,-115,1.86957,2026-07-19T00:28:40-05:00,d0554fe5-c500-31b3-a575-35560c50c28c,b73fbbc1-cffc-301f-97fe-ce0583726a60,https://api.americanwagering.com/regions/us/locations/il/brands/czr/sb/v4/sports/americanfootball/tabs/FUTURE_BETS%7CPlayer%20Futures/secondary/_7cPlayer_7c_20_7cTotal_20Regular_20Season_20Rushing_20Yards_7c
Caesars,IL,2026,Derrick Henry,rushing_yards,1250.5,Under,-115,1.86957,2026-07-19T00:28:40-05:00,d0554fe5-c500-31b3-a575-35560c50c28c,1162d666-6333-3ca3-b2a5-a18cb5476eb6,https://api.americanwagering.com/regions/us/locations/il/brands/czr/sb/v4/sports/americanfootball/tabs/FUTURE_BETS%7CPlayer%20Futures/secondary/_7cPlayer_7c_20_7cTotal_20Regular_20Season_20Rushing_20Yards_7c
Caesars,IL,2026,Drake Maye,rushing_yards,425.5,Over,-115,1.86957,2026-07-19T00:28:40-05:00,2751793e-1696-3e6b-a705-866d30bbf306,02bf28eb-eda3-36bf-8701-9306ecb6c619,https://api.americanwagering.com/regions/us/locations/il/brands/czr/sb/v4/sports/americanfootball/tabs/FUTURE_BETS%7CPlayer%20Futures/secondary/_7cPlayer_7c_20_7cTotal_20Regular_20Season_20Rushing_20Yards_7c
Caesars,IL,2026,Drake Maye,rushing_yards,425.5,Under,-115,1.86957,2026-07-19T00:28:40-05:00,2751793e-1696-3e6b-a705-866d30bbf306,89a0c3df-835d-3031-b300-964b8bf8c00c,https://api.americanwagering.com/regions/us/locations/il/brands/czr/sb/v4/sports/americanfootball/tabs/FUTURE_BETS%7CPlayer%20Futures/secondary/_7cPlayer_7c_20_7cTotal_20Regular_20Season_20Rushing_20Yards_7c
Caesars,IL,2026,Isiah Pacheco,rushing_yards,500.5,Over,-115,1.86957,2026-07-19T00:28:40-05:00,65e3a729-815a-312e-9c14-2212c61cce1a,7e46df4e-bcc7-3982-8b77-0a6fd3f31416,https://api.americanwagering.com/regions/us/locations/il/brands/czr/sb/v4/sports/americanfootball/tabs/FUTURE_BETS%7CPlayer%20Futures/secondary/_7cPlayer_7c_20_7cTotal_20Regular_20Season_20Rushing_20Yards_7c
Caesars,IL,2026,Isiah Pacheco,rushing_yards,500.5,Under,-115,1.86957,2026-07-19T00:28:40-05:00,65e3a729-815a-312e-9c14-2212c61cce1a,3c3fd671-ceb3-3069-b9eb-0cbd61c2c64f,https://api.americanwagering.com/regions/us/locations/il/brands/czr/sb/v4/sports/americanfootball/tabs/FUTURE_BETS%7CPlayer%20Futures/secondary/_7cPlayer_7c_20_7cTotal_20Regular_20Season_20Rushing_20Yards_7c
Caesars,IL,2026,J.K. Dobbins,rushing_yards,675.5,Over,-115,1.86957,2026-07-19T00:28:40-05:00,ba1dee5f-fda2-326d-9b54-dc087fd77abc,6eff266e-cb0f-302b-b637-77316ede1f33,https://api.americanwagering.com/regions/us/locations/il/brands/czr/sb/v4/sports/americanfootball/tabs/FUTURE_BETS%7CPlayer%20Futures/secondary/_7cPlayer_7c_20_7cTotal_20Regular_20Season_20Rushing_20Yards_7c
Caesars,IL,2026,J.K. Dobbins,rushing_yards,675.5,Under,-115,1.86957,2026-07-19T00:28:40-05:00,ba1dee5f-fda2-326d-9b54-dc087fd77abc,20a9719a-cbce-3ffb-a537-f6991e9c9833,https://api.americanwagering.com/regions/us/locations/il/brands/czr/sb/v4/sports/americanfootball/tabs/FUTURE_BETS%7CPlayer%20Futures/secondary/_7cPlayer_7c_20_7cTotal_20Regular_20Season_20Rushing_20Yards_7c
Caesars,IL,2026,Jacory Croskey-Merritt,rushing_yards,550.5,Over,-115,1.86957,2026-07-19T00:28:40-05:00,89fe4fca-0ac3-3c3c-a452-7f271d2d705d,38959143-6a9d-34b3-9a2d-7eba09dbb658,https://api.americanwagering.com/regions/us/locations/il/brands/czr/sb/v4/sports/americanfootball/tabs/FUTURE_BETS%7CPlayer%20Futures/secondary/_7cPlayer_7c_20_7cTotal_20Regular_20Season_20Rushing_20Yards_7c
Caesars,IL,2026,Jacory Croskey-Merritt,rushing_yards,550.5,Under,-115,1.86957,2026-07-19T00:28:40-05:00,89fe4fca-0ac3-3c3c-a452-7f271d2d705d,9c39e13d-266c-3323-9de0-c9fc0cfaa263,https://api.americanwagering.com/regions/us/locations/il/brands/czr/sb/v4/sports/americanfootball/tabs/FUTURE_BETS%7CPlayer%20Futures/secondary/_7cPlayer_7c_20_7cTotal_20Regular_20Season_20Rushing_20Yards_7c
Caesars,IL,2026,Jadarian Price,rushing_yards,750.5,Over,-115,1.86957,2026-07-19T00:28:40-05:00,446f4456-c046-3b80-b851-877b815f7c02,4a20971a-84dc-3dfa-b4dc-3e5804bd7dcd,https://api.americanwagering.com/regions/us/locations/il/brands/czr/sb/v4/sports/americanfootball/tabs/FUTURE_BETS%7CPlayer%20Futures/secondary/_7cPlayer_7c_20_7cTotal_20Regular_20Season_20Rushing_20Yards_7c
Caesars,IL,2026,Jadarian Price,rushing_yards,750.5,Under,-115,1.86957,2026-07-19T00:28:40-05:00,446f4456-c046-3b80-b851-877b815f7c02,db37fd90-e7a2-3b3f-97dc-5c5bcc9b4212,https://api.americanwagering.com/regions/us/locations/il/brands/czr/sb/v4/sports/americanfootball/tabs/FUTURE_BETS%7CPlayer%20Futures/secondary/_7cPlayer_7c_20_7cTotal_20Regular_20Season_20Rushing_20Yards_7c
Caesars,IL,2026,Jahmyr Gibbs,rushing_yards,1175.5,Over,-115,1.86957,2026-07-19T00:28:40-05:00,9be59c99-bd57-3f52-b769-a69898e8c91c,ddeb7e3d-215e-35f4-8380-5b90dada6142,https://api.americanwagering.com/regions/us/locations/il/brands/czr/sb/v4/sports/americanfootball/tabs/FUTURE_BETS%7CPlayer%20Futures/secondary/_7cPlayer_7c_20_7cTotal_20Regular_20Season_20Rushing_20Yards_7c
Caesars,IL,2026,Jahmyr Gibbs,rushing_yards,1175.5,Under,-115,1.86957,2026-07-19T00:28:40-05:00,9be59c99-bd57-3f52-b769-a69898e8c91c,339f6dd0-a7e5-373c-8ed5-ee59ad633e67,https://api.americanwagering.com/regions/us/locations/il/brands/czr/sb/v4/sports/americanfootball/tabs/FUTURE_BETS%7CPlayer%20Futures/secondary/_7cPlayer_7c_20_7cTotal_20Regular_20Season_20Rushing_20Yards_7c
Caesars,IL,2026,Jalen Hurts,rushing_yards,400.5,Over,-115,1.86957,2026-07-19T00:28:40-05:00,c8585f80-d0b7-3c5e-a77a-c5dc59291bbd,6f8da5b1-f4e9-3a1d-a741-8a122de7c4e0,https://api.americanwagering.com/regions/us/locations/il/brands/czr/sb/v4/sports/americanfootball/tabs/FUTURE_BETS%7CPlayer%20Futures/secondary/_7cPlayer_7c_20_7cTotal_20Regular_20Season_20Rushing_20Yards_7c
Caesars,IL,2026,Jalen Hurts,rushing_yards,400.5,Under,-115,1.86957,2026-07-19T00:28:40-05:00,c8585f80-d0b7-3c5e-a77a-c5dc59291bbd,2942b365-9ec4-3691-861d-aa7ee78cf0f2,https://api.americanwagering.com/regions/us/locations/il/brands/czr/sb/v4/sports/americanfootball/tabs/FUTURE_BETS%7CPlayer%20Futures/secondary/_7cPlayer_7c_20_7cTotal_20Regular_20Season_20Rushing_20Yards_7c
Caesars,IL,2026,James Cook,rushing_yards,1200.5,Over,-115,1.86957,2026-07-19T00:28:40-05:00,390d7bf2-0617-3b42-9834-07e080a9fa59,c1e565dc-c49d-34ec-9a27-08aa3ed86b50,https://api.americanwagering.com/regions/us/locations/il/brands/czr/sb/v4/sports/americanfootball/tabs/FUTURE_BETS%7CPlayer%20Futures/secondary/_7cPlayer_7c_20_7cTotal_20Regular_20Season_20Rushing_20Yards_7c
Caesars,IL,2026,James Cook,rushing_yards,1200.5,Under,-115,1.86957,2026-07-19T00:28:40-05:00,390d7bf2-0617-3b42-9834-07e080a9fa59,0641b1cc-ed91-3c5b-8759-fdb61863cf89,https://api.americanwagering.com/regions/us/locations/il/brands/czr/sb/v4/sports/americanfootball/tabs/FUTURE_BETS%7CPlayer%20Futures/secondary/_7cPlayer_7c_20_7cTotal_20Regular_20Season_20Rushing_20Yards_7c
Caesars,IL,2026,Javonte Williams,rushing_yards,880.5,Over,-115,1.86957,2026-07-19T00:28:40-05:00,5d7719ab-a9c7-38a6-a89f-f68765e164e5,f712baba-24cb-32fe-a3bc-e24c5e753d75,https://api.americanwagering.com/regions/us/locations/il/brands/czr/sb/v4/sports/americanfootball/tabs/FUTURE_BETS%7CPlayer%20Futures/secondary/_7cPlayer_7c_20_7cTotal_20Regular_20Season_20Rushing_20Yards_7c
Caesars,IL,2026,Javonte Williams,rushing_yards,880.5,Under,-115,1.86957,2026-07-19T00:28:40-05:00,5d7719ab-a9c7-38a6-a89f-f68765e164e5,7d314f53-cee6-3fd2-b18c-6e10053b12df,https://api.americanwagering.com/regions/us/locations/il/brands/czr/sb/v4/sports/americanfootball/tabs/FUTURE_BETS%7CPlayer%20Futures/secondary/_7cPlayer_7c_20_7cTotal_20Regular_20Season_20Rushing_20Yards_7c
Caesars,IL,2026,Jaxson Dart,rushing_yards,450.5,Over,-115,1.86957,2026-07-19T00:28:40-05:00,ac31b98f-6718-3752-857a-9758e06c6272,43c6f19d-d86e-3505-bcfc-a893f8a0c785,https://api.americanwagering.com/regions/us/locations/il/brands/czr/sb/v4/sports/americanfootball/tabs/FUTURE_BETS%7CPlayer%20Futures/secondary/_7cPlayer_7c_20_7cTotal_20Regular_20Season_20Rushing_20Yards_7c
Caesars,IL,2026,Jaxson Dart,rushing_yards,450.5,Under,-115,1.86957,2026-07-19T00:28:40-05:00,ac31b98f-6718-3752-857a-9758e06c6272,6a00b3bc-4e48-3c6f-9b6f-06ab88c8f4c4,https://api.americanwagering.com/regions/us/locations/il/brands/czr/sb/v4/sports/americanfootball/tabs/FUTURE_BETS%7CPlayer%20Futures/secondary/_7cPlayer_7c_20_7cTotal_20Regular_20Season_20Rushing_20Yards_7c
Caesars,IL,2026,Jayden Daniels,rushing_yards,550.5,Over,-115,1.86957,2026-07-19T00:28:40-05:00,275a71b9-8f6c-3c6c-9c4b-55c493ff3498,45f35fb8-f8dd-3acd-89d1-af3c97712048,https://api.americanwagering.com/regions/us/locations/il/brands/czr/sb/v4/sports/americanfootball/tabs/FUTURE_BETS%7CPlayer%20Futures/secondary/_7cPlayer_7c_20_7cTotal_20Regular_20Season_20Rushing_20Yards_7c
Caesars,IL,2026,Jayden Daniels,rushing_yards,550.5,Under,-115,1.86957,2026-07-19T00:28:40-05:00,275a71b9-8f6c-3c6c-9c4b-55c493ff3498,4dfee5e6-fe77-372e-bd04-fd9618d55367,https://api.americanwagering.com/regions/us/locations/il/brands/czr/sb/v4/sports/americanfootball/tabs/FUTURE_BETS%7CPlayer%20Futures/secondary/_7cPlayer_7c_20_7cTotal_20Regular_20Season_20Rushing_20Yards_7c
Caesars,IL,2026,Jaylen Warren,rushing_yards,600.5,Over,-115,1.86957,2026-07-19T00:28:40-05:00,aff560b0-deee-32ac-b913-0926c83145ce,863dfdf4-cba3-3783-b952-f422df88d44c,https://api.americanwagering.com/regions/us/locations/il/brands/czr/sb/v4/sports/americanfootball/tabs/FUTURE_BETS%7CPlayer%20Futures/secondary/_7cPlayer_7c_20_7cTotal_20Regular_20Season_20Rushing_20Yards_7c
Caesars,IL,2026,Jaylen Warren,rushing_yards,600.5,Under,-115,1.86957,2026-07-19T00:28:40-05:00,aff560b0-deee-32ac-b913-0926c83145ce,4e8d4711-4814-37bb-9dd7-78051d674f05,https://api.americanwagering.com/regions/us/locations/il/brands/czr/sb/v4/sports/americanfootball/tabs/FUTURE_BETS%7CPlayer%20Futures/secondary/_7cPlayer_7c_20_7cTotal_20Regular_20Season_20Rushing_20Yards_7c
Caesars,IL,2026,Jeremiyah Love,rushing_yards,900.5,Over,-105,1.95238,2026-07-19T00:28:40-05:00,0a2e4c9c-377c-3622-80da-04120669243c,60e9b7a8-dc17-3cce-8fab-d70d13c3d5f2,https://api.americanwagering.com/regions/us/locations/il/brands/czr/sb/v4/sports/americanfootball/tabs/FUTURE_BETS%7CPlayer%20Futures/secondary/_7cPlayer_7c_20_7cTotal_20Regular_20Season_20Rushing_20Yards_7c
Caesars,IL,2026,Jeremiyah Love,rushing_yards,900.5,Under,-125,1.8,2026-07-19T00:28:40-05:00,0a2e4c9c-377c-3622-80da-04120669243c,58bf4117-83ad-3065-88fc-4510a0e110ab,https://api.americanwagering.com/regions/us/locations/il/brands/czr/sb/v4/sports/americanfootball/tabs/FUTURE_BETS%7CPlayer%20Futures/secondary/_7cPlayer_7c_20_7cTotal_20Regular_20Season_20Rushing_20Yards_7c
Caesars,IL,2026,Jonathan Taylor,rushing_yards,1250.5,Over,-115,1.86957,2026-07-19T00:28:40-05:00,717c82bf-de80-3854-a831-0dba28ad6997,362788aa-aaee-3d41-a3c6-445295a5af8e,https://api.americanwagering.com/regions/us/locations/il/brands/czr/sb/v4/sports/americanfootball/tabs/FUTURE_BETS%7CPlayer%20Futures/secondary/_7cPlayer_7c_20_7cTotal_20Regular_20Season_20Rushing_20Yards_7c
Caesars,IL,2026,Jonathan Taylor,rushing_yards,1250.5,Under,-115,1.86957,2026-07-19T00:28:40-05:00,717c82bf-de80-3854-a831-0dba28ad6997,138ae524-9f6d-3575-b725-70b3813a42a0,https://api.americanwagering.com/regions/us/locations/il/brands/czr/sb/v4/sports/americanfootball/tabs/FUTURE_BETS%7CPlayer%20Futures/secondary/_7cPlayer_7c_20_7cTotal_20Regular_20Season_20Rushing_20Yards_7c
Caesars,IL,2026,Jordan Mason,rushing_yards,650.5,Over,-115,1.86957,2026-07-19T00:28:40-05:00,5b432dc9-d64b-3ef7-a1f6-c36353783b83,7e8e1fa4-2be8-354b-ba04-00ead6e3eb3c,https://api.americanwagering.com/regions/us/locations/il/brands/czr/sb/v4/sports/americanfootball/tabs/FUTURE_BETS%7CPlayer%20Futures/secondary/_7cPlayer_7c_20_7cTotal_20Regular_20Season_20Rushing_20Yards_7c
Caesars,IL,2026,Jordan Mason,rushing_yards,650.5,Under,-115,1.86957,2026-07-19T00:28:40-05:00,5b432dc9-d64b-3ef7-a1f6-c36353783b83,05273caa-32d5-3141-a586-1fc79ee5ba4c,https://api.americanwagering.com/regions/us/locations/il/brands/czr/sb/v4/sports/americanfootball/tabs/FUTURE_BETS%7CPlayer%20Futures/secondary/_7cPlayer_7c_20_7cTotal_20Regular_20Season_20Rushing_20Yards_7c
Caesars,IL,2026,Josh Allen,rushing_yards,500.5,Over,-115,1.86957,2026-07-19T00:28:40-05:00,dae4b881-6e04-31cc-a3c3-e5d4058e4e61,b524c650-501a-3d55-bfb4-4e2c0e6f8403,https://api.americanwagering.com/regions/us/locations/il/brands/czr/sb/v4/sports/americanfootball/tabs/FUTURE_BETS%7CPlayer%20Futures/secondary/_7cPlayer_7c_20_7cTotal_20Regular_20Season_20Rushing_20Yards_7c
Caesars,IL,2026,Josh Allen,rushing_yards,500.5,Under,-115,1.86957,2026-07-19T00:28:40-05:00,dae4b881-6e04-31cc-a3c3-e5d4058e4e61,f4385c0f-ad12-306c-b605-86553c777a98,https://api.americanwagering.com/regions/us/locations/il/brands/czr/sb/v4/sports/americanfootball/tabs/FUTURE_BETS%7CPlayer%20Futures/secondary/_7cPlayer_7c_20_7cTotal_20Regular_20Season_20Rushing_20Yards_7c
Caesars,IL,2026,Justin Herbert,rushing_yards,300.5,Over,-115,1.86957,2026-07-19T00:28:40-05:00,62ce1032-d5da-366d-9337-502efae6a251,7f1e8105-7419-3ac0-82e5-e56f1a23e368,https://api.americanwagering.com/regions/us/locations/il/brands/czr/sb/v4/sports/americanfootball/tabs/FUTURE_BETS%7CPlayer%20Futures/secondary/_7cPlayer_7c_20_7cTotal_20Regular_20Season_20Rushing_20Yards_7c
Caesars,IL,2026,Justin Herbert,rushing_yards,300.5,Under,-115,1.86957,2026-07-19T00:28:40-05:00,62ce1032-d5da-366d-9337-502efae6a251,655d50be-290a-3376-ae09-6bfd74d3dc58,https://api.americanwagering.com/regions/us/locations/il/brands/czr/sb/v4/sports/americanfootball/tabs/FUTURE_BETS%7CPlayer%20Futures/secondary/_7cPlayer_7c_20_7cTotal_20Regular_20Season_20Rushing_20Yards_7c
Caesars,IL,2026,Kenneth Walker III,rushing_yards,950.5,Over,-115,1.86957,2026-07-19T00:28:40-05:00,6121dfe6-e8b4-3b08-a634-60da5bae8f9b,3b4378fb-60b0-3d7d-adab-b746aebe192c,https://api.americanwagering.com/regions/us/locations/il/brands/czr/sb/v4/sports/americanfootball/tabs/FUTURE_BETS%7CPlayer%20Futures/secondary/_7cPlayer_7c_20_7cTotal_20Regular_20Season_20Rushing_20Yards_7c
Caesars,IL,2026,Kenneth Walker III,rushing_yards,950.5,Under,-115,1.86957,2026-07-19T00:28:40-05:00,6121dfe6-e8b4-3b08-a634-60da5bae8f9b,8d128f22-749b-3a41-a75a-c966df6c67e6,https://api.americanwagering.com/regions/us/locations/il/brands/czr/sb/v4/sports/americanfootball/tabs/FUTURE_BETS%7CPlayer%20Futures/secondary/_7cPlayer_7c_20_7cTotal_20Regular_20Season_20Rushing_20Yards_7c
Caesars,IL,2026,Kyle Monangai,rushing_yards,650.5,Over,-115,1.86957,2026-07-19T00:28:40-05:00,d40653cf-1cc6-3986-8a9c-6e751aa20454,8abb7fbf-ef1f-3449-a2b9-af2109fd3e01,https://api.americanwagering.com/regions/us/locations/il/brands/czr/sb/v4/sports/americanfootball/tabs/FUTURE_BETS%7CPlayer%20Futures/secondary/_7cPlayer_7c_20_7cTotal_20Regular_20Season_20Rushing_20Yards_7c
Caesars,IL,2026,Kyle Monangai,rushing_yards,650.5,Under,-115,1.86957,2026-07-19T00:28:40-05:00,d40653cf-1cc6-3986-8a9c-6e751aa20454,558311fd-f172-3b59-a3ae-77bb734aff01,https://api.americanwagering.com/regions/us/locations/il/brands/czr/sb/v4/sports/americanfootball/tabs/FUTURE_BETS%7CPlayer%20Futures/secondary/_7cPlayer_7c_20_7cTotal_20Regular_20Season_20Rushing_20Yards_7c
Caesars,IL,2026,Kyler Murray,rushing_yards,375.5,Over,-115,1.86957,2026-07-19T00:28:40-05:00,2d472dc2-8c6d-3e53-bc15-c0d2467c755b,24a68a63-d1fd-36ac-bbdb-c9e590d3dc65,https://api.americanwagering.com/regions/us/locations/il/brands/czr/sb/v4/sports/americanfootball/tabs/FUTURE_BETS%7CPlayer%20Futures/secondary/_7cPlayer_7c_20_7cTotal_20Regular_20Season_20Rushing_20Yards_7c
Caesars,IL,2026,Kyler Murray,rushing_yards,375.5,Under,-115,1.86957,2026-07-19T00:28:40-05:00,2d472dc2-8c6d-3e53-bc15-c0d2467c755b,bca90492-89fc-3826-8a07-794d4d62c1ef,https://api.americanwagering.com/regions/us/locations/il/brands/czr/sb/v4/sports/americanfootball/tabs/FUTURE_BETS%7CPlayer%20Futures/secondary/_7cPlayer_7c_20_7cTotal_20Regular_20Season_20Rushing_20Yards_7c
Caesars,IL,2026,Kyren Williams,rushing_yards,975.5,Over,-115,1.86957,2026-07-19T00:28:40-05:00,64dff76b-31ae-348a-9676-25008f3af932,1b15cc0e-b91b-3b42-9a61-dde6703ed4ce,https://api.americanwagering.com/regions/us/locations/il/brands/czr/sb/v4/sports/americanfootball/tabs/FUTURE_BETS%7CPlayer%20Futures/secondary/_7cPlayer_7c_20_7cTotal_20Regular_20Season_20Rushing_20Yards_7c
Caesars,IL,2026,Kyren Williams,rushing_yards,975.5,Under,-115,1.86957,2026-07-19T00:28:40-05:00,64dff76b-31ae-348a-9676-25008f3af932,9ddcd7e4-a944-3c2d-838c-63c507a0e27c,https://api.americanwagering.com/regions/us/locations/il/brands/czr/sb/v4/sports/americanfootball/tabs/FUTURE_BETS%7CPlayer%20Futures/secondary/_7cPlayer_7c_20_7cTotal_20Regular_20Season_20Rushing_20Yards_7c
Caesars,IL,2026,Lamar Jackson,rushing_yards,550.5,Over,-115,1.86957,2026-07-19T00:28:40-05:00,52b26415-1944-395f-9107-c49570a3fd27,a377c784-55fb-3aa0-aa2f-4c40dd9806e8,https://api.americanwagering.com/regions/us/locations/il/brands/czr/sb/v4/sports/americanfootball/tabs/FUTURE_BETS%7CPlayer%20Futures/secondary/_7cPlayer_7c_20_7cTotal_20Regular_20Season_20Rushing_20Yards_7c
Caesars,IL,2026,Lamar Jackson,rushing_yards,550.5,Under,-115,1.86957,2026-07-19T00:28:40-05:00,52b26415-1944-395f-9107-c49570a3fd27,5355ade8-64b2-3af0-a9ef-2a66928a77f5,https://api.americanwagering.com/regions/us/locations/il/brands/czr/sb/v4/sports/americanfootball/tabs/FUTURE_BETS%7CPlayer%20Futures/secondary/_7cPlayer_7c_20_7cTotal_20Regular_20Season_20Rushing_20Yards_7c
Caesars,IL,2026,Omarion Hampton,rushing_yards,925.5,Over,-115,1.86957,2026-07-19T00:28:40-05:00,27cdd3c4-5dbc-33de-b817-cdaabfc500e1,9f345cc4-4b38-37bd-a423-33aac7e515da,https://api.americanwagering.com/regions/us/locations/il/brands/czr/sb/v4/sports/americanfootball/tabs/FUTURE_BETS%7CPlayer%20Futures/secondary/_7cPlayer_7c_20_7cTotal_20Regular_20Season_20Rushing_20Yards_7c
Caesars,IL,2026,Omarion Hampton,rushing_yards,925.5,Under,-115,1.86957,2026-07-19T00:28:40-05:00,27cdd3c4-5dbc-33de-b817-cdaabfc500e1,ae3b75d8-94e0-33a1-8808-8b342808dbb5,https://api.americanwagering.com/regions/us/locations/il/brands/czr/sb/v4/sports/americanfootball/tabs/FUTURE_BETS%7CPlayer%20Futures/secondary/_7cPlayer_7c_20_7cTotal_20Regular_20Season_20Rushing_20Yards_7c
Caesars,IL,2026,Quinshon Judkins,rushing_yards,900.5,Over,-115,1.86957,2026-07-19T00:28:40-05:00,4ab60ce0-a8e6-3b0e-ad6e-39ae92726aa9,6cae4d9f-600b-3260-b75c-e2f21dd5d26d,https://api.americanwagering.com/regions/us/locations/il/brands/czr/sb/v4/sports/americanfootball/tabs/FUTURE_BETS%7CPlayer%20Futures/secondary/_7cPlayer_7c_20_7cTotal_20Regular_20Season_20Rushing_20Yards_7c
Caesars,IL,2026,Quinshon Judkins,rushing_yards,900.5,Under,-115,1.86957,2026-07-19T00:28:40-05:00,4ab60ce0-a8e6-3b0e-ad6e-39ae92726aa9,34b3e8d6-bb37-3eaf-972b-7793c8517594,https://api.americanwagering.com/regions/us/locations/il/brands/czr/sb/v4/sports/americanfootball/tabs/FUTURE_BETS%7CPlayer%20Futures/secondary/_7cPlayer_7c_20_7cTotal_20Regular_20Season_20Rushing_20Yards_7c
Caesars,IL,2026,Rhamondre Stevenson,rushing_yards,625.5,Over,100,2.0,2026-07-19T00:28:40-05:00,b0319ec0-85dd-38f3-a838-f9c723f546c7,bacd06a4-1f40-3b6f-8ee5-ca4f967bace8,https://api.americanwagering.com/regions/us/locations/il/brands/czr/sb/v4/sports/americanfootball/tabs/FUTURE_BETS%7CPlayer%20Futures/secondary/_7cPlayer_7c_20_7cTotal_20Regular_20Season_20Rushing_20Yards_7c
Caesars,IL,2026,Rhamondre Stevenson,rushing_yards,625.5,Under,-130,1.77,2026-07-19T00:28:40-05:00,b0319ec0-85dd-38f3-a838-f9c723f546c7,4f405365-5764-370a-8826-ac61aac04ac5,https://api.americanwagering.com/regions/us/locations/il/brands/czr/sb/v4/sports/americanfootball/tabs/FUTURE_BETS%7CPlayer%20Futures/secondary/_7cPlayer_7c_20_7cTotal_20Regular_20Season_20Rushing_20Yards_7c
Caesars,IL,2026,Rico Dowdle,rushing_yards,750.5,Over,-115,1.86957,2026-07-19T00:28:40-05:00,7223731a-0d66-3a8d-bd18-2b37ec879174,ebfea031-5b5c-3733-93f1-adee0dc8326c,https://api.americanwagering.com/regions/us/locations/il/brands/czr/sb/v4/sports/americanfootball/tabs/FUTURE_BETS%7CPlayer%20Futures/secondary/_7cPlayer_7c_20_7cTotal_20Regular_20Season_20Rushing_20Yards_7c
Caesars,IL,2026,Rico Dowdle,rushing_yards,750.5,Under,-115,1.86957,2026-07-19T00:28:40-05:00,7223731a-0d66-3a8d-bd18-2b37ec879174,e8c7782a-47e2-315e-b469-f157b98ae433,https://api.americanwagering.com/regions/us/locations/il/brands/czr/sb/v4/sports/americanfootball/tabs/FUTURE_BETS%7CPlayer%20Futures/secondary/_7cPlayer_7c_20_7cTotal_20Regular_20Season_20Rushing_20Yards_7c
Caesars,IL,2026,Saquon Barkley,rushing_yards,1075.5,Over,-115,1.86957,2026-07-19T00:28:40-05:00,b6496d04-5781-3f49-83d0-cedbdaa9ab11,97713a88-e2d3-3cb8-af75-745d5121976a,https://api.americanwagering.com/regions/us/locations/il/brands/czr/sb/v4/sports/americanfootball/tabs/FUTURE_BETS%7CPlayer%20Futures/secondary/_7cPlayer_7c_20_7cTotal_20Regular_20Season_20Rushing_20Yards_7c
Caesars,IL,2026,Saquon Barkley,rushing_yards,1075.5,Under,-115,1.86957,2026-07-19T00:28:40-05:00,b6496d04-5781-3f49-83d0-cedbdaa9ab11,47141a08-ee8f-388e-b5ad-f1c623ff88d9,https://api.americanwagering.com/regions/us/locations/il/brands/czr/sb/v4/sports/americanfootball/tabs/FUTURE_BETS%7CPlayer%20Futures/secondary/_7cPlayer_7c_20_7cTotal_20Regular_20Season_20Rushing_20Yards_7c
Caesars,IL,2026,Tony Pollard,rushing_yards,800.5,Over,-115,1.86957,2026-07-19T00:28:40-05:00,47db0457-901e-3a4c-a896-2986fed54ef9,bffc53e2-00b4-3dbf-b845-4fc8b84ac0cc,https://api.americanwagering.com/regions/us/locations/il/brands/czr/sb/v4/sports/americanfootball/tabs/FUTURE_BETS%7CPlayer%20Futures/secondary/_7cPlayer_7c_20_7cTotal_20Regular_20Season_20Rushing_20Yards_7c
Caesars,IL,2026,Tony Pollard,rushing_yards,800.5,Under,-115,1.86957,2026-07-19T00:28:40-05:00,47db0457-901e-3a4c-a896-2986fed54ef9,0a65a223-85ae-3c20-bffc-6f1005771e8d,https://api.americanwagering.com/regions/us/locations/il/brands/czr/sb/v4/sports/americanfootball/tabs/FUTURE_BETS%7CPlayer%20Futures/secondary/_7cPlayer_7c_20_7cTotal_20Regular_20Season_20Rushing_20Yards_7c
Caesars,IL,2026,Travis Etienne,rushing_yards,825.5,Over,-115,1.86957,2026-07-19T00:28:40-05:00,49957a58-43ec-356b-8465-7a9ce25bd53a,5c5e7111-89f6-3520-9635-67d790993c05,https://api.americanwagering.com/regions/us/locations/il/brands/czr/sb/v4/sports/americanfootball/tabs/FUTURE_BETS%7CPlayer%20Futures/secondary/_7cPlayer_7c_20_7cTotal_20Regular_20Season_20Rushing_20Yards_7c
Caesars,IL,2026,Travis Etienne,rushing_yards,825.5,Under,-115,1.86957,2026-07-19T00:28:40-05:00,49957a58-43ec-356b-8465-7a9ce25bd53a,317763be-4f8f-3a6d-936d-d2a92194a3f5,https://api.americanwagering.com/regions/us/locations/il/brands/czr/sb/v4/sports/americanfootball/tabs/FUTURE_BETS%7CPlayer%20Futures/secondary/_7cPlayer_7c_20_7cTotal_20Regular_20Season_20Rushing_20Yards_7c
Caesars,IL,2026,TreVeyon Henderson,rushing_yards,700.5,Over,-115,1.86957,2026-07-19T00:28:40-05:00,40361145-928b-323a-a637-f3b4a04c5f0b,35bf6615-9131-3b80-8c3b-79fec5510ad0,https://api.americanwagering.com/regions/us/locations/il/brands/czr/sb/v4/sports/americanfootball/tabs/FUTURE_BETS%7CPlayer%20Futures/secondary/_7cPlayer_7c_20_7cTotal_20Regular_20Season_20Rushing_20Yards_7c
Caesars,IL,2026,TreVeyon Henderson,rushing_yards,700.5,Under,-115,1.86957,2026-07-19T00:28:40-05:00,40361145-928b-323a-a637-f3b4a04c5f0b,f7484fe6-f1e5-3769-b956-6b1cc8cd76e0,https://api.americanwagering.com/regions/us/locations/il/brands/czr/sb/v4/sports/americanfootball/tabs/FUTURE_BETS%7CPlayer%20Futures/secondary/_7cPlayer_7c_20_7cTotal_20Regular_20Season_20Rushing_20Yards_7c
Caesars,IL,2026,Ashton Jeanty,rushing_tds,7.5,Over,-115,1.86957,2026-07-19T00:28:40-05:00,e0d6d9f8-9fbe-3d70-8ce5-cdfbfc997195,2cf58118-3c7e-3f14-a8b6-adc18e2849b8,https://api.americanwagering.com/regions/us/locations/il/brands/czr/sb/v4/sports/americanfootball/tabs/FUTURE_BETS%7CPlayer%20Futures/secondary/_7cPlayer_7c_20_7cTotal_20Regular_20Season_20Rushing_20Touchdowns_7c
Caesars,IL,2026,Ashton Jeanty,rushing_tds,7.5,Under,-115,1.86957,2026-07-19T00:28:40-05:00,e0d6d9f8-9fbe-3d70-8ce5-cdfbfc997195,62cc1148-6d8b-32c2-8f98-8d8d57939c39,https://api.americanwagering.com/regions/us/locations/il/brands/czr/sb/v4/sports/americanfootball/tabs/FUTURE_BETS%7CPlayer%20Futures/secondary/_7cPlayer_7c_20_7cTotal_20Regular_20Season_20Rushing_20Touchdowns_7c
Caesars,IL,2026,Bhayshul Tuten,rushing_tds,5.5,Over,100,2.0,2026-07-19T00:28:40-05:00,11770efb-0fac-3c8f-808b-72e916c07dcf,e0d2c71e-56d0-353a-aa35-02e96a223638,https://api.americanwagering.com/regions/us/locations/il/brands/czr/sb/v4/sports/americanfootball/tabs/FUTURE_BETS%7CPlayer%20Futures/secondary/_7cPlayer_7c_20_7cTotal_20Regular_20Season_20Rushing_20Touchdowns_7c
Caesars,IL,2026,Bhayshul Tuten,rushing_tds,5.5,Under,-130,1.77,2026-07-19T00:28:40-05:00,11770efb-0fac-3c8f-808b-72e916c07dcf,5a812147-b72e-3b8d-8d2c-7a0aa2937d9d,https://api.americanwagering.com/regions/us/locations/il/brands/czr/sb/v4/sports/americanfootball/tabs/FUTURE_BETS%7CPlayer%20Futures/secondary/_7cPlayer_7c_20_7cTotal_20Regular_20Season_20Rushing_20Touchdowns_7c
Caesars,IL,2026,Bijan Robinson,rushing_tds,8.5,Over,-115,1.86957,2026-07-19T00:28:40-05:00,0a558e87-507d-3662-94c9-538b68187e67,1ee16e9e-64a3-3eb4-92c8-a0ae1385d4c9,https://api.americanwagering.com/regions/us/locations/il/brands/czr/sb/v4/sports/americanfootball/tabs/FUTURE_BETS%7CPlayer%20Futures/secondary/_7cPlayer_7c_20_7cTotal_20Regular_20Season_20Rushing_20Touchdowns_7c
Caesars,IL,2026,Bijan Robinson,rushing_tds,8.5,Under,-115,1.86957,2026-07-19T00:28:40-05:00,0a558e87-507d-3662-94c9-538b68187e67,e1315121-bed0-3e08-a4b9-317479f349be,https://api.americanwagering.com/regions/us/locations/il/brands/czr/sb/v4/sports/americanfootball/tabs/FUTURE_BETS%7CPlayer%20Futures/secondary/_7cPlayer_7c_20_7cTotal_20Regular_20Season_20Rushing_20Touchdowns_7c
Caesars,IL,2026,Blake Corum,rushing_tds,5.5,Over,-115,1.86957,2026-07-19T00:28:40-05:00,0a16feea-6ae2-3cf2-b22d-58386742ab9b,bd858c46-d50b-3363-8fb4-7d64eff97a0d,https://api.americanwagering.com/regions/us/locations/il/brands/czr/sb/v4/sports/americanfootball/tabs/FUTURE_BETS%7CPlayer%20Futures/secondary/_7cPlayer_7c_20_7cTotal_20Regular_20Season_20Rushing_20Touchdowns_7c
Caesars,IL,2026,Blake Corum,rushing_tds,5.5,Under,-115,1.86957,2026-07-19T00:28:40-05:00,0a16feea-6ae2-3cf2-b22d-58386742ab9b,d906359e-8d5b-3f79-9536-bd46d55c1ed5,https://api.americanwagering.com/regions/us/locations/il/brands/czr/sb/v4/sports/americanfootball/tabs/FUTURE_BETS%7CPlayer%20Futures/secondary/_7cPlayer_7c_20_7cTotal_20Regular_20Season_20Rushing_20Touchdowns_7c
Caesars,IL,2026,Breece Hall,rushing_tds,5.5,Over,110,2.1,2026-07-19T00:28:40-05:00,3ac9f61f-f244-38c4-ab26-a85ef9ce4bdf,1fc2c217-daa6-3fc3-b8df-3f098678dd1b,https://api.americanwagering.com/regions/us/locations/il/brands/czr/sb/v4/sports/americanfootball/tabs/FUTURE_BETS%7CPlayer%20Futures/secondary/_7cPlayer_7c_20_7cTotal_20Regular_20Season_20Rushing_20Touchdowns_7c
Caesars,IL,2026,Breece Hall,rushing_tds,5.5,Under,-140,1.71429,2026-07-19T00:28:40-05:00,3ac9f61f-f244-38c4-ab26-a85ef9ce4bdf,9ea480f7-9a92-3306-8611-c9e2fc7152e3,https://api.americanwagering.com/regions/us/locations/il/brands/czr/sb/v4/sports/americanfootball/tabs/FUTURE_BETS%7CPlayer%20Futures/secondary/_7cPlayer_7c_20_7cTotal_20Regular_20Season_20Rushing_20Touchdowns_7c
Caesars,IL,2026,Bucky Irving,rushing_tds,5.5,Over,135,2.35,2026-07-19T00:28:40-05:00,86a21506-7d2e-3152-8be8-94a9d96cadd4,9e4a5c51-c37c-317d-bc46-c7a9e7f37187,https://api.americanwagering.com/regions/us/locations/il/brands/czr/sb/v4/sports/americanfootball/tabs/FUTURE_BETS%7CPlayer%20Futures/secondary/_7cPlayer_7c_20_7cTotal_20Regular_20Season_20Rushing_20Touchdowns_7c
Caesars,IL,2026,Bucky Irving,rushing_tds,5.5,Under,-170,1.58824,2026-07-19T00:28:40-05:00,86a21506-7d2e-3152-8be8-94a9d96cadd4,c69e4836-cafa-392e-840f-ca29cb4a76e1,https://api.americanwagering.com/regions/us/locations/il/brands/czr/sb/v4/sports/americanfootball/tabs/FUTURE_BETS%7CPlayer%20Futures/secondary/_7cPlayer_7c_20_7cTotal_20Regular_20Season_20Rushing_20Touchdowns_7c
Caesars,IL,2026,Cam Skattebo,rushing_tds,6.5,Over,115,2.15,2026-07-19T00:28:40-05:00,172947ca-864d-356f-b36b-d3fca45cf690,1cb7f746-9928-3fcc-b73b-6952b0f583a3,https://api.americanwagering.com/regions/us/locations/il/brands/czr/sb/v4/sports/americanfootball/tabs/FUTURE_BETS%7CPlayer%20Futures/secondary/_7cPlayer_7c_20_7cTotal_20Regular_20Season_20Rushing_20Touchdowns_7c
Caesars,IL,2026,Cam Skattebo,rushing_tds,6.5,Under,-145,1.68966,2026-07-19T00:28:40-05:00,172947ca-864d-356f-b36b-d3fca45cf690,fdf708fc-e4a8-3078-a331-d1eba7668db0,https://api.americanwagering.com/regions/us/locations/il/brands/czr/sb/v4/sports/americanfootball/tabs/FUTURE_BETS%7CPlayer%20Futures/secondary/_7cPlayer_7c_20_7cTotal_20Regular_20Season_20Rushing_20Touchdowns_7c
Caesars,IL,2026,Chase Brown,rushing_tds,6.5,Over,110,2.1,2026-07-19T00:28:40-05:00,3f806c9c-1745-3daa-8ce1-1d1a8d0fdbde,769f025b-f713-3673-9a32-ca5f558773b3,https://api.americanwagering.com/regions/us/locations/il/brands/czr/sb/v4/sports/americanfootball/tabs/FUTURE_BETS%7CPlayer%20Futures/secondary/_7cPlayer_7c_20_7cTotal_20Regular_20Season_20Rushing_20Touchdowns_7c
Caesars,IL,2026,Chase Brown,rushing_tds,6.5,Under,-140,1.71429,2026-07-19T00:28:40-05:00,3f806c9c-1745-3daa-8ce1-1d1a8d0fdbde,630a635b-9ba2-37cc-b0ca-bd05759dd33a,https://api.americanwagering.com/regions/us/locations/il/brands/czr/sb/v4/sports/americanfootball/tabs/FUTURE_BETS%7CPlayer%20Futures/secondary/_7cPlayer_7c_20_7cTotal_20Regular_20Season_20Rushing_20Touchdowns_7c
Caesars,IL,2026,Christian McCaffrey,rushing_tds,8.5,Over,100,2.0,2026-07-19T00:28:40-05:00,da6325d5-387d-3edf-ad36-a7daace926e2,477e0a82-e5ef-3936-b8b0-e9dca579f43b,https://api.americanwagering.com/regions/us/locations/il/brands/czr/sb/v4/sports/americanfootball/tabs/FUTURE_BETS%7CPlayer%20Futures/secondary/_7cPlayer_7c_20_7cTotal_20Regular_20Season_20Rushing_20Touchdowns_7c
Caesars,IL,2026,Christian McCaffrey,rushing_tds,8.5,Under,-130,1.77,2026-07-19T00:28:40-05:00,da6325d5-387d-3edf-ad36-a7daace926e2,4dc7810e-4407-3361-818c-911c73fb8e0d,https://api.americanwagering.com/regions/us/locations/il/brands/czr/sb/v4/sports/americanfootball/tabs/FUTURE_BETS%7CPlayer%20Futures/secondary/_7cPlayer_7c_20_7cTotal_20Regular_20Season_20Rushing_20Touchdowns_7c
Caesars,IL,2026,Chuba Hubbard,rushing_tds,4.5,Over,100,2.0,2026-07-19T00:28:40-05:00,36c97ef0-0408-32a4-9382-50d2efff0022,647d550b-0faa-33bb-bc7b-624b9e9c7a90,https://api.americanwagering.com/regions/us/locations/il/brands/czr/sb/v4/sports/americanfootball/tabs/FUTURE_BETS%7CPlayer%20Futures/secondary/_7cPlayer_7c_20_7cTotal_20Regular_20Season_20Rushing_20Touchdowns_7c
Caesars,IL,2026,Chuba Hubbard,rushing_tds,4.5,Under,-130,1.77,2026-07-19T00:28:40-05:00,36c97ef0-0408-32a4-9382-50d2efff0022,1db39e95-a8b3-3ae0-ae54-5fbb883f9575,https://api.americanwagering.com/regions/us/locations/il/brands/czr/sb/v4/sports/americanfootball/tabs/FUTURE_BETS%7CPlayer%20Futures/secondary/_7cPlayer_7c_20_7cTotal_20Regular_20Season_20Rushing_20Touchdowns_7c
Caesars,IL,2026,D'Andre Swift,rushing_tds,7.5,Over,160,2.6,2026-07-19T00:28:40-05:00,4cbd4682-b56f-3f13-8f25-f3fd8526fe7f,138279b9-c3c8-3e9d-8b1b-7a7683d56df8,https://api.americanwagering.com/regions/us/locations/il/brands/czr/sb/v4/sports/americanfootball/tabs/FUTURE_BETS%7CPlayer%20Futures/secondary/_7cPlayer_7c_20_7cTotal_20Regular_20Season_20Rushing_20Touchdowns_7c
Caesars,IL,2026,D'Andre Swift,rushing_tds,7.5,Under,-210,1.47619,2026-07-19T00:28:40-05:00,4cbd4682-b56f-3f13-8f25-f3fd8526fe7f,daad765d-251d-30e2-a58e-23b2a29e79ad,https://api.americanwagering.com/regions/us/locations/il/brands/czr/sb/v4/sports/americanfootball/tabs/FUTURE_BETS%7CPlayer%20Futures/secondary/_7cPlayer_7c_20_7cTotal_20Regular_20Season_20Rushing_20Touchdowns_7c
Caesars,IL,2026,David Montgomery,rushing_tds,7.5,Over,-105,1.95238,2026-07-19T00:28:40-05:00,1c32d723-d4a6-336d-9da8-db2f204375f1,4b18d796-2b99-31bc-bfa3-3954a3feda51,https://api.americanwagering.com/regions/us/locations/il/brands/czr/sb/v4/sports/americanfootball/tabs/FUTURE_BETS%7CPlayer%20Futures/secondary/_7cPlayer_7c_20_7cTotal_20Regular_20Season_20Rushing_20Touchdowns_7c
Caesars,IL,2026,David Montgomery,rushing_tds,7.5,Under,-125,1.8,2026-07-19T00:28:40-05:00,1c32d723-d4a6-336d-9da8-db2f204375f1,96203389-c4f1-37f6-8969-182dd492d17e,https://api.americanwagering.com/regions/us/locations/il/brands/czr/sb/v4/sports/americanfootball/tabs/FUTURE_BETS%7CPlayer%20Futures/secondary/_7cPlayer_7c_20_7cTotal_20Regular_20Season_20Rushing_20Touchdowns_7c
Caesars,IL,2026,De'Von Achane,rushing_tds,5.5,Over,120,2.2,2026-07-19T00:28:40-05:00,ef1ecd64-b98d-329d-8562-edf5b2bb6851,dd6d578c-5e86-37a1-813e-1ec7bf3a9737,https://api.americanwagering.com/regions/us/locations/il/brands/czr/sb/v4/sports/americanfootball/tabs/FUTURE_BETS%7CPlayer%20Futures/secondary/_7cPlayer_7c_20_7cTotal_20Regular_20Season_20Rushing_20Touchdowns_7c
Caesars,IL,2026,De'Von Achane,rushing_tds,5.5,Under,-150,1.66667,2026-07-19T00:28:40-05:00,ef1ecd64-b98d-329d-8562-edf5b2bb6851,aa18f1f2-c643-379c-a490-68087b80b15d,https://api.americanwagering.com/regions/us/locations/il/brands/czr/sb/v4/sports/americanfootball/tabs/FUTURE_BETS%7CPlayer%20Futures/secondary/_7cPlayer_7c_20_7cTotal_20Regular_20Season_20Rushing_20Touchdowns_7c
Caesars,IL,2026,Derrick Henry,rushing_tds,12.5,Over,100,2.0,2026-07-19T00:28:40-05:00,b354992f-9538-3a0e-95b6-873155000ffc,f285c674-d5a2-3f0d-a4cd-957eae173345,https://api.americanwagering.com/regions/us/locations/il/brands/czr/sb/v4/sports/americanfootball/tabs/FUTURE_BETS%7CPlayer%20Futures/secondary/_7cPlayer_7c_20_7cTotal_20Regular_20Season_20Rushing_20Touchdowns_7c
Caesars,IL,2026,Derrick Henry,rushing_tds,12.5,Under,-130,1.77,2026-07-19T00:28:40-05:00,b354992f-9538-3a0e-95b6-873155000ffc,9579f3b9-cb41-30a6-85b9-b90f459dd23e,https://api.americanwagering.com/regions/us/locations/il/brands/czr/sb/v4/sports/americanfootball/tabs/FUTURE_BETS%7CPlayer%20Futures/secondary/_7cPlayer_7c_20_7cTotal_20Regular_20Season_20Rushing_20Touchdowns_7c
Caesars,IL,2026,Drake Maye,rushing_tds,3.5,Over,120,2.2,2026-07-19T00:28:40-05:00,762473cb-e47f-3375-98d4-f9841eb75467,3316ecce-37b5-3720-b5cc-724f396bc444,https://api.americanwagering.com/regions/us/locations/il/brands/czr/sb/v4/sports/americanfootball/tabs/FUTURE_BETS%7CPlayer%20Futures/secondary/_7cPlayer_7c_20_7cTotal_20Regular_20Season_20Rushing_20Touchdowns_7c
Caesars,IL,2026,Drake Maye,rushing_tds,3.5,Under,-150,1.66667,2026-07-19T00:28:40-05:00,762473cb-e47f-3375-98d4-f9841eb75467,2a3af126-3485-30a0-8acc-b0bacdf5190a,https://api.americanwagering.com/regions/us/locations/il/brands/czr/sb/v4/sports/americanfootball/tabs/FUTURE_BETS%7CPlayer%20Futures/secondary/_7cPlayer_7c_20_7cTotal_20Regular_20Season_20Rushing_20Touchdowns_7c
Caesars,IL,2026,Isiah Pacheco,rushing_tds,4.5,Over,100,2.0,2026-07-19T00:28:40-05:00,e464e3d9-7566-3205-b81c-02c2a230731a,fa19f830-9e38-32b6-8655-8c0e2d69f14a,https://api.americanwagering.com/regions/us/locations/il/brands/czr/sb/v4/sports/americanfootball/tabs/FUTURE_BETS%7CPlayer%20Futures/secondary/_7cPlayer_7c_20_7cTotal_20Regular_20Season_20Rushing_20Touchdowns_7c
Caesars,IL,2026,Isiah Pacheco,rushing_tds,4.5,Under,-130,1.77,2026-07-19T00:28:40-05:00,e464e3d9-7566-3205-b81c-02c2a230731a,987fcd01-eb93-3acc-bab8-9cbfe0934f88,https://api.americanwagering.com/regions/us/locations/il/brands/czr/sb/v4/sports/americanfootball/tabs/FUTURE_BETS%7CPlayer%20Futures/secondary/_7cPlayer_7c_20_7cTotal_20Regular_20Season_20Rushing_20Touchdowns_7c
Caesars,IL,2026,J.K. Dobbins,rushing_tds,5.5,Over,115,2.15,2026-07-19T00:28:40-05:00,9cbb8f58-8982-3f2a-b634-b8b0fa3db3c9,b2aa935d-3c61-3233-8683-dd1d1c03073e,https://api.americanwagering.com/regions/us/locations/il/brands/czr/sb/v4/sports/americanfootball/tabs/FUTURE_BETS%7CPlayer%20Futures/secondary/_7cPlayer_7c_20_7cTotal_20Regular_20Season_20Rushing_20Touchdowns_7c
Caesars,IL,2026,J.K. Dobbins,rushing_tds,5.5,Under,-145,1.68966,2026-07-19T00:28:40-05:00,9cbb8f58-8982-3f2a-b634-b8b0fa3db3c9,3e2553e2-5d2f-3fa9-8dd8-ca314fdd4fca,https://api.americanwagering.com/regions/us/locations/il/brands/czr/sb/v4/sports/americanfootball/tabs/FUTURE_BETS%7CPlayer%20Futures/secondary/_7cPlayer_7c_20_7cTotal_20Regular_20Season_20Rushing_20Touchdowns_7c
Caesars,IL,2026,Jadarian Price,rushing_tds,6.5,Over,-115,1.86957,2026-07-19T00:28:40-05:00,18e166e1-ae81-3b6f-902f-b5ec5b74ff8a,868d367e-9381-363f-a1e9-a948b7ce7c2c,https://api.americanwagering.com/regions/us/locations/il/brands/czr/sb/v4/sports/americanfootball/tabs/FUTURE_BETS%7CPlayer%20Futures/secondary/_7cPlayer_7c_20_7cTotal_20Regular_20Season_20Rushing_20Touchdowns_7c
Caesars,IL,2026,Jadarian Price,rushing_tds,6.5,Under,-115,1.86957,2026-07-19T00:28:40-05:00,18e166e1-ae81-3b6f-902f-b5ec5b74ff8a,38d7841c-44ca-3090-aaf7-6eb06548ae63,https://api.americanwagering.com/regions/us/locations/il/brands/czr/sb/v4/sports/americanfootball/tabs/FUTURE_BETS%7CPlayer%20Futures/secondary/_7cPlayer_7c_20_7cTotal_20Regular_20Season_20Rushing_20Touchdowns_7c
Caesars,IL,2026,Jahmyr Gibbs,rushing_tds,12.5,Over,115,2.15,2026-07-19T00:28:40-05:00,16fca759-d312-385c-a265-7c61cff1fda8,5133986c-6a4f-32d9-9019-bbb172a7efb5,https://api.americanwagering.com/regions/us/locations/il/brands/czr/sb/v4/sports/americanfootball/tabs/FUTURE_BETS%7CPlayer%20Futures/secondary/_7cPlayer_7c_20_7cTotal_20Regular_20Season_20Rushing_20Touchdowns_7c
Caesars,IL,2026,Jahmyr Gibbs,rushing_tds,12.5,Under,-145,1.68966,2026-07-19T00:28:40-05:00,16fca759-d312-385c-a265-7c61cff1fda8,c48d3fae-6322-3b56-a39f-38fe9b9d3bf8,https://api.americanwagering.com/regions/us/locations/il/brands/czr/sb/v4/sports/americanfootball/tabs/FUTURE_BETS%7CPlayer%20Futures/secondary/_7cPlayer_7c_20_7cTotal_20Regular_20Season_20Rushing_20Touchdowns_7c
Caesars,IL,2026,Jalen Hurts,rushing_tds,8.5,Over,100,2.0,2026-07-19T00:28:40-05:00,c7801430-0145-382c-acec-b5c7a862a34c,253f8509-df38-3a9e-baf9-758183618f2d,https://api.americanwagering.com/regions/us/locations/il/brands/czr/sb/v4/sports/americanfootball/tabs/FUTURE_BETS%7CPlayer%20Futures/secondary/_7cPlayer_7c_20_7cTotal_20Regular_20Season_20Rushing_20Touchdowns_7c
Caesars,IL,2026,Jalen Hurts,rushing_tds,8.5,Under,-130,1.77,2026-07-19T00:28:40-05:00,c7801430-0145-382c-acec-b5c7a862a34c,cb6329c5-005f-3d50-ad05-cb3de03f5fce,https://api.americanwagering.com/regions/us/locations/il/brands/czr/sb/v4/sports/americanfootball/tabs/FUTURE_BETS%7CPlayer%20Futures/secondary/_7cPlayer_7c_20_7cTotal_20Regular_20Season_20Rushing_20Touchdowns_7c
Caesars,IL,2026,James Cook,rushing_tds,10.5,Over,115,2.15,2026-07-19T00:28:40-05:00,0ca3abfd-3819-36b6-a783-44ac2e37b5fd,3a9645a0-a541-360c-bbc7-7a7acf411c25,https://api.americanwagering.com/regions/us/locations/il/brands/czr/sb/v4/sports/americanfootball/tabs/FUTURE_BETS%7CPlayer%20Futures/secondary/_7cPlayer_7c_20_7cTotal_20Regular_20Season_20Rushing_20Touchdowns_7c
Caesars,IL,2026,James Cook,rushing_tds,10.5,Under,-145,1.68966,2026-07-19T00:28:40-05:00,0ca3abfd-3819-36b6-a783-44ac2e37b5fd,98b0c444-2fd0-3c7b-aaa8-df0ed075bb4d,https://api.americanwagering.com/regions/us/locations/il/brands/czr/sb/v4/sports/americanfootball/tabs/FUTURE_BETS%7CPlayer%20Futures/secondary/_7cPlayer_7c_20_7cTotal_20Regular_20Season_20Rushing_20Touchdowns_7c
Caesars,IL,2026,Javonte Williams,rushing_tds,9.5,Over,-115,1.86957,2026-07-19T00:28:40-05:00,5c859300-232b-3791-9e37-53af19aafa32,b09f35f9-3e6d-3554-84da-b8f5a9c747eb,https://api.americanwagering.com/regions/us/locations/il/brands/czr/sb/v4/sports/americanfootball/tabs/FUTURE_BETS%7CPlayer%20Futures/secondary/_7cPlayer_7c_20_7cTotal_20Regular_20Season_20Rushing_20Touchdowns_7c
Caesars,IL,2026,Javonte Williams,rushing_tds,9.5,Under,-115,1.86957,2026-07-19T00:28:40-05:00,5c859300-232b-3791-9e37-53af19aafa32,3a37bc80-c8cf-339e-9536-a4e5a7fac8ee,https://api.americanwagering.com/regions/us/locations/il/brands/czr/sb/v4/sports/americanfootball/tabs/FUTURE_BETS%7CPlayer%20Futures/secondary/_7cPlayer_7c_20_7cTotal_20Regular_20Season_20Rushing_20Touchdowns_7c
Caesars,IL,2026,Jaxson Dart,rushing_tds,6.5,Over,130,2.3,2026-07-19T00:28:40-05:00,a71e534a-0521-3a94-a9ae-fc68dba361fa,f6824507-b3e1-3448-a5a3-ee3d751e39a6,https://api.americanwagering.com/regions/us/locations/il/brands/czr/sb/v4/sports/americanfootball/tabs/FUTURE_BETS%7CPlayer%20Futures/secondary/_7cPlayer_7c_20_7cTotal_20Regular_20Season_20Rushing_20Touchdowns_7c
Caesars,IL,2026,Jaxson Dart,rushing_tds,6.5,Under,-160,1.625,2026-07-19T00:28:40-05:00,a71e534a-0521-3a94-a9ae-fc68dba361fa,e6adb6de-17a7-3717-854b-13c9d9c78701,https://api.americanwagering.com/regions/us/locations/il/brands/czr/sb/v4/sports/americanfootball/tabs/FUTURE_BETS%7CPlayer%20Futures/secondary/_7cPlayer_7c_20_7cTotal_20Regular_20Season_20Rushing_20Touchdowns_7c
Caesars,IL,2026,Jayden Daniels,rushing_tds,4.5,Over,110,2.1,2026-07-19T00:28:40-05:00,dc663f60-c08d-38e6-b8f5-42efd60248c4,de52ab6f-abf3-36e8-9737-acdff0623f19,https://api.americanwagering.com/regions/us/locations/il/brands/czr/sb/v4/sports/americanfootball/tabs/FUTURE_BETS%7CPlayer%20Futures/secondary/_7cPlayer_7c_20_7cTotal_20Regular_20Season_20Rushing_20Touchdowns_7c
Caesars,IL,2026,Jayden Daniels,rushing_tds,4.5,Under,-140,1.71429,2026-07-19T00:28:40-05:00,dc663f60-c08d-38e6-b8f5-42efd60248c4,6e7bbae0-9338-3345-8551-17855bb793f4,https://api.americanwagering.com/regions/us/locations/il/brands/czr/sb/v4/sports/americanfootball/tabs/FUTURE_BETS%7CPlayer%20Futures/secondary/_7cPlayer_7c_20_7cTotal_20Regular_20Season_20Rushing_20Touchdowns_7c
Caesars,IL,2026,Jeremiyah Love,rushing_tds,5.5,Over,-125,1.8,2026-07-19T00:28:40-05:00,bd923e7f-da68-39b8-b4ce-5f2c05a86a11,14422f6f-3ead-3da1-b2f1-8e233b7144df,https://api.americanwagering.com/regions/us/locations/il/brands/czr/sb/v4/sports/americanfootball/tabs/FUTURE_BETS%7CPlayer%20Futures/secondary/_7cPlayer_7c_20_7cTotal_20Regular_20Season_20Rushing_20Touchdowns_7c
Caesars,IL,2026,Jeremiyah Love,rushing_tds,5.5,Under,-105,1.95238,2026-07-19T00:28:40-05:00,bd923e7f-da68-39b8-b4ce-5f2c05a86a11,244441bf-ad79-30b2-9e2e-d3229b93cbc3,https://api.americanwagering.com/regions/us/locations/il/brands/czr/sb/v4/sports/americanfootball/tabs/FUTURE_BETS%7CPlayer%20Futures/secondary/_7cPlayer_7c_20_7cTotal_20Regular_20Season_20Rushing_20Touchdowns_7c
Caesars,IL,2026,Jonathan Taylor,rushing_tds,11.5,Over,105,2.05,2026-07-19T00:28:40-05:00,5485b54e-0dde-31a6-82aa-78458e73197d,54398253-8652-36a2-87eb-ce09a695b8f4,https://api.americanwagering.com/regions/us/locations/il/brands/czr/sb/v4/sports/americanfootball/tabs/FUTURE_BETS%7CPlayer%20Futures/secondary/_7cPlayer_7c_20_7cTotal_20Regular_20Season_20Rushing_20Touchdowns_7c
Caesars,IL,2026,Jonathan Taylor,rushing_tds,11.5,Under,-135,1.74074,2026-07-19T00:28:40-05:00,5485b54e-0dde-31a6-82aa-78458e73197d,264ad721-2c20-32ab-a13a-4abbc5b65e77,https://api.americanwagering.com/regions/us/locations/il/brands/czr/sb/v4/sports/americanfootball/tabs/FUTURE_BETS%7CPlayer%20Futures/secondary/_7cPlayer_7c_20_7cTotal_20Regular_20Season_20Rushing_20Touchdowns_7c
Caesars,IL,2026,Jordan Mason,rushing_tds,4.5,Over,-115,1.86957,2026-07-19T00:28:40-05:00,e26dacae-6ead-35d8-941e-161dc93aeca8,7ab59316-986e-31a6-8d10-d46f9466249d,https://api.americanwagering.com/regions/us/locations/il/brands/czr/sb/v4/sports/americanfootball/tabs/FUTURE_BETS%7CPlayer%20Futures/secondary/_7cPlayer_7c_20_7cTotal_20Regular_20Season_20Rushing_20Touchdowns_7c
Caesars,IL,2026,Jordan Mason,rushing_tds,4.5,Under,-115,1.86957,2026-07-19T00:28:40-05:00,e26dacae-6ead-35d8-941e-161dc93aeca8,948b5c2b-d177-3797-876a-00eaf2033834,https://api.americanwagering.com/regions/us/locations/il/brands/czr/sb/v4/sports/americanfootball/tabs/FUTURE_BETS%7CPlayer%20Futures/secondary/_7cPlayer_7c_20_7cTotal_20Regular_20Season_20Rushing_20Touchdowns_7c
Caesars,IL,2026,Josh Allen,rushing_tds,10.5,Over,-115,1.86957,2026-07-19T00:28:40-05:00,36ebe3a5-89b3-3217-a17b-7c4c02cf66d5,879c013c-9182-3d38-a6d0-fbd71a3dc064,https://api.americanwagering.com/regions/us/locations/il/brands/czr/sb/v4/sports/americanfootball/tabs/FUTURE_BETS%7CPlayer%20Futures/secondary/_7cPlayer_7c_20_7cTotal_20Regular_20Season_20Rushing_20Touchdowns_7c
Caesars,IL,2026,Josh Allen,rushing_tds,10.5,Under,-115,1.86957,2026-07-19T00:28:40-05:00,36ebe3a5-89b3-3217-a17b-7c4c02cf66d5,d8306b28-a012-3fc1-bb16-113c82962a2d,https://api.americanwagering.com/regions/us/locations/il/brands/czr/sb/v4/sports/americanfootball/tabs/FUTURE_BETS%7CPlayer%20Futures/secondary/_7cPlayer_7c_20_7cTotal_20Regular_20Season_20Rushing_20Touchdowns_7c
Caesars,IL,2026,Kenneth Walker III,rushing_tds,7.5,Over,-110,1.91,2026-07-19T00:28:40-05:00,79f56252-5b4e-36a4-a0cc-64fad3e8e0fa,109a99a5-1b45-3457-92be-52e125387695,https://api.americanwagering.com/regions/us/locations/il/brands/czr/sb/v4/sports/americanfootball/tabs/FUTURE_BETS%7CPlayer%20Futures/secondary/_7cPlayer_7c_20_7cTotal_20Regular_20Season_20Rushing_20Touchdowns_7c
Caesars,IL,2026,Kenneth Walker III,rushing_tds,7.5,Under,-120,1.83,2026-07-19T00:28:40-05:00,79f56252-5b4e-36a4-a0cc-64fad3e8e0fa,8c44e3aa-e161-3a28-bc8f-eb065f433509,https://api.americanwagering.com/regions/us/locations/il/brands/czr/sb/v4/sports/americanfootball/tabs/FUTURE_BETS%7CPlayer%20Futures/secondary/_7cPlayer_7c_20_7cTotal_20Regular_20Season_20Rushing_20Touchdowns_7c
Caesars,IL,2026,Kyle Monangai,rushing_tds,4.5,Over,-120,1.83,2026-07-19T00:28:40-05:00,942e6a01-1864-3cd7-a163-654e9b73e990,10e1c232-4ded-378d-b8c3-f0677306dda3,https://api.americanwagering.com/regions/us/locations/il/brands/czr/sb/v4/sports/americanfootball/tabs/FUTURE_BETS%7CPlayer%20Futures/secondary/_7cPlayer_7c_20_7cTotal_20Regular_20Season_20Rushing_20Touchdowns_7c
Caesars,IL,2026,Kyle Monangai,rushing_tds,4.5,Under,-110,1.91,2026-07-19T00:28:40-05:00,942e6a01-1864-3cd7-a163-654e9b73e990,6f417f8e-ba26-3209-a4bf-dc9d1cf90483,https://api.americanwagering.com/regions/us/locations/il/brands/czr/sb/v4/sports/americanfootball/tabs/FUTURE_BETS%7CPlayer%20Futures/secondary/_7cPlayer_7c_20_7cTotal_20Regular_20Season_20Rushing_20Touchdowns_7c
Caesars,IL,2026,Kyren Williams,rushing_tds,10.5,Over,130,2.3,2026-07-19T00:28:40-05:00,02d1d4f0-6fc2-32c6-b88d-328ce7eafab4,aa8e9970-ca43-3240-83ea-6ecc190a827f,https://api.americanwagering.com/regions/us/locations/il/brands/czr/sb/v4/sports/americanfootball/tabs/FUTURE_BETS%7CPlayer%20Futures/secondary/_7cPlayer_7c_20_7cTotal_20Regular_20Season_20Rushing_20Touchdowns_7c
Caesars,IL,2026,Kyren Williams,rushing_tds,10.5,Under,-160,1.625,2026-07-19T00:28:40-05:00,02d1d4f0-6fc2-32c6-b88d-328ce7eafab4,def50c26-1017-3e41-8c94-18338cf01575,https://api.americanwagering.com/regions/us/locations/il/brands/czr/sb/v4/sports/americanfootball/tabs/FUTURE_BETS%7CPlayer%20Futures/secondary/_7cPlayer_7c_20_7cTotal_20Regular_20Season_20Rushing_20Touchdowns_7c
Caesars,IL,2026,Lamar Jackson,rushing_tds,3.5,Over,-105,1.95238,2026-07-19T00:28:40-05:00,696d8790-226e-3859-8f0c-4e644940b202,c5325755-9262-3d6a-9181-df96c76a3cce,https://api.americanwagering.com/regions/us/locations/il/brands/czr/sb/v4/sports/americanfootball/tabs/FUTURE_BETS%7CPlayer%20Futures/secondary/_7cPlayer_7c_20_7cTotal_20Regular_20Season_20Rushing_20Touchdowns_7c
Caesars,IL,2026,Lamar Jackson,rushing_tds,3.5,Under,-125,1.8,2026-07-19T00:28:40-05:00,696d8790-226e-3859-8f0c-4e644940b202,9a8192a7-c171-315c-b6aa-cabe8a509a9d,https://api.americanwagering.com/regions/us/locations/il/brands/czr/sb/v4/sports/americanfootball/tabs/FUTURE_BETS%7CPlayer%20Futures/secondary/_7cPlayer_7c_20_7cTotal_20Regular_20Season_20Rushing_20Touchdowns_7c
Caesars,IL,2026,Omarion Hampton,rushing_tds,7.5,Over,-105,1.95238,2026-07-19T00:28:40-05:00,c52683fb-5863-3436-af49-72ab2d9ff34b,485745a1-5548-3254-9cf2-4225d259df77,https://api.americanwagering.com/regions/us/locations/il/brands/czr/sb/v4/sports/americanfootball/tabs/FUTURE_BETS%7CPlayer%20Futures/secondary/_7cPlayer_7c_20_7cTotal_20Regular_20Season_20Rushing_20Touchdowns_7c
Caesars,IL,2026,Omarion Hampton,rushing_tds,7.5,Under,-125,1.8,2026-07-19T00:28:40-05:00,c52683fb-5863-3436-af49-72ab2d9ff34b,326540e6-d683-3d84-b8dd-8b9208a0c8f0,https://api.americanwagering.com/regions/us/locations/il/brands/czr/sb/v4/sports/americanfootball/tabs/FUTURE_BETS%7CPlayer%20Futures/secondary/_7cPlayer_7c_20_7cTotal_20Regular_20Season_20Rushing_20Touchdowns_7c
Caesars,IL,2026,Quinshon Judkins,rushing_tds,6.5,Over,130,2.3,2026-07-19T00:28:40-05:00,420b95d3-533e-3664-be71-ec6f1d7142c4,9d701164-b62d-34ae-901f-4a5237afe998,https://api.americanwagering.com/regions/us/locations/il/brands/czr/sb/v4/sports/americanfootball/tabs/FUTURE_BETS%7CPlayer%20Futures/secondary/_7cPlayer_7c_20_7cTotal_20Regular_20Season_20Rushing_20Touchdowns_7c
Caesars,IL,2026,Quinshon Judkins,rushing_tds,6.5,Under,-160,1.625,2026-07-19T00:28:40-05:00,420b95d3-533e-3664-be71-ec6f1d7142c4,8b3573e6-320b-31b8-95bc-ff5e10938c30,https://api.americanwagering.com/regions/us/locations/il/brands/czr/sb/v4/sports/americanfootball/tabs/FUTURE_BETS%7CPlayer%20Futures/secondary/_7cPlayer_7c_20_7cTotal_20Regular_20Season_20Rushing_20Touchdowns_7c
Caesars,IL,2026,Rhamondre Stevenson,rushing_tds,6.5,Over,130,2.3,2026-07-19T00:28:40-05:00,3479cb50-3963-3124-b156-dde53c479511,57e2fbed-9ee1-3e1c-ad61-62c84bea591a,https://api.americanwagering.com/regions/us/locations/il/brands/czr/sb/v4/sports/americanfootball/tabs/FUTURE_BETS%7CPlayer%20Futures/secondary/_7cPlayer_7c_20_7cTotal_20Regular_20Season_20Rushing_20Touchdowns_7c
Caesars,IL,2026,Rhamondre Stevenson,rushing_tds,6.5,Under,-160,1.625,2026-07-19T00:28:40-05:00,3479cb50-3963-3124-b156-dde53c479511,a8910331-9d3f-3008-a1f4-2f4466848677,https://api.americanwagering.com/regions/us/locations/il/brands/czr/sb/v4/sports/americanfootball/tabs/FUTURE_BETS%7CPlayer%20Futures/secondary/_7cPlayer_7c_20_7cTotal_20Regular_20Season_20Rushing_20Touchdowns_7c
Caesars,IL,2026,Rico Dowdle,rushing_tds,4.5,Over,115,2.15,2026-07-19T00:28:40-05:00,58b3529d-54d7-3ccd-a041-08e93226be37,5ee4d2d2-008f-38c6-b76a-5454138683db,https://api.americanwagering.com/regions/us/locations/il/brands/czr/sb/v4/sports/americanfootball/tabs/FUTURE_BETS%7CPlayer%20Futures/secondary/_7cPlayer_7c_20_7cTotal_20Regular_20Season_20Rushing_20Touchdowns_7c
Caesars,IL,2026,Rico Dowdle,rushing_tds,4.5,Under,-145,1.68966,2026-07-19T00:28:40-05:00,58b3529d-54d7-3ccd-a041-08e93226be37,9cef230a-0172-36b4-a76c-56550b69f719,https://api.americanwagering.com/regions/us/locations/il/brands/czr/sb/v4/sports/americanfootball/tabs/FUTURE_BETS%7CPlayer%20Futures/secondary/_7cPlayer_7c_20_7cTotal_20Regular_20Season_20Rushing_20Touchdowns_7c
Caesars,IL,2026,Saquon Barkley,rushing_tds,7.5,Over,100,2.0,2026-07-19T00:28:40-05:00,fb7f425a-a1bc-3108-9f36-bdb746360373,93636ead-1d76-3fd7-a82e-20b16cccef2c,https://api.americanwagering.com/regions/us/locations/il/brands/czr/sb/v4/sports/americanfootball/tabs/FUTURE_BETS%7CPlayer%20Futures/secondary/_7cPlayer_7c_20_7cTotal_20Regular_20Season_20Rushing_20Touchdowns_7c
Caesars,IL,2026,Saquon Barkley,rushing_tds,7.5,Under,-130,1.77,2026-07-19T00:28:40-05:00,fb7f425a-a1bc-3108-9f36-bdb746360373,d5b1b9d3-e3c9-3969-8ac1-4d4a3218ab4d,https://api.americanwagering.com/regions/us/locations/il/brands/czr/sb/v4/sports/americanfootball/tabs/FUTURE_BETS%7CPlayer%20Futures/secondary/_7cPlayer_7c_20_7cTotal_20Regular_20Season_20Rushing_20Touchdowns_7c
Caesars,IL,2026,Tony Pollard,rushing_tds,5.5,Over,125,2.25,2026-07-19T00:28:40-05:00,8c42d3d7-b34a-3eb3-bfee-0413ecb7bf92,c269ab80-fe3a-3457-a88b-6d712ed129c9,https://api.americanwagering.com/regions/us/locations/il/brands/czr/sb/v4/sports/americanfootball/tabs/FUTURE_BETS%7CPlayer%20Futures/secondary/_7cPlayer_7c_20_7cTotal_20Regular_20Season_20Rushing_20Touchdowns_7c
Caesars,IL,2026,Tony Pollard,rushing_tds,5.5,Under,-155,1.64516,2026-07-19T00:28:40-05:00,8c42d3d7-b34a-3eb3-bfee-0413ecb7bf92,817b6f90-c77c-3669-9c3f-51b7337e82c5,https://api.americanwagering.com/regions/us/locations/il/brands/czr/sb/v4/sports/americanfootball/tabs/FUTURE_BETS%7CPlayer%20Futures/secondary/_7cPlayer_7c_20_7cTotal_20Regular_20Season_20Rushing_20Touchdowns_7c
Caesars,IL,2026,Travis Etienne,rushing_tds,5.5,Over,125,2.25,2026-07-19T00:28:40-05:00,e20ce247-8159-3820-9e35-09eaf4b47be2,fca1db4e-4d3e-3315-a1a3-f8af290fd551,https://api.americanwagering.com/regions/us/locations/il/brands/czr/sb/v4/sports/americanfootball/tabs/FUTURE_BETS%7CPlayer%20Futures/secondary/_7cPlayer_7c_20_7cTotal_20Regular_20Season_20Rushing_20Touchdowns_7c
Caesars,IL,2026,Travis Etienne,rushing_tds,5.5,Under,-155,1.64516,2026-07-19T00:28:40-05:00,e20ce247-8159-3820-9e35-09eaf4b47be2,9d2ee292-e0e6-3cd2-8923-e57eafc318d6,https://api.americanwagering.com/regions/us/locations/il/brands/czr/sb/v4/sports/americanfootball/tabs/FUTURE_BETS%7CPlayer%20Futures/secondary/_7cPlayer_7c_20_7cTotal_20Regular_20Season_20Rushing_20Touchdowns_7c
Caesars,IL,2026,TreVeyon Henderson,rushing_tds,6.5,Over,140,2.4,2026-07-19T00:28:40-05:00,a2b0228f-854f-3783-85f5-5d374aa36959,3c1cf2c5-78c5-3b08-ba73-4e8d3ff3f8d4,https://api.americanwagering.com/regions/us/locations/il/brands/czr/sb/v4/sports/americanfootball/tabs/FUTURE_BETS%7CPlayer%20Futures/secondary/_7cPlayer_7c_20_7cTotal_20Regular_20Season_20Rushing_20Touchdowns_7c
Caesars,IL,2026,TreVeyon Henderson,rushing_tds,6.5,Under,-175,1.57143,2026-07-19T00:28:40-05:00,a2b0228f-854f-3783-85f5-5d374aa36959,634a1cfc-2169-358f-8893-24947761812a,https://api.americanwagering.com/regions/us/locations/il/brands/czr/sb/v4/sports/americanfootball/tabs/FUTURE_BETS%7CPlayer%20Futures/secondary/_7cPlayer_7c_20_7cTotal_20Regular_20Season_20Rushing_20Touchdowns_7c
Caesars,IL,2026,A.J. Brown,receiving_yards,1125.5,Over,-115,1.86957,2026-07-19T00:28:40-05:00,ffb926eb-a648-3c7d-a367-4f147e5a2c4a,045136fa-5b24-3104-9be9-f2ca762ef5d8,https://api.americanwagering.com/regions/us/locations/il/brands/czr/sb/v4/sports/americanfootball/tabs/FUTURE_BETS%7CPlayer%20Futures/secondary/_7cPlayer_7c_20_7cTotal_20Regular_20Season_20Receiving_20Yards_7c
Caesars,IL,2026,A.J. Brown,receiving_yards,1125.5,Under,-115,1.86957,2026-07-19T00:28:40-05:00,ffb926eb-a648-3c7d-a367-4f147e5a2c4a,4f0f7bbb-dde6-34de-8fd0-3eb863608283,https://api.americanwagering.com/regions/us/locations/il/brands/czr/sb/v4/sports/americanfootball/tabs/FUTURE_BETS%7CPlayer%20Futures/secondary/_7cPlayer_7c_20_7cTotal_20Regular_20Season_20Receiving_20Yards_7c
Caesars,IL,2026,Amon-Ra St. Brown,receiving_yards,1200.5,Over,-115,1.86957,2026-07-19T00:28:40-05:00,2f34e0a3-2d4e-31d6-8c02-1f029b35c498,666d7646-2f68-31bd-9b4c-96461eba09ee,https://api.americanwagering.com/regions/us/locations/il/brands/czr/sb/v4/sports/americanfootball/tabs/FUTURE_BETS%7CPlayer%20Futures/secondary/_7cPlayer_7c_20_7cTotal_20Regular_20Season_20Receiving_20Yards_7c
Caesars,IL,2026,Amon-Ra St. Brown,receiving_yards,1200.5,Under,-115,1.86957,2026-07-19T00:28:40-05:00,2f34e0a3-2d4e-31d6-8c02-1f029b35c498,e21050e3-335d-31d7-888b-7a8789d5437d,https://api.americanwagering.com/regions/us/locations/il/brands/czr/sb/v4/sports/americanfootball/tabs/FUTURE_BETS%7CPlayer%20Futures/secondary/_7cPlayer_7c_20_7cTotal_20Regular_20Season_20Receiving_20Yards_7c
Caesars,IL,2026,Ashton Jeanty,receiving_yards,350.5,Over,-115,1.86957,2026-07-19T00:28:40-05:00,d64b5a27-5fca-3078-835d-c37f3ca9345e,ee7f5ac8-011d-3be5-98b6-0f319b0346d5,https://api.americanwagering.com/regions/us/locations/il/brands/czr/sb/v4/sports/americanfootball/tabs/FUTURE_BETS%7CPlayer%20Futures/secondary/_7cPlayer_7c_20_7cTotal_20Regular_20Season_20Receiving_20Yards_7c
Caesars,IL,2026,Ashton Jeanty,receiving_yards,350.5,Under,-115,1.86957,2026-07-19T00:28:40-05:00,d64b5a27-5fca-3078-835d-c37f3ca9345e,669d2acd-bc3d-3a8a-9c92-4b0b8cf599ed,https://api.americanwagering.com/regions/us/locations/il/brands/czr/sb/v4/sports/americanfootball/tabs/FUTURE_BETS%7CPlayer%20Futures/secondary/_7cPlayer_7c_20_7cTotal_20Regular_20Season_20Receiving_20Yards_7c
Caesars,IL,2026,Bijan Robinson,receiving_yards,575.5,Over,-115,1.86957,2026-07-19T00:28:40-05:00,d9a45e11-a98a-36f9-9fea-e0a9f7f6c334,30f66faa-86e7-38e8-a87c-34fbb8ca3530,https://api.americanwagering.com/regions/us/locations/il/brands/czr/sb/v4/sports/americanfootball/tabs/FUTURE_BETS%7CPlayer%20Futures/secondary/_7cPlayer_7c_20_7cTotal_20Regular_20Season_20Receiving_20Yards_7c
Caesars,IL,2026,Bijan Robinson,receiving_yards,575.5,Under,-115,1.86957,2026-07-19T00:28:40-05:00,d9a45e11-a98a-36f9-9fea-e0a9f7f6c334,7147d069-70e2-35d5-8664-72c9d3ed3925,https://api.americanwagering.com/regions/us/locations/il/brands/czr/sb/v4/sports/americanfootball/tabs/FUTURE_BETS%7CPlayer%20Futures/secondary/_7cPlayer_7c_20_7cTotal_20Regular_20Season_20Receiving_20Yards_7c
Caesars,IL,2026,Breece Hall,receiving_yards,325.5,Over,-115,1.86957,2026-07-19T00:28:40-05:00,bd0cef44-5d0b-3560-bd9c-ad997f3d015c,137c77b6-150b-36e1-a418-b510aaa011ed,https://api.americanwagering.com/regions/us/locations/il/brands/czr/sb/v4/sports/americanfootball/tabs/FUTURE_BETS%7CPlayer%20Futures/secondary/_7cPlayer_7c_20_7cTotal_20Regular_20Season_20Receiving_20Yards_7c
Caesars,IL,2026,Breece Hall,receiving_yards,325.5,Under,-115,1.86957,2026-07-19T00:28:40-05:00,bd0cef44-5d0b-3560-bd9c-ad997f3d015c,01dde3f7-a481-3461-9990-d964b83ed882,https://api.americanwagering.com/regions/us/locations/il/brands/czr/sb/v4/sports/americanfootball/tabs/FUTURE_BETS%7CPlayer%20Futures/secondary/_7cPlayer_7c_20_7cTotal_20Regular_20Season_20Receiving_20Yards_7c
Caesars,IL,2026,Brenton Strange,receiving_yards,490.5,Over,-115,1.86957,2026-07-19T00:28:40-05:00,cc6c8d14-a91b-36d3-8d43-3e11fc803846,484e9571-e23b-3dd3-861a-ec02812ba5f5,https://api.americanwagering.com/regions/us/locations/il/brands/czr/sb/v4/sports/americanfootball/tabs/FUTURE_BETS%7CPlayer%20Futures/secondary/_7cPlayer_7c_20_7cTotal_20Regular_20Season_20Receiving_20Yards_7c
Caesars,IL,2026,Brenton Strange,receiving_yards,490.5,Under,-115,1.86957,2026-07-19T00:28:40-05:00,cc6c8d14-a91b-36d3-8d43-3e11fc803846,682b01b1-1afb-327f-8253-c0134bd66401,https://api.americanwagering.com/regions/us/locations/il/brands/czr/sb/v4/sports/americanfootball/tabs/FUTURE_BETS%7CPlayer%20Futures/secondary/_7cPlayer_7c_20_7cTotal_20Regular_20Season_20Receiving_20Yards_7c
Caesars,IL,2026,Brian Thomas Jr.,receiving_yards,700.5,Over,-115,1.86957,2026-07-19T00:28:40-05:00,c563e0dd-7344-3ea6-8f5a-b83821f34080,f0fd2b1d-2920-3d37-ad8b-9a6060be909f,https://api.americanwagering.com/regions/us/locations/il/brands/czr/sb/v4/sports/americanfootball/tabs/FUTURE_BETS%7CPlayer%20Futures/secondary/_7cPlayer_7c_20_7cTotal_20Regular_20Season_20Receiving_20Yards_7c
Caesars,IL,2026,Brian Thomas Jr.,receiving_yards,700.5,Under,-115,1.86957,2026-07-19T00:28:40-05:00,c563e0dd-7344-3ea6-8f5a-b83821f34080,d20d5c8a-4301-3527-b551-41b215785a13,https://api.americanwagering.com/regions/us/locations/il/brands/czr/sb/v4/sports/americanfootball/tabs/FUTURE_BETS%7CPlayer%20Futures/secondary/_7cPlayer_7c_20_7cTotal_20Regular_20Season_20Receiving_20Yards_7c
Caesars,IL,2026,Brock Bowers,receiving_yards,900.5,Over,-115,1.86957,2026-07-19T00:28:40-05:00,e2c324b4-ce40-3d47-96cd-2592313d21b1,195685a8-eceb-3c91-8209-a5f4f2dbbe2d,https://api.americanwagering.com/regions/us/locations/il/brands/czr/sb/v4/sports/americanfootball/tabs/FUTURE_BETS%7CPlayer%20Futures/secondary/_7cPlayer_7c_20_7cTotal_20Regular_20Season_20Receiving_20Yards_7c
Caesars,IL,2026,Brock Bowers,receiving_yards,900.5,Under,-115,1.86957,2026-07-19T00:28:40-05:00,e2c324b4-ce40-3d47-96cd-2592313d21b1,58b84ac6-8644-3491-a18b-7a358c36179e,https://api.americanwagering.com/regions/us/locations/il/brands/czr/sb/v4/sports/americanfootball/tabs/FUTURE_BETS%7CPlayer%20Futures/secondary/_7cPlayer_7c_20_7cTotal_20Regular_20Season_20Receiving_20Yards_7c
Caesars,IL,2026,Cade Otton,receiving_yards,425.5,Over,-115,1.86957,2026-07-19T00:28:40-05:00,123c9516-1b1c-30d0-ae13-e5dcc76293c8,cf6e31a4-1f5b-3707-9cc1-9e3beedf164b,https://api.americanwagering.com/regions/us/locations/il/brands/czr/sb/v4/sports/americanfootball/tabs/FUTURE_BETS%7CPlayer%20Futures/secondary/_7cPlayer_7c_20_7cTotal_20Regular_20Season_20Receiving_20Yards_7c
Caesars,IL,2026,Cade Otton,receiving_yards,425.5,Under,-115,1.86957,2026-07-19T00:28:40-05:00,123c9516-1b1c-30d0-ae13-e5dcc76293c8,30611f2c-8df4-3ee5-b8da-a700f3735d00,https://api.americanwagering.com/regions/us/locations/il/brands/czr/sb/v4/sports/americanfootball/tabs/FUTURE_BETS%7CPlayer%20Futures/secondary/_7cPlayer_7c_20_7cTotal_20Regular_20Season_20Receiving_20Yards_7c
Caesars,IL,2026,Calvin Ridley,receiving_yards,600.5,Over,-115,1.86957,2026-07-19T00:28:40-05:00,5d95cbeb-aec0-39dd-9a98-26107d759802,49a63919-66ab-351f-bd03-51c82d531af9,https://api.americanwagering.com/regions/us/locations/il/brands/czr/sb/v4/sports/americanfootball/tabs/FUTURE_BETS%7CPlayer%20Futures/secondary/_7cPlayer_7c_20_7cTotal_20Regular_20Season_20Receiving_20Yards_7c
Caesars,IL,2026,Calvin Ridley,receiving_yards,600.5,Under,-115,1.86957,2026-07-19T00:28:40-05:00,5d95cbeb-aec0-39dd-9a98-26107d759802,62998c13-bf8d-336e-b8d3-56591b978713,https://api.americanwagering.com/regions/us/locations/il/brands/czr/sb/v4/sports/americanfootball/tabs/FUTURE_BETS%7CPlayer%20Futures/secondary/_7cPlayer_7c_20_7cTotal_20Regular_20Season_20Receiving_20Yards_7c
Caesars,IL,2026,Cam Skattebo,receiving_yards,275.5,Over,-115,1.86957,2026-07-19T00:28:40-05:00,80080aaf-be09-32bd-9ca7-b8fa8d622231,f8db761e-3df5-3ec8-9f75-79e34262fcbe,https://api.americanwagering.com/regions/us/locations/il/brands/czr/sb/v4/sports/americanfootball/tabs/FUTURE_BETS%7CPlayer%20Futures/secondary/_7cPlayer_7c_20_7cTotal_20Regular_20Season_20Receiving_20Yards_7c
Caesars,IL,2026,Cam Skattebo,receiving_yards,275.5,Under,-115,1.86957,2026-07-19T00:28:40-05:00,80080aaf-be09-32bd-9ca7-b8fa8d622231,22aef9b5-5379-3ee7-980e-91124587ee80,https://api.americanwagering.com/regions/us/locations/il/brands/czr/sb/v4/sports/americanfootball/tabs/FUTURE_BETS%7CPlayer%20Futures/secondary/_7cPlayer_7c_20_7cTotal_20Regular_20Season_20Receiving_20Yards_7c
Caesars,IL,2026,Carnell Tate,receiving_yards,800.5,Over,-115,1.86957,2026-07-19T00:28:40-05:00,cef6da1f-dc79-3179-ad40-2f1bbb29c790,761a603d-718c-3496-8971-2fd5312980f3,https://api.americanwagering.com/regions/us/locations/il/brands/czr/sb/v4/sports/americanfootball/tabs/FUTURE_BETS%7CPlayer%20Futures/secondary/_7cPlayer_7c_20_7cTotal_20Regular_20Season_20Receiving_20Yards_7c
Caesars,IL,2026,Carnell Tate,receiving_yards,800.5,Under,-115,1.86957,2026-07-19T00:28:40-05:00,cef6da1f-dc79-3179-ad40-2f1bbb29c790,0f092b45-417d-37d3-b0f0-f1425c64c4d6,https://api.americanwagering.com/regions/us/locations/il/brands/czr/sb/v4/sports/americanfootball/tabs/FUTURE_BETS%7CPlayer%20Futures/secondary/_7cPlayer_7c_20_7cTotal_20Regular_20Season_20Receiving_20Yards_7c
Caesars,IL,2026,CeeDee Lamb,receiving_yards,1175.5,Over,-115,1.86957,2026-07-19T00:28:40-05:00,5f48cdee-1d54-319d-a0f5-a39141e6e415,1e274def-bdea-3d94-9ce8-fb571702147e,https://api.americanwagering.com/regions/us/locations/il/brands/czr/sb/v4/sports/americanfootball/tabs/FUTURE_BETS%7CPlayer%20Futures/secondary/_7cPlayer_7c_20_7cTotal_20Regular_20Season_20Receiving_20Yards_7c
Caesars,IL,2026,CeeDee Lamb,receiving_yards,1175.5,Under,-115,1.86957,2026-07-19T00:28:40-05:00,5f48cdee-1d54-319d-a0f5-a39141e6e415,9ab42e06-6ae2-3a47-9b8a-926d856ffa02,https://api.americanwagering.com/regions/us/locations/il/brands/czr/sb/v4/sports/americanfootball/tabs/FUTURE_BETS%7CPlayer%20Futures/secondary/_7cPlayer_7c_20_7cTotal_20Regular_20Season_20Receiving_20Yards_7c
Caesars,IL,2026,Chigoziem Okonkwo,receiving_yards,475.5,Over,-115,1.86957,2026-07-19T00:28:40-05:00,4e0332c0-8885-38f9-a076-c383b2edc522,6101dc58-9392-386d-8641-68d8367e4bb5,https://api.americanwagering.com/regions/us/locations/il/brands/czr/sb/v4/sports/americanfootball/tabs/FUTURE_BETS%7CPlayer%20Futures/secondary/_7cPlayer_7c_20_7cTotal_20Regular_20Season_20Receiving_20Yards_7c
Caesars,IL,2026,Chigoziem Okonkwo,receiving_yards,475.5,Under,-115,1.86957,2026-07-19T00:28:40-05:00,4e0332c0-8885-38f9-a076-c383b2edc522,b49f4721-663e-37aa-9890-2d15b6443f6c,https://api.americanwagering.com/regions/us/locations/il/brands/czr/sb/v4/sports/americanfootball/tabs/FUTURE_BETS%7CPlayer%20Futures/secondary/_7cPlayer_7c_20_7cTotal_20Regular_20Season_20Receiving_20Yards_7c
Caesars,IL,2026,Chris Godwin,receiving_yards,650.5,Over,-115,1.86957,2026-07-19T00:28:40-05:00,28bbe448-55b5-38e6-b888-32798dc1172b,99afb8f7-2a2c-3631-b532-523537ed9d07,https://api.americanwagering.com/regions/us/locations/il/brands/czr/sb/v4/sports/americanfootball/tabs/FUTURE_BETS%7CPlayer%20Futures/secondary/_7cPlayer_7c_20_7cTotal_20Regular_20Season_20Receiving_20Yards_7c
Caesars,IL,2026,Chris Godwin,receiving_yards,650.5,Under,-115,1.86957,2026-07-19T00:28:40-05:00,28bbe448-55b5-38e6-b888-32798dc1172b,649124c1-4b03-3e5b-b1a0-be6b3e2cf076,https://api.americanwagering.com/regions/us/locations/il/brands/czr/sb/v4/sports/americanfootball/tabs/FUTURE_BETS%7CPlayer%20Futures/secondary/_7cPlayer_7c_20_7cTotal_20Regular_20Season_20Receiving_20Yards_7c
Caesars,IL,2026,Chris Olave,receiving_yards,1000.5,Over,-115,1.86957,2026-07-19T00:28:40-05:00,ca24b7f4-6aac-3919-926d-a049b5bd67b4,8616658d-b7d0-3592-8fa4-fe034686ea78,https://api.americanwagering.com/regions/us/locations/il/brands/czr/sb/v4/sports/americanfootball/tabs/FUTURE_BETS%7CPlayer%20Futures/secondary/_7cPlayer_7c_20_7cTotal_20Regular_20Season_20Receiving_20Yards_7c
Caesars,IL,2026,Chris Olave,receiving_yards,1000.5,Under,-115,1.86957,2026-07-19T00:28:40-05:00,ca24b7f4-6aac-3919-926d-a049b5bd67b4,518a100c-25aa-3e25-88c0-b25a70ea7035,https://api.americanwagering.com/regions/us/locations/il/brands/czr/sb/v4/sports/americanfootball/tabs/FUTURE_BETS%7CPlayer%20Futures/secondary/_7cPlayer_7c_20_7cTotal_20Regular_20Season_20Receiving_20Yards_7c
Caesars,IL,2026,Christian McCaffrey,receiving_yards,575.5,Over,-115,1.86957,2026-07-19T00:28:40-05:00,4d60ed84-876d-322c-9448-1c23e5e5b084,af49f5ab-cc28-3362-9907-61da2c4bb63e,https://api.americanwagering.com/regions/us/locations/il/brands/czr/sb/v4/sports/americanfootball/tabs/FUTURE_BETS%7CPlayer%20Futures/secondary/_7cPlayer_7c_20_7cTotal_20Regular_20Season_20Receiving_20Yards_7c
Caesars,IL,2026,Christian McCaffrey,receiving_yards,575.5,Under,-115,1.86957,2026-07-19T00:28:40-05:00,4d60ed84-876d-322c-9448-1c23e5e5b084,6359f2d6-2657-3a29-a1f1-c656330293d0,https://api.americanwagering.com/regions/us/locations/il/brands/czr/sb/v4/sports/americanfootball/tabs/FUTURE_BETS%7CPlayer%20Futures/secondary/_7cPlayer_7c_20_7cTotal_20Regular_20Season_20Receiving_20Yards_7c
Caesars,IL,2026,Christian Watson,receiving_yards,750.5,Over,-115,1.86957,2026-07-19T00:28:40-05:00,b64ef74f-36ba-3169-8e4e-e63a680b7a1b,48602403-d6a7-3c7c-bc5c-8d96e0e80433,https://api.americanwagering.com/regions/us/locations/il/brands/czr/sb/v4/sports/americanfootball/tabs/FUTURE_BETS%7CPlayer%20Futures/secondary/_7cPlayer_7c_20_7cTotal_20Regular_20Season_20Receiving_20Yards_7c
Caesars,IL,2026,Christian Watson,receiving_yards,750.5,Under,-115,1.86957,2026-07-19T00:28:40-05:00,b64ef74f-36ba-3169-8e4e-e63a680b7a1b,c8814e28-30a4-3da1-8e98-cc06eb735f86,https://api.americanwagering.com/regions/us/locations/il/brands/czr/sb/v4/sports/americanfootball/tabs/FUTURE_BETS%7CPlayer%20Futures/secondary/_7cPlayer_7c_20_7cTotal_20Regular_20Season_20Receiving_20Yards_7c
Caesars,IL,2026,Colston Loveland,receiving_yards,775.5,Over,-115,1.86957,2026-07-19T00:28:40-05:00,288cbdeb-d26e-3507-83b0-e09a37230ecd,9283adee-8965-3c43-88bc-9ff8df5e9710,https://api.americanwagering.com/regions/us/locations/il/brands/czr/sb/v4/sports/americanfootball/tabs/FUTURE_BETS%7CPlayer%20Futures/secondary/_7cPlayer_7c_20_7cTotal_20Regular_20Season_20Receiving_20Yards_7c
Caesars,IL,2026,Colston Loveland,receiving_yards,775.5,Under,-115,1.86957,2026-07-19T00:28:40-05:00,288cbdeb-d26e-3507-83b0-e09a37230ecd,89c80542-9b71-30be-a68e-4464e6296669,https://api.americanwagering.com/regions/us/locations/il/brands/czr/sb/v4/sports/americanfootball/tabs/FUTURE_BETS%7CPlayer%20Futures/secondary/_7cPlayer_7c_20_7cTotal_20Regular_20Season_20Receiving_20Yards_7c
Caesars,IL,2026,Courtland Sutton,receiving_yards,750.5,Over,-115,1.86957,2026-07-19T00:28:40-05:00,1c6b8e58-0f96-327e-9f81-8f167a07df88,c7747227-2530-33dd-8e26-c626789bc439,https://api.americanwagering.com/regions/us/locations/il/brands/czr/sb/v4/sports/americanfootball/tabs/FUTURE_BETS%7CPlayer%20Futures/secondary/_7cPlayer_7c_20_7cTotal_20Regular_20Season_20Receiving_20Yards_7c
Caesars,IL,2026,Courtland Sutton,receiving_yards,750.5,Under,-115,1.86957,2026-07-19T00:28:40-05:00,1c6b8e58-0f96-327e-9f81-8f167a07df88,4343a4d2-5fe8-3c03-a723-45374a2a471c,https://api.americanwagering.com/regions/us/locations/il/brands/czr/sb/v4/sports/americanfootball/tabs/FUTURE_BETS%7CPlayer%20Futures/secondary/_7cPlayer_7c_20_7cTotal_20Regular_20Season_20Receiving_20Yards_7c
Caesars,IL,2026,Dallas Goedert,receiving_yards,575.5,Over,-115,1.86957,2026-07-19T00:28:40-05:00,bbb134e6-fe61-3bd9-acd5-1a30f4a6f53c,4898e918-3e0f-3bf4-90d7-98a06d73b07e,https://api.americanwagering.com/regions/us/locations/il/brands/czr/sb/v4/sports/americanfootball/tabs/FUTURE_BETS%7CPlayer%20Futures/secondary/_7cPlayer_7c_20_7cTotal_20Regular_20Season_20Receiving_20Yards_7c
Caesars,IL,2026,Dallas Goedert,receiving_yards,575.5,Under,-115,1.86957,2026-07-19T00:28:40-05:00,bbb134e6-fe61-3bd9-acd5-1a30f4a6f53c,aa16e03f-d501-300f-bc20-28e5b8c6e335,https://api.americanwagering.com/regions/us/locations/il/brands/czr/sb/v4/sports/americanfootball/tabs/FUTURE_BETS%7CPlayer%20Futures/secondary/_7cPlayer_7c_20_7cTotal_20Regular_20Season_20Receiving_20Yards_7c
Caesars,IL,2026,Dalton Kincaid,receiving_yards,535.5,Over,-115,1.86957,2026-07-19T00:28:40-05:00,7e547e11-4dc7-342c-846c-873430273599,9cf939e3-5b12-3e7c-89a6-f293c1eeeddb,https://api.americanwagering.com/regions/us/locations/il/brands/czr/sb/v4/sports/americanfootball/tabs/FUTURE_BETS%7CPlayer%20Futures/secondary/_7cPlayer_7c_20_7cTotal_20Regular_20Season_20Receiving_20Yards_7c
Caesars,IL,2026,Dalton Kincaid,receiving_yards,535.5,Under,-115,1.86957,2026-07-19T00:28:40-05:00,7e547e11-4dc7-342c-846c-873430273599,9945d34a-9451-365c-9e32-fef362eb1f4d,https://api.americanwagering.com/regions/us/locations/il/brands/czr/sb/v4/sports/americanfootball/tabs/FUTURE_BETS%7CPlayer%20Futures/secondary/_7cPlayer_7c_20_7cTotal_20Regular_20Season_20Receiving_20Yards_7c
Caesars,IL,2026,Dalton Schultz,receiving_yards,500.5,Over,-115,1.86957,2026-07-19T00:28:40-05:00,0184ceb4-ab71-3289-bbaa-804a847e2d4b,21a5ef82-71c6-3a85-abf4-9230c10d172f,https://api.americanwagering.com/regions/us/locations/il/brands/czr/sb/v4/sports/americanfootball/tabs/FUTURE_BETS%7CPlayer%20Futures/secondary/_7cPlayer_7c_20_7cTotal_20Regular_20Season_20Receiving_20Yards_7c
Caesars,IL,2026,Dalton Schultz,receiving_yards,500.5,Under,-115,1.86957,2026-07-19T00:28:40-05:00,0184ceb4-ab71-3289-bbaa-804a847e2d4b,a8a79d14-2192-348b-a98d-f37c55907b6f,https://api.americanwagering.com/regions/us/locations/il/brands/czr/sb/v4/sports/americanfootball/tabs/FUTURE_BETS%7CPlayer%20Futures/secondary/_7cPlayer_7c_20_7cTotal_20Regular_20Season_20Receiving_20Yards_7c
Caesars,IL,2026,Davante Adams,receiving_yards,800.5,Over,-115,1.86957,2026-07-19T00:28:40-05:00,f968f0c9-65cb-3548-ab70-7d6a16536e70,ce134334-142e-3b87-8c51-a3d0d9dcd536,https://api.americanwagering.com/regions/us/locations/il/brands/czr/sb/v4/sports/americanfootball/tabs/FUTURE_BETS%7CPlayer%20Futures/secondary/_7cPlayer_7c_20_7cTotal_20Regular_20Season_20Receiving_20Yards_7c
Caesars,IL,2026,Davante Adams,receiving_yards,800.5,Under,-115,1.86957,2026-07-19T00:28:40-05:00,f968f0c9-65cb-3548-ab70-7d6a16536e70,2c777c01-6bb4-33c1-81db-776b25ae787a,https://api.americanwagering.com/regions/us/locations/il/brands/czr/sb/v4/sports/americanfootball/tabs/FUTURE_BETS%7CPlayer%20Futures/secondary/_7cPlayer_7c_20_7cTotal_20Regular_20Season_20Receiving_20Yards_7c
Caesars,IL,2026,De'Von Achane,receiving_yards,400.5,Over,-115,1.86957,2026-07-19T00:28:40-05:00,a4a0f894-d902-3d3b-88ec-43fc280c54e3,2b14f020-d6dc-3070-bb0c-a5d465f11656,https://api.americanwagering.com/regions/us/locations/il/brands/czr/sb/v4/sports/americanfootball/tabs/FUTURE_BETS%7CPlayer%20Futures/secondary/_7cPlayer_7c_20_7cTotal_20Regular_20Season_20Receiving_20Yards_7c
Caesars,IL,2026,De'Von Achane,receiving_yards,400.5,Under,-115,1.86957,2026-07-19T00:28:40-05:00,a4a0f894-d902-3d3b-88ec-43fc280c54e3,54a9ad76-2d4d-3f07-8284-5cdc6241b4a5,https://api.americanwagering.com/regions/us/locations/il/brands/czr/sb/v4/sports/americanfootball/tabs/FUTURE_BETS%7CPlayer%20Futures/secondary/_7cPlayer_7c_20_7cTotal_20Regular_20Season_20Receiving_20Yards_7c
Caesars,IL,2026,Denzel Boston,receiving_yards,500.5,Over,-115,1.86957,2026-07-19T00:28:40-05:00,fab2c724-6471-3c5b-addf-8380cd416b5c,a4688037-d228-36a5-b394-822283f93be0,https://api.americanwagering.com/regions/us/locations/il/brands/czr/sb/v4/sports/americanfootball/tabs/FUTURE_BETS%7CPlayer%20Futures/secondary/_7cPlayer_7c_20_7cTotal_20Regular_20Season_20Receiving_20Yards_7c
Caesars,IL,2026,Denzel Boston,receiving_yards,500.5,Under,-115,1.86957,2026-07-19T00:28:40-05:00,fab2c724-6471-3c5b-addf-8380cd416b5c,12bd21e2-818e-374d-9c33-cea5fc95c363,https://api.americanwagering.com/regions/us/locations/il/brands/czr/sb/v4/sports/americanfootball/tabs/FUTURE_BETS%7CPlayer%20Futures/secondary/_7cPlayer_7c_20_7cTotal_20Regular_20Season_20Receiving_20Yards_7c
Caesars,IL,2026,DeVonta Smith,receiving_yards,1000.5,Over,-115,1.86957,2026-07-19T00:28:40-05:00,e44a42aa-806b-3d1b-b7b7-b7d61680c1d2,46108a03-1a8c-3b8f-bc37-069d51a97dc7,https://api.americanwagering.com/regions/us/locations/il/brands/czr/sb/v4/sports/americanfootball/tabs/FUTURE_BETS%7CPlayer%20Futures/secondary/_7cPlayer_7c_20_7cTotal_20Regular_20Season_20Receiving_20Yards_7c
Caesars,IL,2026,DeVonta Smith,receiving_yards,1000.5,Under,-115,1.86957,2026-07-19T00:28:40-05:00,e44a42aa-806b-3d1b-b7b7-b7d61680c1d2,a513db34-866b-3e29-b53c-5f3823f64f05,https://api.americanwagering.com/regions/us/locations/il/brands/czr/sb/v4/sports/americanfootball/tabs/FUTURE_BETS%7CPlayer%20Futures/secondary/_7cPlayer_7c_20_7cTotal_20Regular_20Season_20Receiving_20Yards_7c
Caesars,IL,2026,DJ Moore,receiving_yards,850.5,Over,-115,1.86957,2026-07-19T00:28:40-05:00,e8e0a32d-86b3-3185-bfca-91f55d84f9a6,eba3ed5b-5646-322b-8b61-e64a58d99ddb,https://api.americanwagering.com/regions/us/locations/il/brands/czr/sb/v4/sports/americanfootball/tabs/FUTURE_BETS%7CPlayer%20Futures/secondary/_7cPlayer_7c_20_7cTotal_20Regular_20Season_20Receiving_20Yards_7c
Caesars,IL,2026,DJ Moore,receiving_yards,850.5,Under,-115,1.86957,2026-07-19T00:28:40-05:00,e8e0a32d-86b3-3185-bfca-91f55d84f9a6,f5f905f7-5f45-34e0-908f-2eb1a4fa5751,https://api.americanwagering.com/regions/us/locations/il/brands/czr/sb/v4/sports/americanfootball/tabs/FUTURE_BETS%7CPlayer%20Futures/secondary/_7cPlayer_7c_20_7cTotal_20Regular_20Season_20Receiving_20Yards_7c
Caesars,IL,2026,DK Metcalf,receiving_yards,825.5,Over,-115,1.86957,2026-07-19T00:28:40-05:00,5926fe5c-eb33-3d7e-89e0-f358fe635e07,e1658dd0-9fd3-3295-a446-8e689b25e30c,https://api.americanwagering.com/regions/us/locations/il/brands/czr/sb/v4/sports/americanfootball/tabs/FUTURE_BETS%7CPlayer%20Futures/secondary/_7cPlayer_7c_20_7cTotal_20Regular_20Season_20Receiving_20Yards_7c
Caesars,IL,2026,DK Metcalf,receiving_yards,825.5,Under,-115,1.86957,2026-07-19T00:28:40-05:00,5926fe5c-eb33-3d7e-89e0-f358fe635e07,b45fca4c-f96d-361c-aa90-331b95556e20,https://api.americanwagering.com/regions/us/locations/il/brands/czr/sb/v4/sports/americanfootball/tabs/FUTURE_BETS%7CPlayer%20Futures/secondary/_7cPlayer_7c_20_7cTotal_20Regular_20Season_20Receiving_20Yards_7c
Caesars,IL,2026,Drake London,receiving_yards,1100.5,Over,-115,1.86957,2026-07-19T00:28:40-05:00,35ce74a6-ee60-3894-98bf-f79259ccfac2,7600f2a4-9a89-3fab-a995-e5c5882d262f,https://api.americanwagering.com/regions/us/locations/il/brands/czr/sb/v4/sports/americanfootball/tabs/FUTURE_BETS%7CPlayer%20Futures/secondary/_7cPlayer_7c_20_7cTotal_20Regular_20Season_20Receiving_20Yards_7c
Caesars,IL,2026,Drake London,receiving_yards,1100.5,Under,-115,1.86957,2026-07-19T00:28:40-05:00,35ce74a6-ee60-3894-98bf-f79259ccfac2,45c8a7fd-e6b9-3167-999d-0571721cba3c,https://api.americanwagering.com/regions/us/locations/il/brands/czr/sb/v4/sports/americanfootball/tabs/FUTURE_BETS%7CPlayer%20Futures/secondary/_7cPlayer_7c_20_7cTotal_20Regular_20Season_20Receiving_20Yards_7c
Caesars,IL,2026,Emeka Egbuka,receiving_yards,950.5,Over,-115,1.86957,2026-07-19T00:28:40-05:00,117876b0-081f-372b-9240-d65c240cf836,5151bd73-2c5d-30cb-b820-aac3c7782968,https://api.americanwagering.com/regions/us/locations/il/brands/czr/sb/v4/sports/americanfootball/tabs/FUTURE_BETS%7CPlayer%20Futures/secondary/_7cPlayer_7c_20_7cTotal_20Regular_20Season_20Receiving_20Yards_7c
Caesars,IL,2026,Emeka Egbuka,receiving_yards,950.5,Under,-115,1.86957,2026-07-19T00:28:40-05:00,117876b0-081f-372b-9240-d65c240cf836,f6acc92d-1793-375c-9f9c-1cc9133f4755,https://api.americanwagering.com/regions/us/locations/il/brands/czr/sb/v4/sports/americanfootball/tabs/FUTURE_BETS%7CPlayer%20Futures/secondary/_7cPlayer_7c_20_7cTotal_20Regular_20Season_20Receiving_20Yards_7c
Caesars,IL,2026,Garrett Wilson,receiving_yards,1000.5,Over,-115,1.86957,2026-07-19T00:28:40-05:00,f0e6ad0a-51c9-37c6-bd51-47f94d65f4d7,25414a00-3bf2-3b75-83cf-caafe8219c70,https://api.americanwagering.com/regions/us/locations/il/brands/czr/sb/v4/sports/americanfootball/tabs/FUTURE_BETS%7CPlayer%20Futures/secondary/_7cPlayer_7c_20_7cTotal_20Regular_20Season_20Receiving_20Yards_7c
Caesars,IL,2026,Garrett Wilson,receiving_yards,1000.5,Under,-115,1.86957,2026-07-19T00:28:40-05:00,f0e6ad0a-51c9-37c6-bd51-47f94d65f4d7,bd9ee8db-4272-3dde-a9e0-a8039e96c06b,https://api.americanwagering.com/regions/us/locations/il/brands/czr/sb/v4/sports/americanfootball/tabs/FUTURE_BETS%7CPlayer%20Futures/secondary/_7cPlayer_7c_20_7cTotal_20Regular_20Season_20Receiving_20Yards_7c
Caesars,IL,2026,George Pickens,receiving_yards,975.5,Over,-115,1.86957,2026-07-19T00:28:40-05:00,80344808-8f75-356f-8496-d7895340d485,09bc5b0e-09cb-3579-84f8-ded3c1a67116,https://api.americanwagering.com/regions/us/locations/il/brands/czr/sb/v4/sports/americanfootball/tabs/FUTURE_BETS%7CPlayer%20Futures/secondary/_7cPlayer_7c_20_7cTotal_20Regular_20Season_20Receiving_20Yards_7c
Caesars,IL,2026,George Pickens,receiving_yards,975.5,Under,-115,1.86957,2026-07-19T00:28:40-05:00,80344808-8f75-356f-8496-d7895340d485,4af00564-ef35-3366-aa67-fde709dc64b5,https://api.americanwagering.com/regions/us/locations/il/brands/czr/sb/v4/sports/americanfootball/tabs/FUTURE_BETS%7CPlayer%20Futures/secondary/_7cPlayer_7c_20_7cTotal_20Regular_20Season_20Receiving_20Yards_7c
Caesars,IL,2026,Germie Bernard,receiving_yards,400.5,Over,-110,1.91,2026-07-19T00:28:40-05:00,d57c75be-78da-30bc-a6ba-e037fe17af88,ff2e0ec3-9f3d-37e3-8675-c640b6845cb9,https://api.americanwagering.com/regions/us/locations/il/brands/czr/sb/v4/sports/americanfootball/tabs/FUTURE_BETS%7CPlayer%20Futures/secondary/_7cPlayer_7c_20_7cTotal_20Regular_20Season_20Receiving_20Yards_7c
Caesars,IL,2026,Germie Bernard,receiving_yards,400.5,Under,-120,1.83,2026-07-19T00:28:40-05:00,d57c75be-78da-30bc-a6ba-e037fe17af88,24f0628b-c4ad-3f09-99ce-7ca69038794c,https://api.americanwagering.com/regions/us/locations/il/brands/czr/sb/v4/sports/americanfootball/tabs/FUTURE_BETS%7CPlayer%20Futures/secondary/_7cPlayer_7c_20_7cTotal_20Regular_20Season_20Receiving_20Yards_7c
Caesars,IL,2026,Greg Dulcich,receiving_yards,400.5,Over,-115,1.86957,2026-07-19T00:28:40-05:00,45a0c58d-4736-3484-bbb4-02c540f6e925,0b319c5b-7e4c-30c0-9f16-8dd88cd115e4,https://api.americanwagering.com/regions/us/locations/il/brands/czr/sb/v4/sports/americanfootball/tabs/FUTURE_BETS%7CPlayer%20Futures/secondary/_7cPlayer_7c_20_7cTotal_20Regular_20Season_20Receiving_20Yards_7c
Caesars,IL,2026,Greg Dulcich,receiving_yards,400.5,Under,-115,1.86957,2026-07-19T00:28:40-05:00,45a0c58d-4736-3484-bbb4-02c540f6e925,c01ef87a-3ecf-3b1a-a0f2-c79127c883b4,https://api.americanwagering.com/regions/us/locations/il/brands/czr/sb/v4/sports/americanfootball/tabs/FUTURE_BETS%7CPlayer%20Futures/secondary/_7cPlayer_7c_20_7cTotal_20Regular_20Season_20Receiving_20Yards_7c
Caesars,IL,2026,Gunnar Helm,receiving_yards,400.5,Over,-115,1.86957,2026-07-19T00:28:40-05:00,6f6343ae-d2b0-3e71-a467-086f8f6f0183,4de0a666-e4a0-3470-81f1-aad87584976d,https://api.americanwagering.com/regions/us/locations/il/brands/czr/sb/v4/sports/americanfootball/tabs/FUTURE_BETS%7CPlayer%20Futures/secondary/_7cPlayer_7c_20_7cTotal_20Regular_20Season_20Receiving_20Yards_7c
Caesars,IL,2026,Gunnar Helm,receiving_yards,400.5,Under,-115,1.86957,2026-07-19T00:28:40-05:00,6f6343ae-d2b0-3e71-a467-086f8f6f0183,b943d8fe-2979-3157-b57c-fb7e24e481d3,https://api.americanwagering.com/regions/us/locations/il/brands/czr/sb/v4/sports/americanfootball/tabs/FUTURE_BETS%7CPlayer%20Futures/secondary/_7cPlayer_7c_20_7cTotal_20Regular_20Season_20Receiving_20Yards_7c
Caesars,IL,2026,Harold Fannin Jr.,receiving_yards,675.5,Over,-115,1.86957,2026-07-19T00:28:40-05:00,c41d8937-3557-3d4f-b0f8-ced56b7ecfba,b1f0247b-db37-3288-805d-269d96018463,https://api.americanwagering.com/regions/us/locations/il/brands/czr/sb/v4/sports/americanfootball/tabs/FUTURE_BETS%7CPlayer%20Futures/secondary/_7cPlayer_7c_20_7cTotal_20Regular_20Season_20Receiving_20Yards_7c
Caesars,IL,2026,Harold Fannin Jr.,receiving_yards,675.5,Under,-115,1.86957,2026-07-19T00:28:40-05:00,c41d8937-3557-3d4f-b0f8-ced56b7ecfba,9d34a39e-a598-3aef-8ea7-387a69d91916,https://api.americanwagering.com/regions/us/locations/il/brands/czr/sb/v4/sports/americanfootball/tabs/FUTURE_BETS%7CPlayer%20Futures/secondary/_7cPlayer_7c_20_7cTotal_20Regular_20Season_20Receiving_20Yards_7c
Caesars,IL,2026,Hunter Henry,receiving_yards,500.5,Over,-115,1.86957,2026-07-19T00:28:40-05:00,2c174ae8-94d1-362d-b082-3b70bdcd2f2e,7ad74d76-a0a2-3e64-b0eb-1ee213612d48,https://api.americanwagering.com/regions/us/locations/il/brands/czr/sb/v4/sports/americanfootball/tabs/FUTURE_BETS%7CPlayer%20Futures/secondary/_7cPlayer_7c_20_7cTotal_20Regular_20Season_20Receiving_20Yards_7c
Caesars,IL,2026,Hunter Henry,receiving_yards,500.5,Under,-115,1.86957,2026-07-19T00:28:40-05:00,2c174ae8-94d1-362d-b082-3b70bdcd2f2e,07273a40-3100-3d05-807b-d466f71fa950,https://api.americanwagering.com/regions/us/locations/il/brands/czr/sb/v4/sports/americanfootball/tabs/FUTURE_BETS%7CPlayer%20Futures/secondary/_7cPlayer_7c_20_7cTotal_20Regular_20Season_20Receiving_20Yards_7c
Caesars,IL,2026,Isaiah Likely,receiving_yards,625.5,Over,-125,1.8,2026-07-19T00:28:40-05:00,fb65d6d5-5c25-3135-88b6-880bd2baf2f6,3940bb5c-2fa2-39e5-a38e-4c5b417747df,https://api.americanwagering.com/regions/us/locations/il/brands/czr/sb/v4/sports/americanfootball/tabs/FUTURE_BETS%7CPlayer%20Futures/secondary/_7cPlayer_7c_20_7cTotal_20Regular_20Season_20Receiving_20Yards_7c
Caesars,IL,2026,Isaiah Likely,receiving_yards,625.5,Under,-105,1.95238,2026-07-19T00:28:40-05:00,fb65d6d5-5c25-3135-88b6-880bd2baf2f6,173af17f-1a65-3fcc-af34-fdb9b749e7e4,https://api.americanwagering.com/regions/us/locations/il/brands/czr/sb/v4/sports/americanfootball/tabs/FUTURE_BETS%7CPlayer%20Futures/secondary/_7cPlayer_7c_20_7cTotal_20Regular_20Season_20Receiving_20Yards_7c
Caesars,IL,2026,Ja'Marr Chase,receiving_yards,1275.5,Over,-115,1.86957,2026-07-19T00:28:40-05:00,00ef2534-6ece-335f-84e0-8cac438b06e8,e29c8826-1beb-35ef-b6ac-2a8c51034712,https://api.americanwagering.com/regions/us/locations/il/brands/czr/sb/v4/sports/americanfootball/tabs/FUTURE_BETS%7CPlayer%20Futures/secondary/_7cPlayer_7c_20_7cTotal_20Regular_20Season_20Receiving_20Yards_7c
Caesars,IL,2026,Ja'Marr Chase,receiving_yards,1275.5,Under,-115,1.86957,2026-07-19T00:28:40-05:00,00ef2534-6ece-335f-84e0-8cac438b06e8,936e2f4e-4425-3601-b2f9-63663ef00322,https://api.americanwagering.com/regions/us/locations/il/brands/czr/sb/v4/sports/americanfootball/tabs/FUTURE_BETS%7CPlayer%20Futures/secondary/_7cPlayer_7c_20_7cTotal_20Regular_20Season_20Receiving_20Yards_7c
Caesars,IL,2026,Jahmyr Gibbs,receiving_yards,475.5,Over,-115,1.86957,2026-07-19T00:28:40-05:00,cf669aaf-01db-315a-a55b-41ac620bb9aa,0b0b02b7-1400-3ad5-94c5-f66fce153c6b,https://api.americanwagering.com/regions/us/locations/il/brands/czr/sb/v4/sports/americanfootball/tabs/FUTURE_BETS%7CPlayer%20Futures/secondary/_7cPlayer_7c_20_7cTotal_20Regular_20Season_20Receiving_20Yards_7c
Caesars,IL,2026,Jahmyr Gibbs,receiving_yards,475.5,Under,-115,1.86957,2026-07-19T00:28:40-05:00,cf669aaf-01db-315a-a55b-41ac620bb9aa,1f5e5712-4abd-357c-a244-0e516b6bd709,https://api.americanwagering.com/regions/us/locations/il/brands/czr/sb/v4/sports/americanfootball/tabs/FUTURE_BETS%7CPlayer%20Futures/secondary/_7cPlayer_7c_20_7cTotal_20Regular_20Season_20Receiving_20Yards_7c
Caesars,IL,2026,Jake Ferguson,receiving_yards,475.5,Over,-115,1.86957,2026-07-19T00:28:40-05:00,01f058df-bc78-3ea5-92b5-6438ea8837b2,3ad5c37d-a27e-3e64-ae06-5dfb939fd547,https://api.americanwagering.com/regions/us/locations/il/brands/czr/sb/v4/sports/americanfootball/tabs/FUTURE_BETS%7CPlayer%20Futures/secondary/_7cPlayer_7c_20_7cTotal_20Regular_20Season_20Receiving_20Yards_7c
Caesars,IL,2026,Jake Ferguson,receiving_yards,475.5,Under,-115,1.86957,2026-07-19T00:28:40-05:00,01f058df-bc78-3ea5-92b5-6438ea8837b2,275d5722-6dfb-3d39-b086-3ee6636f0e2a,https://api.americanwagering.com/regions/us/locations/il/brands/czr/sb/v4/sports/americanfootball/tabs/FUTURE_BETS%7CPlayer%20Futures/secondary/_7cPlayer_7c_20_7cTotal_20Regular_20Season_20Receiving_20Yards_7c
Caesars,IL,2026,Jakobi Meyers,receiving_yards,700.5,Over,-115,1.86957,2026-07-19T00:28:40-05:00,acfc19f8-dc0d-39d3-846f-18ce0479c325,e8dd80e9-f3f2-35b4-9273-34f6dfcead00,https://api.americanwagering.com/regions/us/locations/il/brands/czr/sb/v4/sports/americanfootball/tabs/FUTURE_BETS%7CPlayer%20Futures/secondary/_7cPlayer_7c_20_7cTotal_20Regular_20Season_20Receiving_20Yards_7c
Caesars,IL,2026,Jakobi Meyers,receiving_yards,700.5,Under,-115,1.86957,2026-07-19T00:28:40-05:00,acfc19f8-dc0d-39d3-846f-18ce0479c325,6baddb88-17fa-3aaf-9e8f-763782a5ec4a,https://api.americanwagering.com/regions/us/locations/il/brands/czr/sb/v4/sports/americanfootball/tabs/FUTURE_BETS%7CPlayer%20Futures/secondary/_7cPlayer_7c_20_7cTotal_20Regular_20Season_20Receiving_20Yards_7c
Caesars,IL,2026,Jalen Coker,receiving_yards,600.5,Over,-115,1.86957,2026-07-19T00:28:40-05:00,bfef28a5-14ba-39a4-ad57-08a9724ef4d0,168a543f-04b8-3d77-885d-88e41cdbadf2,https://api.americanwagering.com/regions/us/locations/il/brands/czr/sb/v4/sports/americanfootball/tabs/FUTURE_BETS%7CPlayer%20Futures/secondary/_7cPlayer_7c_20_7cTotal_20Regular_20Season_20Receiving_20Yards_7c
Caesars,IL,2026,Jalen Coker,receiving_yards,600.5,Under,-115,1.86957,2026-07-19T00:28:40-05:00,bfef28a5-14ba-39a4-ad57-08a9724ef4d0,ff45a325-c4c7-318c-a34a-b18b0a0c2b65,https://api.americanwagering.com/regions/us/locations/il/brands/czr/sb/v4/sports/americanfootball/tabs/FUTURE_BETS%7CPlayer%20Futures/secondary/_7cPlayer_7c_20_7cTotal_20Regular_20Season_20Receiving_20Yards_7c
Caesars,IL,2026,Jameson Williams,receiving_yards,875.5,Over,-115,1.86957,2026-07-19T00:28:40-05:00,81596fb9-fa9f-32fc-b555-c2d6e6b14e56,55163e01-a84c-3680-ba43-c53f23f59c49,https://api.americanwagering.com/regions/us/locations/il/brands/czr/sb/v4/sports/americanfootball/tabs/FUTURE_BETS%7CPlayer%20Futures/secondary/_7cPlayer_7c_20_7cTotal_20Regular_20Season_20Receiving_20Yards_7c
Caesars,IL,2026,Jameson Williams,receiving_yards,875.5,Under,-115,1.86957,2026-07-19T00:28:40-05:00,81596fb9-fa9f-32fc-b555-c2d6e6b14e56,d81515f8-eee4-3da6-b90a-fd761ecaba2e,https://api.americanwagering.com/regions/us/locations/il/brands/czr/sb/v4/sports/americanfootball/tabs/FUTURE_BETS%7CPlayer%20Futures/secondary/_7cPlayer_7c_20_7cTotal_20Regular_20Season_20Receiving_20Yards_7c
Caesars,IL,2026,Jaxon Smith-Njigba,receiving_yards,1325.5,Over,-115,1.86957,2026-07-19T00:28:40-05:00,8d158db8-fd0b-3f17-944a-6ee9deabf5e2,b5509391-4af1-3220-973a-272e272859e8,https://api.americanwagering.com/regions/us/locations/il/brands/czr/sb/v4/sports/americanfootball/tabs/FUTURE_BETS%7CPlayer%20Futures/secondary/_7cPlayer_7c_20_7cTotal_20Regular_20Season_20Receiving_20Yards_7c
Caesars,IL,2026,Jaxon Smith-Njigba,receiving_yards,1325.5,Under,-115,1.86957,2026-07-19T00:28:40-05:00,8d158db8-fd0b-3f17-944a-6ee9deabf5e2,fa682567-48a6-3a47-9384-34159c58d905,https://api.americanwagering.com/regions/us/locations/il/brands/czr/sb/v4/sports/americanfootball/tabs/FUTURE_BETS%7CPlayer%20Futures/secondary/_7cPlayer_7c_20_7cTotal_20Regular_20Season_20Receiving_20Yards_7c
Caesars,IL,2026,Jayden Higgins,receiving_yards,575.5,Over,-115,1.86957,2026-07-19T00:28:40-05:00,70d7b496-d147-3e6f-98c4-af277de610e2,01dc1ad2-b34d-3946-8c26-61c9fece3ae3,https://api.americanwagering.com/regions/us/locations/il/brands/czr/sb/v4/sports/americanfootball/tabs/FUTURE_BETS%7CPlayer%20Futures/secondary/_7cPlayer_7c_20_7cTotal_20Regular_20Season_20Receiving_20Yards_7c
Caesars,IL,2026,Jayden Higgins,receiving_yards,575.5,Under,-115,1.86957,2026-07-19T00:28:40-05:00,70d7b496-d147-3e6f-98c4-af277de610e2,672a1623-079c-3794-88ea-5badbd7790eb,https://api.americanwagering.com/regions/us/locations/il/brands/czr/sb/v4/sports/americanfootball/tabs/FUTURE_BETS%7CPlayer%20Futures/secondary/_7cPlayer_7c_20_7cTotal_20Regular_20Season_20Receiving_20Yards_7c
Caesars,IL,2026,Jayden Reed,receiving_yards,625.5,Over,-115,1.86957,2026-07-19T00:28:40-05:00,f63566ae-3d21-3a03-b092-d7200b8e13cf,205cfd4c-96db-3386-a02d-50e4669032c5,https://api.americanwagering.com/regions/us/locations/il/brands/czr/sb/v4/sports/americanfootball/tabs/FUTURE_BETS%7CPlayer%20Futures/secondary/_7cPlayer_7c_20_7cTotal_20Regular_20Season_20Receiving_20Yards_7c
Caesars,IL,2026,Jayden Reed,receiving_yards,625.5,Under,-115,1.86957,2026-07-19T00:28:40-05:00,f63566ae-3d21-3a03-b092-d7200b8e13cf,9e0ec75e-8546-3db4-871c-c40dd9aef3a2,https://api.americanwagering.com/regions/us/locations/il/brands/czr/sb/v4/sports/americanfootball/tabs/FUTURE_BETS%7CPlayer%20Futures/secondary/_7cPlayer_7c_20_7cTotal_20Regular_20Season_20Receiving_20Yards_7c
Caesars,IL,2026,Jaylen Waddle,receiving_yards,900.5,Over,-115,1.86957,2026-07-19T00:28:40-05:00,27a36083-9ecf-313a-b305-92abb5ac8d17,7369cc9c-229c-3309-8f7d-d65d13977f05,https://api.americanwagering.com/regions/us/locations/il/brands/czr/sb/v4/sports/americanfootball/tabs/FUTURE_BETS%7CPlayer%20Futures/secondary/_7cPlayer_7c_20_7cTotal_20Regular_20Season_20Receiving_20Yards_7c
Caesars,IL,2026,Jaylen Waddle,receiving_yards,900.5,Under,-115,1.86957,2026-07-19T00:28:40-05:00,27a36083-9ecf-313a-b305-92abb5ac8d17,925afb09-b27e-3e91-b44b-238d3207f6fd,https://api.americanwagering.com/regions/us/locations/il/brands/czr/sb/v4/sports/americanfootball/tabs/FUTURE_BETS%7CPlayer%20Futures/secondary/_7cPlayer_7c_20_7cTotal_20Regular_20Season_20Receiving_20Yards_7c
Caesars,IL,2026,Jerry Jeudy,receiving_yards,625.5,Over,-115,1.86957,2026-07-19T00:28:40-05:00,269d5a01-6827-3106-bac5-422f2db42b7f,7a54a30d-ba5f-398a-8142-dfd3f3e40f5f,https://api.americanwagering.com/regions/us/locations/il/brands/czr/sb/v4/sports/americanfootball/tabs/FUTURE_BETS%7CPlayer%20Futures/secondary/_7cPlayer_7c_20_7cTotal_20Regular_20Season_20Receiving_20Yards_7c
Caesars,IL,2026,Jerry Jeudy,receiving_yards,625.5,Under,-115,1.86957,2026-07-19T00:28:40-05:00,269d5a01-6827-3106-bac5-422f2db42b7f,64a57a1b-b235-319d-ade5-c637856fe0f6,https://api.americanwagering.com/regions/us/locations/il/brands/czr/sb/v4/sports/americanfootball/tabs/FUTURE_BETS%7CPlayer%20Futures/secondary/_7cPlayer_7c_20_7cTotal_20Regular_20Season_20Receiving_20Yards_7c
Caesars,IL,2026,Jordan Addison,receiving_yards,650.5,Over,-115,1.86957,2026-07-19T00:28:40-05:00,dd047e05-57c0-397d-aa5e-78dead8a8e6f,c3e28b0c-1bdd-3c67-ba63-8097cc1158f2,https://api.americanwagering.com/regions/us/locations/il/brands/czr/sb/v4/sports/americanfootball/tabs/FUTURE_BETS%7CPlayer%20Futures/secondary/_7cPlayer_7c_20_7cTotal_20Regular_20Season_20Receiving_20Yards_7c
Caesars,IL,2026,Jordan Addison,receiving_yards,650.5,Under,-115,1.86957,2026-07-19T00:28:40-05:00,dd047e05-57c0-397d-aa5e-78dead8a8e6f,4443d5c2-9692-3155-b235-b1487ef45d2b,https://api.americanwagering.com/regions/us/locations/il/brands/czr/sb/v4/sports/americanfootball/tabs/FUTURE_BETS%7CPlayer%20Futures/secondary/_7cPlayer_7c_20_7cTotal_20Regular_20Season_20Receiving_20Yards_7c
Caesars,IL,2026,Jordyn Tyson,receiving_yards,775.5,Over,-115,1.86957,2026-07-19T00:28:40-05:00,237ef63f-106c-3cef-99a0-58cde4253f6c,d8989e0d-5615-3eaf-96af-f7c7468de7c2,https://api.americanwagering.com/regions/us/locations/il/brands/czr/sb/v4/sports/americanfootball/tabs/FUTURE_BETS%7CPlayer%20Futures/secondary/_7cPlayer_7c_20_7cTotal_20Regular_20Season_20Receiving_20Yards_7c
Caesars,IL,2026,Jordyn Tyson,receiving_yards,775.5,Under,-115,1.86957,2026-07-19T00:28:40-05:00,237ef63f-106c-3cef-99a0-58cde4253f6c,46f47565-13a6-34d6-a129-31548ec91654,https://api.americanwagering.com/regions/us/locations/il/brands/czr/sb/v4/sports/americanfootball/tabs/FUTURE_BETS%7CPlayer%20Futures/secondary/_7cPlayer_7c_20_7cTotal_20Regular_20Season_20Receiving_20Yards_7c
Caesars,IL,2026,Josh Downs,receiving_yards,800.5,Over,-115,1.86957,2026-07-19T00:28:40-05:00,4e6be995-c987-3d67-9f32-9e76c05642fe,9ced7905-d8dd-378f-a3cc-979aebe83e30,https://api.americanwagering.com/regions/us/locations/il/brands/czr/sb/v4/sports/americanfootball/tabs/FUTURE_BETS%7CPlayer%20Futures/secondary/_7cPlayer_7c_20_7cTotal_20Regular_20Season_20Receiving_20Yards_7c
Caesars,IL,2026,Josh Downs,receiving_yards,800.5,Under,-115,1.86957,2026-07-19T00:28:40-05:00,4e6be995-c987-3d67-9f32-9e76c05642fe,2ca39b70-912b-3e09-8357-24a63b7699c2,https://api.americanwagering.com/regions/us/locations/il/brands/czr/sb/v4/sports/americanfootball/tabs/FUTURE_BETS%7CPlayer%20Futures/secondary/_7cPlayer_7c_20_7cTotal_20Regular_20Season_20Receiving_20Yards_7c
Caesars,IL,2026,Justin Jefferson,receiving_yards,1150.5,Over,-115,1.86957,2026-07-19T00:28:40-05:00,204828eb-f42b-3c67-b41f-461910c36fc3,3e2e04d8-6f77-35e9-8349-1cced9eeda61,https://api.americanwagering.com/regions/us/locations/il/brands/czr/sb/v4/sports/americanfootball/tabs/FUTURE_BETS%7CPlayer%20Futures/secondary/_7cPlayer_7c_20_7cTotal_20Regular_20Season_20Receiving_20Yards_7c
Caesars,IL,2026,Justin Jefferson,receiving_yards,1150.5,Under,-115,1.86957,2026-07-19T00:28:40-05:00,204828eb-f42b-3c67-b41f-461910c36fc3,4d8330e9-6da8-37ea-83af-e39f12234e72,https://api.americanwagering.com/regions/us/locations/il/brands/czr/sb/v4/sports/americanfootball/tabs/FUTURE_BETS%7CPlayer%20Futures/secondary/_7cPlayer_7c_20_7cTotal_20Regular_20Season_20Receiving_20Yards_7c
Caesars,IL,2026,Juwan Johnson,receiving_yards,550.5,Over,-115,1.86957,2026-07-19T00:28:40-05:00,9017ce36-e3ea-3537-93f2-b3ad8eb01cbf,316472c6-9f2f-3039-b946-ea6f70732069,https://api.americanwagering.com/regions/us/locations/il/brands/czr/sb/v4/sports/americanfootball/tabs/FUTURE_BETS%7CPlayer%20Futures/secondary/_7cPlayer_7c_20_7cTotal_20Regular_20Season_20Receiving_20Yards_7c
Caesars,IL,2026,Juwan Johnson,receiving_yards,550.5,Under,-115,1.86957,2026-07-19T00:28:40-05:00,9017ce36-e3ea-3537-93f2-b3ad8eb01cbf,10d01110-42ad-38c0-908e-433476eebe4f,https://api.americanwagering.com/regions/us/locations/il/brands/czr/sb/v4/sports/americanfootball/tabs/FUTURE_BETS%7CPlayer%20Futures/secondary/_7cPlayer_7c_20_7cTotal_20Regular_20Season_20Receiving_20Yards_7c
Caesars,IL,2026,KC Concepcion,receiving_yards,600.5,Over,-115,1.86957,2026-07-19T00:28:40-05:00,f85ef705-88ce-3b77-93d8-deb6d57b2643,7db4e857-8e81-3070-be70-c84f6db39d65,https://api.americanwagering.com/regions/us/locations/il/brands/czr/sb/v4/sports/americanfootball/tabs/FUTURE_BETS%7CPlayer%20Futures/secondary/_7cPlayer_7c_20_7cTotal_20Regular_20Season_20Receiving_20Yards_7c
Caesars,IL,2026,KC Concepcion,receiving_yards,600.5,Under,-115,1.86957,2026-07-19T00:28:40-05:00,f85ef705-88ce-3b77-93d8-deb6d57b2643,8c7c5ea9-fb11-33ad-a767-abee1be81e69,https://api.americanwagering.com/regions/us/locations/il/brands/czr/sb/v4/sports/americanfootball/tabs/FUTURE_BETS%7CPlayer%20Futures/secondary/_7cPlayer_7c_20_7cTotal_20Regular_20Season_20Receiving_20Yards_7c
Caesars,IL,2026,Kenyon Sadiq,receiving_yards,450.5,Over,-115,1.86957,2026-07-19T00:28:40-05:00,122a6595-e664-3783-b8bb-75fda1462fe3,da5a90f9-cdd2-327b-be29-a47dd60e59a7,https://api.americanwagering.com/regions/us/locations/il/brands/czr/sb/v4/sports/americanfootball/tabs/FUTURE_BETS%7CPlayer%20Futures/secondary/_7cPlayer_7c_20_7cTotal_20Regular_20Season_20Receiving_20Yards_7c
Caesars,IL,2026,Kenyon Sadiq,receiving_yards,450.5,Under,-115,1.86957,2026-07-19T00:28:40-05:00,122a6595-e664-3783-b8bb-75fda1462fe3,d94f0904-5ee6-3428-b10b-ff62bacdd6f8,https://api.americanwagering.com/regions/us/locations/il/brands/czr/sb/v4/sports/americanfootball/tabs/FUTURE_BETS%7CPlayer%20Futures/secondary/_7cPlayer_7c_20_7cTotal_20Regular_20Season_20Receiving_20Yards_7c
Caesars,IL,2026,Khalil Shakir,receiving_yards,650.5,Over,-115,1.86957,2026-07-19T00:28:40-05:00,2fcfc339-06fd-395c-a83a-ada8331e34ce,74bcd00e-e1cf-3cb4-8c4a-37481ba7e97b,https://api.americanwagering.com/regions/us/locations/il/brands/czr/sb/v4/sports/americanfootball/tabs/FUTURE_BETS%7CPlayer%20Futures/secondary/_7cPlayer_7c_20_7cTotal_20Regular_20Season_20Receiving_20Yards_7c
Caesars,IL,2026,Khalil Shakir,receiving_yards,650.5,Under,-115,1.86957,2026-07-19T00:28:40-05:00,2fcfc339-06fd-395c-a83a-ada8331e34ce,a179e8ae-95e7-37e7-9ad4-30738fafe251,https://api.americanwagering.com/regions/us/locations/il/brands/czr/sb/v4/sports/americanfootball/tabs/FUTURE_BETS%7CPlayer%20Futures/secondary/_7cPlayer_7c_20_7cTotal_20Regular_20Season_20Receiving_20Yards_7c
Caesars,IL,2026,Kyle Pitts,receiving_yards,775.5,Over,-115,1.86957,2026-07-19T00:28:40-05:00,d620e20b-d773-3eca-b6c0-4edd88f3f8fd,b8e40d2e-6e94-32a6-9f8c-2e5e79224548,https://api.americanwagering.com/regions/us/locations/il/brands/czr/sb/v4/sports/americanfootball/tabs/FUTURE_BETS%7CPlayer%20Futures/secondary/_7cPlayer_7c_20_7cTotal_20Regular_20Season_20Receiving_20Yards_7c
Caesars,IL,2026,Kyle Pitts,receiving_yards,775.5,Under,-115,1.86957,2026-07-19T00:28:40-05:00,d620e20b-d773-3eca-b6c0-4edd88f3f8fd,65493787-b5f9-3f35-b0cb-aaf8d35227ab,https://api.americanwagering.com/regions/us/locations/il/brands/czr/sb/v4/sports/americanfootball/tabs/FUTURE_BETS%7CPlayer%20Futures/secondary/_7cPlayer_7c_20_7cTotal_20Regular_20Season_20Receiving_20Yards_7c
Caesars,IL,2026,Ladd McConkey,receiving_yards,875.5,Over,-115,1.86957,2026-07-19T00:28:40-05:00,c59a390c-e4c6-34df-b9ef-e85db20335ad,8172195a-726b-379f-b95e-b50bb769fbe2,https://api.americanwagering.com/regions/us/locations/il/brands/czr/sb/v4/sports/americanfootball/tabs/FUTURE_BETS%7CPlayer%20Futures/secondary/_7cPlayer_7c_20_7cTotal_20Regular_20Season_20Receiving_20Yards_7c
Caesars,IL,2026,Ladd McConkey,receiving_yards,875.5,Under,-115,1.86957,2026-07-19T00:28:40-05:00,c59a390c-e4c6-34df-b9ef-e85db20335ad,44e02c60-1934-3afe-a624-af99ef3d2b21,https://api.americanwagering.com/regions/us/locations/il/brands/czr/sb/v4/sports/americanfootball/tabs/FUTURE_BETS%7CPlayer%20Futures/secondary/_7cPlayer_7c_20_7cTotal_20Regular_20Season_20Receiving_20Yards_7c
Caesars,IL,2026,Luther Burden III,receiving_yards,825.5,Over,-115,1.86957,2026-07-19T00:28:40-05:00,397b9bf6-9088-3b7a-a1ca-3c78a59b4e5c,82ac3363-8d9e-3872-860e-d0691108b950,https://api.americanwagering.com/regions/us/locations/il/brands/czr/sb/v4/sports/americanfootball/tabs/FUTURE_BETS%7CPlayer%20Futures/secondary/_7cPlayer_7c_20_7cTotal_20Regular_20Season_20Receiving_20Yards_7c
Caesars,IL,2026,Luther Burden III,receiving_yards,825.5,Under,-115,1.86957,2026-07-19T00:28:40-05:00,397b9bf6-9088-3b7a-a1ca-3c78a59b4e5c,db90f6cc-b0ad-3981-9b0b-cf87bc4ab1f6,https://api.americanwagering.com/regions/us/locations/il/brands/czr/sb/v4/sports/americanfootball/tabs/FUTURE_BETS%7CPlayer%20Futures/secondary/_7cPlayer_7c_20_7cTotal_20Regular_20Season_20Receiving_20Yards_7c
Caesars,IL,2026,Makai Lemon,receiving_yards,650.5,Over,-115,1.86957,2026-07-19T00:28:40-05:00,ab02679f-d9ad-33a5-bbb1-dcef64f0ca07,1bc73c65-c9f7-3423-a592-c2cf8e93381f,https://api.americanwagering.com/regions/us/locations/il/brands/czr/sb/v4/sports/americanfootball/tabs/FUTURE_BETS%7CPlayer%20Futures/secondary/_7cPlayer_7c_20_7cTotal_20Regular_20Season_20Receiving_20Yards_7c
Caesars,IL,2026,Makai Lemon,receiving_yards,650.5,Under,-115,1.86957,2026-07-19T00:28:40-05:00,ab02679f-d9ad-33a5-bbb1-dcef64f0ca07,01607466-637f-3141-83a9-1aa6241a5ba5,https://api.americanwagering.com/regions/us/locations/il/brands/czr/sb/v4/sports/americanfootball/tabs/FUTURE_BETS%7CPlayer%20Futures/secondary/_7cPlayer_7c_20_7cTotal_20Regular_20Season_20Receiving_20Yards_7c
Caesars,IL,2026,Mark Andrews,receiving_yards,500.5,Over,-115,1.86957,2026-07-19T00:28:40-05:00,f4a17f4a-5d06-3e85-8bd7-35e780cf7971,c8650e39-5402-341c-a71c-94f46a3bcb2a,https://api.americanwagering.com/regions/us/locations/il/brands/czr/sb/v4/sports/americanfootball/tabs/FUTURE_BETS%7CPlayer%20Futures/secondary/_7cPlayer_7c_20_7cTotal_20Regular_20Season_20Receiving_20Yards_7c
Caesars,IL,2026,Mark Andrews,receiving_yards,500.5,Under,-115,1.86957,2026-07-19T00:28:40-05:00,f4a17f4a-5d06-3e85-8bd7-35e780cf7971,9456c517-e2c4-3094-8dfb-b50ed7d9a26b,https://api.americanwagering.com/regions/us/locations/il/brands/czr/sb/v4/sports/americanfootball/tabs/FUTURE_BETS%7CPlayer%20Futures/secondary/_7cPlayer_7c_20_7cTotal_20Regular_20Season_20Receiving_20Yards_7c
Caesars,IL,2026,Marvin Harrison Jr.,receiving_yards,825.5,Over,-115,1.86957,2026-07-19T00:28:40-05:00,e2294a9b-42af-3f00-9f91-416e18af8f6a,30dc4f14-9f77-3811-ad71-8309b9b56396,https://api.americanwagering.com/regions/us/locations/il/brands/czr/sb/v4/sports/americanfootball/tabs/FUTURE_BETS%7CPlayer%20Futures/secondary/_7cPlayer_7c_20_7cTotal_20Regular_20Season_20Receiving_20Yards_7c
Caesars,IL,2026,Marvin Harrison Jr.,receiving_yards,825.5,Under,-115,1.86957,2026-07-19T00:28:40-05:00,e2294a9b-42af-3f00-9f91-416e18af8f6a,5abc54b2-3732-3614-a90c-8b63b168965c,https://api.americanwagering.com/regions/us/locations/il/brands/czr/sb/v4/sports/americanfootball/tabs/FUTURE_BETS%7CPlayer%20Futures/secondary/_7cPlayer_7c_20_7cTotal_20Regular_20Season_20Receiving_20Yards_7c
Caesars,IL,2026,Matthew Golden,receiving_yards,650.5,Over,-115,1.86957,2026-07-19T00:28:40-05:00,1e0763a6-86ab-3adb-965b-1a77b8fd42be,5d8d4a24-9d3f-3c83-94c5-ed359570f90a,https://api.americanwagering.com/regions/us/locations/il/brands/czr/sb/v4/sports/americanfootball/tabs/FUTURE_BETS%7CPlayer%20Futures/secondary/_7cPlayer_7c_20_7cTotal_20Regular_20Season_20Receiving_20Yards_7c
Caesars,IL,2026,Matthew Golden,receiving_yards,650.5,Under,-115,1.86957,2026-07-19T00:28:40-05:00,1e0763a6-86ab-3adb-965b-1a77b8fd42be,971a1483-6de6-3f55-8704-1b58df2196ba,https://api.americanwagering.com/regions/us/locations/il/brands/czr/sb/v4/sports/americanfootball/tabs/FUTURE_BETS%7CPlayer%20Futures/secondary/_7cPlayer_7c_20_7cTotal_20Regular_20Season_20Receiving_20Yards_7c
Caesars,IL,2026,Michael Pittman Jr,receiving_yards,750.5,Over,-115,1.86957,2026-07-19T00:28:40-05:00,73fc1aef-da84-3c2e-9fa2-8df3cd52904f,8165b86f-2215-3bd2-99ca-90ac79481166,https://api.americanwagering.com/regions/us/locations/il/brands/czr/sb/v4/sports/americanfootball/tabs/FUTURE_BETS%7CPlayer%20Futures/secondary/_7cPlayer_7c_20_7cTotal_20Regular_20Season_20Receiving_20Yards_7c
Caesars,IL,2026,Michael Pittman Jr,receiving_yards,750.5,Under,-115,1.86957,2026-07-19T00:28:40-05:00,73fc1aef-da84-3c2e-9fa2-8df3cd52904f,98c2adcf-3818-31a0-887a-5bafe71cdb43,https://api.americanwagering.com/regions/us/locations/il/brands/czr/sb/v4/sports/americanfootball/tabs/FUTURE_BETS%7CPlayer%20Futures/secondary/_7cPlayer_7c_20_7cTotal_20Regular_20Season_20Receiving_20Yards_7c
Caesars,IL,2026,Michael Wilson,receiving_yards,700.5,Over,-115,1.86957,2026-07-19T00:28:40-05:00,f02623c9-9291-365d-8935-d9ac871a8717,d0a74125-4938-3d69-849d-335e2f45100b,https://api.americanwagering.com/regions/us/locations/il/brands/czr/sb/v4/sports/americanfootball/tabs/FUTURE_BETS%7CPlayer%20Futures/secondary/_7cPlayer_7c_20_7cTotal_20Regular_20Season_20Receiving_20Yards_7c
Caesars,IL,2026,Michael Wilson,receiving_yards,700.5,Under,-115,1.86957,2026-07-19T00:28:40-05:00,f02623c9-9291-365d-8935-d9ac871a8717,918f3506-c826-36c9-94b3-cc98bc4ce850,https://api.americanwagering.com/regions/us/locations/il/brands/czr/sb/v4/sports/americanfootball/tabs/FUTURE_BETS%7CPlayer%20Futures/secondary/_7cPlayer_7c_20_7cTotal_20Regular_20Season_20Receiving_20Yards_7c
Caesars,IL,2026,Mike Evans,receiving_yards,825.5,Over,-115,1.86957,2026-07-19T00:28:40-05:00,005c1f22-a6c6-32e9-9fe8-6943d0a6f6e3,c31a329d-ff8b-3025-ad16-cdb157460ba4,https://api.americanwagering.com/regions/us/locations/il/brands/czr/sb/v4/sports/americanfootball/tabs/FUTURE_BETS%7CPlayer%20Futures/secondary/_7cPlayer_7c_20_7cTotal_20Regular_20Season_20Receiving_20Yards_7c
Caesars,IL,2026,Mike Evans,receiving_yards,825.5,Under,-115,1.86957,2026-07-19T00:28:40-05:00,005c1f22-a6c6-32e9-9fe8-6943d0a6f6e3,8535ac1d-8dc8-3929-92fc-b8de8653ce3a,https://api.americanwagering.com/regions/us/locations/il/brands/czr/sb/v4/sports/americanfootball/tabs/FUTURE_BETS%7CPlayer%20Futures/secondary/_7cPlayer_7c_20_7cTotal_20Regular_20Season_20Receiving_20Yards_7c
Caesars,IL,2026,Nico Collins,receiving_yards,1075.5,Over,-115,1.86957,2026-07-19T00:28:40-05:00,f0bba86b-709e-3ea6-a5ad-5090b36a5695,3552d4c3-7187-3f9b-bd74-3ac0fb3bfdba,https://api.americanwagering.com/regions/us/locations/il/brands/czr/sb/v4/sports/americanfootball/tabs/FUTURE_BETS%7CPlayer%20Futures/secondary/_7cPlayer_7c_20_7cTotal_20Regular_20Season_20Receiving_20Yards_7c
Caesars,IL,2026,Nico Collins,receiving_yards,1075.5,Under,-115,1.86957,2026-07-19T00:28:40-05:00,f0bba86b-709e-3ea6-a5ad-5090b36a5695,1d44e856-b4ef-3861-9fe7-74e0df929ec2,https://api.americanwagering.com/regions/us/locations/il/brands/czr/sb/v4/sports/americanfootball/tabs/FUTURE_BETS%7CPlayer%20Futures/secondary/_7cPlayer_7c_20_7cTotal_20Regular_20Season_20Receiving_20Yards_7c
Caesars,IL,2026,Omar Cooper Jr.,receiving_yards,525.5,Over,-115,1.86957,2026-07-19T00:28:40-05:00,15efa316-99a9-3e27-b30a-e79fcda0c654,17c4d3d7-4a96-3d28-880c-cea5df1e0c9e,https://api.americanwagering.com/regions/us/locations/il/brands/czr/sb/v4/sports/americanfootball/tabs/FUTURE_BETS%7CPlayer%20Futures/secondary/_7cPlayer_7c_20_7cTotal_20Regular_20Season_20Receiving_20Yards_7c
Caesars,IL,2026,Omar Cooper Jr.,receiving_yards,525.5,Under,-115,1.86957,2026-07-19T00:28:40-05:00,15efa316-99a9-3e27-b30a-e79fcda0c654,b9908238-89df-3829-a80b-008d1428da1d,https://api.americanwagering.com/regions/us/locations/il/brands/czr/sb/v4/sports/americanfootball/tabs/FUTURE_BETS%7CPlayer%20Futures/secondary/_7cPlayer_7c_20_7cTotal_20Regular_20Season_20Receiving_20Yards_7c
Caesars,IL,2026,Parker Washington,receiving_yards,750.5,Over,-115,1.86957,2026-07-19T00:28:40-05:00,84459d5a-b56f-3288-b62a-6b3c2831eaac,10225422-64f0-318e-bef6-02b79873064e,https://api.americanwagering.com/regions/us/locations/il/brands/czr/sb/v4/sports/americanfootball/tabs/FUTURE_BETS%7CPlayer%20Futures/secondary/_7cPlayer_7c_20_7cTotal_20Regular_20Season_20Receiving_20Yards_7c
Caesars,IL,2026,Parker Washington,receiving_yards,750.5,Under,-115,1.86957,2026-07-19T00:28:40-05:00,84459d5a-b56f-3288-b62a-6b3c2831eaac,7be7678c-7c92-3f63-a795-a5321ec1d74e,https://api.americanwagering.com/regions/us/locations/il/brands/czr/sb/v4/sports/americanfootball/tabs/FUTURE_BETS%7CPlayer%20Futures/secondary/_7cPlayer_7c_20_7cTotal_20Regular_20Season_20Receiving_20Yards_7c
Caesars,IL,2026,Pat Freiermuth,receiving_yards,450.5,Over,-115,1.86957,2026-07-19T00:28:40-05:00,8aba3f1c-f2b7-3592-bb44-aed5ef633920,29cbf620-f3dc-312f-b63d-8479f0603926,https://api.americanwagering.com/regions/us/locations/il/brands/czr/sb/v4/sports/americanfootball/tabs/FUTURE_BETS%7CPlayer%20Futures/secondary/_7cPlayer_7c_20_7cTotal_20Regular_20Season_20Receiving_20Yards_7c
Caesars,IL,2026,Pat Freiermuth,receiving_yards,450.5,Under,-115,1.86957,2026-07-19T00:28:40-05:00,8aba3f1c-f2b7-3592-bb44-aed5ef633920,e8f21a5c-693f-3340-a237-e3b2c13806a6,https://api.americanwagering.com/regions/us/locations/il/brands/czr/sb/v4/sports/americanfootball/tabs/FUTURE_BETS%7CPlayer%20Futures/secondary/_7cPlayer_7c_20_7cTotal_20Regular_20Season_20Receiving_20Yards_7c
Caesars,IL,2026,Puka Nacua,receiving_yards,1300.5,Over,-115,1.86957,2026-07-19T00:28:40-05:00,e3d51e18-3b18-3583-b4ff-acee16dbb4be,ed892f08-827b-355d-a10b-f3468d5359f5,https://api.americanwagering.com/regions/us/locations/il/brands/czr/sb/v4/sports/americanfootball/tabs/FUTURE_BETS%7CPlayer%20Futures/secondary/_7cPlayer_7c_20_7cTotal_20Regular_20Season_20Receiving_20Yards_7c
Caesars,IL,2026,Puka Nacua,receiving_yards,1300.5,Under,-115,1.86957,2026-07-19T00:28:40-05:00,e3d51e18-3b18-3583-b4ff-acee16dbb4be,537d94ea-8a09-3527-9868-481d8f34e71c,https://api.americanwagering.com/regions/us/locations/il/brands/czr/sb/v4/sports/americanfootball/tabs/FUTURE_BETS%7CPlayer%20Futures/secondary/_7cPlayer_7c_20_7cTotal_20Regular_20Season_20Receiving_20Yards_7c
Caesars,IL,2026,Quentin Johnston,receiving_yards,625.5,Over,-115,1.86957,2026-07-19T00:28:40-05:00,25b4853a-c2c6-34e7-a7b6-8802424313bb,eefcd2e2-cc81-3a53-9b65-4bacf6d9ca5d,https://api.americanwagering.com/regions/us/locations/il/brands/czr/sb/v4/sports/americanfootball/tabs/FUTURE_BETS%7CPlayer%20Futures/secondary/_7cPlayer_7c_20_7cTotal_20Regular_20Season_20Receiving_20Yards_7c
Caesars,IL,2026,Quentin Johnston,receiving_yards,625.5,Under,-115,1.86957,2026-07-19T00:28:40-05:00,25b4853a-c2c6-34e7-a7b6-8802424313bb,142824e2-f02c-38c6-87a1-d80d4fd72bf3,https://api.americanwagering.com/regions/us/locations/il/brands/czr/sb/v4/sports/americanfootball/tabs/FUTURE_BETS%7CPlayer%20Futures/secondary/_7cPlayer_7c_20_7cTotal_20Regular_20Season_20Receiving_20Yards_7c
Caesars,IL,2026,Rashid Shaheed,receiving_yards,525.5,Over,-115,1.86957,2026-07-19T00:28:40-05:00,d8f3fa15-9979-3006-98b3-bc5260f602e5,8a24bac2-f0c3-3ab5-bad5-210015610c19,https://api.americanwagering.com/regions/us/locations/il/brands/czr/sb/v4/sports/americanfootball/tabs/FUTURE_BETS%7CPlayer%20Futures/secondary/_7cPlayer_7c_20_7cTotal_20Regular_20Season_20Receiving_20Yards_7c
Caesars,IL,2026,Rashid Shaheed,receiving_yards,525.5,Under,-115,1.86957,2026-07-19T00:28:40-05:00,d8f3fa15-9979-3006-98b3-bc5260f602e5,e5ede7cf-3b23-3ff1-a90d-11f7d8945bd3,https://api.americanwagering.com/regions/us/locations/il/brands/czr/sb/v4/sports/americanfootball/tabs/FUTURE_BETS%7CPlayer%20Futures/secondary/_7cPlayer_7c_20_7cTotal_20Regular_20Season_20Receiving_20Yards_7c
Caesars,IL,2026,Rashod Bateman,receiving_yards,450.5,Over,-115,1.86957,2026-07-19T00:28:40-05:00,12a3ebc7-6f83-37b2-bfb3-0b6efaf09b16,a01108f1-70f5-3e51-91eb-4dc1cb5898e0,https://api.americanwagering.com/regions/us/locations/il/brands/czr/sb/v4/sports/americanfootball/tabs/FUTURE_BETS%7CPlayer%20Futures/secondary/_7cPlayer_7c_20_7cTotal_20Regular_20Season_20Receiving_20Yards_7c
Caesars,IL,2026,Rashod Bateman,receiving_yards,450.5,Under,-115,1.86957,2026-07-19T00:28:40-05:00,12a3ebc7-6f83-37b2-bfb3-0b6efaf09b16,bd5d70f1-6c55-3188-b10b-1de47e10d8ec,https://api.americanwagering.com/regions/us/locations/il/brands/czr/sb/v4/sports/americanfootball/tabs/FUTURE_BETS%7CPlayer%20Futures/secondary/_7cPlayer_7c_20_7cTotal_20Regular_20Season_20Receiving_20Yards_7c
Caesars,IL,2026,Ricky Pearsall,receiving_yards,675.5,Over,-115,1.86957,2026-07-19T00:28:40-05:00,16837100-0e4f-38d3-93a1-3095cdfd3776,75a1e1a3-8c38-335a-aefb-c2efa069d007,https://api.americanwagering.com/regions/us/locations/il/brands/czr/sb/v4/sports/americanfootball/tabs/FUTURE_BETS%7CPlayer%20Futures/secondary/_7cPlayer_7c_20_7cTotal_20Regular_20Season_20Receiving_20Yards_7c
Caesars,IL,2026,Ricky Pearsall,receiving_yards,675.5,Under,-115,1.86957,2026-07-19T00:28:40-05:00,16837100-0e4f-38d3-93a1-3095cdfd3776,9db6f40e-ebbf-3c17-b485-4341c82c307a,https://api.americanwagering.com/regions/us/locations/il/brands/czr/sb/v4/sports/americanfootball/tabs/FUTURE_BETS%7CPlayer%20Futures/secondary/_7cPlayer_7c_20_7cTotal_20Regular_20Season_20Receiving_20Yards_7c
Caesars,IL,2026,Rome Odunze,receiving_yards,800.5,Over,-115,1.86957,2026-07-19T00:28:40-05:00,1de979d0-a71e-33f8-a857-dfc9124fe22a,cd21fbb8-13c9-3da6-9239-41f0f99e763f,https://api.americanwagering.com/regions/us/locations/il/brands/czr/sb/v4/sports/americanfootball/tabs/FUTURE_BETS%7CPlayer%20Futures/secondary/_7cPlayer_7c_20_7cTotal_20Regular_20Season_20Receiving_20Yards_7c
Caesars,IL,2026,Rome Odunze,receiving_yards,800.5,Under,-115,1.86957,2026-07-19T00:28:40-05:00,1de979d0-a71e-33f8-a857-dfc9124fe22a,df203ba0-4b0c-3ec0-95b4-26ff82d9a516,https://api.americanwagering.com/regions/us/locations/il/brands/czr/sb/v4/sports/americanfootball/tabs/FUTURE_BETS%7CPlayer%20Futures/secondary/_7cPlayer_7c_20_7cTotal_20Regular_20Season_20Receiving_20Yards_7c
Caesars,IL,2026,Romeo Doubs,receiving_yards,625.5,Over,-115,1.86957,2026-07-19T00:28:40-05:00,d708318a-0125-3db5-8fd0-1c8501c58c85,57043357-e944-3551-afca-58f6a258dafa,https://api.americanwagering.com/regions/us/locations/il/brands/czr/sb/v4/sports/americanfootball/tabs/FUTURE_BETS%7CPlayer%20Futures/secondary/_7cPlayer_7c_20_7cTotal_20Regular_20Season_20Receiving_20Yards_7c
Caesars,IL,2026,Romeo Doubs,receiving_yards,625.5,Under,-115,1.86957,2026-07-19T00:28:40-05:00,d708318a-0125-3db5-8fd0-1c8501c58c85,ed2efbdd-ba7f-30cd-bdd6-85a3d2997838,https://api.americanwagering.com/regions/us/locations/il/brands/czr/sb/v4/sports/americanfootball/tabs/FUTURE_BETS%7CPlayer%20Futures/secondary/_7cPlayer_7c_20_7cTotal_20Regular_20Season_20Receiving_20Yards_7c
Caesars,IL,2026,Sam LaPorta,receiving_yards,610.5,Over,-115,1.86957,2026-07-19T00:28:40-05:00,43832c82-c88d-354a-9b72-a51637277d21,20716035-175b-3069-b915-dcc2e135e816,https://api.americanwagering.com/regions/us/locations/il/brands/czr/sb/v4/sports/americanfootball/tabs/FUTURE_BETS%7CPlayer%20Futures/secondary/_7cPlayer_7c_20_7cTotal_20Regular_20Season_20Receiving_20Yards_7c
Caesars,IL,2026,Sam LaPorta,receiving_yards,610.5,Under,-115,1.86957,2026-07-19T00:28:40-05:00,43832c82-c88d-354a-9b72-a51637277d21,35d95f8a-be92-3e71-a2c8-42b86bc94102,https://api.americanwagering.com/regions/us/locations/il/brands/czr/sb/v4/sports/americanfootball/tabs/FUTURE_BETS%7CPlayer%20Futures/secondary/_7cPlayer_7c_20_7cTotal_20Regular_20Season_20Receiving_20Yards_7c
Caesars,IL,2026,Saquon Barkley,receiving_yards,250.5,Over,-130,1.77,2026-07-19T00:28:40-05:00,e55b3b68-1923-3610-9bc0-bfc71b30ae58,c2b06e05-f904-3ff2-853e-a08614bf9f28,https://api.americanwagering.com/regions/us/locations/il/brands/czr/sb/v4/sports/americanfootball/tabs/FUTURE_BETS%7CPlayer%20Futures/secondary/_7cPlayer_7c_20_7cTotal_20Regular_20Season_20Receiving_20Yards_7c
Caesars,IL,2026,Saquon Barkley,receiving_yards,250.5,Under,100,2.0,2026-07-19T00:28:40-05:00,e55b3b68-1923-3610-9bc0-bfc71b30ae58,0175a7d8-43e1-369f-81ae-8bed81ba601b,https://api.americanwagering.com/regions/us/locations/il/brands/czr/sb/v4/sports/americanfootball/tabs/FUTURE_BETS%7CPlayer%20Futures/secondary/_7cPlayer_7c_20_7cTotal_20Regular_20Season_20Receiving_20Yards_7c
Caesars,IL,2026,T.J. Hockenson,receiving_yards,500.5,Over,-115,1.86957,2026-07-19T00:28:40-05:00,4e849724-1633-3627-9897-205a3a4fa49b,8d87457b-a099-3fb4-b54f-1b5b83ad5e88,https://api.americanwagering.com/regions/us/locations/il/brands/czr/sb/v4/sports/americanfootball/tabs/FUTURE_BETS%7CPlayer%20Futures/secondary/_7cPlayer_7c_20_7cTotal_20Regular_20Season_20Receiving_20Yards_7c
Caesars,IL,2026,T.J. Hockenson,receiving_yards,500.5,Under,-115,1.86957,2026-07-19T00:28:40-05:00,4e849724-1633-3627-9897-205a3a4fa49b,fe942845-bfd0-3d64-9327-2c29ece1d30f,https://api.americanwagering.com/regions/us/locations/il/brands/czr/sb/v4/sports/americanfootball/tabs/FUTURE_BETS%7CPlayer%20Futures/secondary/_7cPlayer_7c_20_7cTotal_20Regular_20Season_20Receiving_20Yards_7c
Caesars,IL,2026,Tee Higgins,receiving_yards,900.5,Over,-115,1.86957,2026-07-19T00:28:40-05:00,6fa929fb-42a0-32fc-ac45-0556db2ec1dd,b072f594-0403-31a0-815a-a1cf6107cbe6,https://api.americanwagering.com/regions/us/locations/il/brands/czr/sb/v4/sports/americanfootball/tabs/FUTURE_BETS%7CPlayer%20Futures/secondary/_7cPlayer_7c_20_7cTotal_20Regular_20Season_20Receiving_20Yards_7c
Caesars,IL,2026,Tee Higgins,receiving_yards,900.5,Under,-115,1.86957,2026-07-19T00:28:40-05:00,6fa929fb-42a0-32fc-ac45-0556db2ec1dd,570227e1-1dc1-3b27-ae43-e18bbdb57e1f,https://api.americanwagering.com/regions/us/locations/il/brands/czr/sb/v4/sports/americanfootball/tabs/FUTURE_BETS%7CPlayer%20Futures/secondary/_7cPlayer_7c_20_7cTotal_20Regular_20Season_20Receiving_20Yards_7c
Caesars,IL,2026,Terry McLaurin,receiving_yards,925.5,Over,-115,1.86957,2026-07-19T00:28:40-05:00,c2423f94-2266-358d-b442-21ab9036c1c9,9073dd9e-5ff2-3a3f-b710-274427f37f7c,https://api.americanwagering.com/regions/us/locations/il/brands/czr/sb/v4/sports/americanfootball/tabs/FUTURE_BETS%7CPlayer%20Futures/secondary/_7cPlayer_7c_20_7cTotal_20Regular_20Season_20Receiving_20Yards_7c
Caesars,IL,2026,Terry McLaurin,receiving_yards,925.5,Under,-115,1.86957,2026-07-19T00:28:40-05:00,c2423f94-2266-358d-b442-21ab9036c1c9,6b2ba17c-bf0a-3df9-89de-ab8ee7ff9486,https://api.americanwagering.com/regions/us/locations/il/brands/czr/sb/v4/sports/americanfootball/tabs/FUTURE_BETS%7CPlayer%20Futures/secondary/_7cPlayer_7c_20_7cTotal_20Regular_20Season_20Receiving_20Yards_7c
Caesars,IL,2026,Tetairoa McMillan,receiving_yards,925.5,Over,-115,1.86957,2026-07-19T00:28:40-05:00,b5b75a8d-ab93-36a7-8387-1ebdfb7d7d16,a5340e97-eca9-38cc-b842-fc1cddb35a82,https://api.americanwagering.com/regions/us/locations/il/brands/czr/sb/v4/sports/americanfootball/tabs/FUTURE_BETS%7CPlayer%20Futures/secondary/_7cPlayer_7c_20_7cTotal_20Regular_20Season_20Receiving_20Yards_7c
Caesars,IL,2026,Tetairoa McMillan,receiving_yards,925.5,Under,-115,1.86957,2026-07-19T00:28:40-05:00,b5b75a8d-ab93-36a7-8387-1ebdfb7d7d16,8693a1d6-1e2d-3c88-ae4f-4db0ccb1eb0c,https://api.americanwagering.com/regions/us/locations/il/brands/czr/sb/v4/sports/americanfootball/tabs/FUTURE_BETS%7CPlayer%20Futures/secondary/_7cPlayer_7c_20_7cTotal_20Regular_20Season_20Receiving_20Yards_7c
Caesars,IL,2026,Travis Kelce,receiving_yards,650.5,Over,-115,1.86957,2026-07-19T00:28:40-05:00,6d91f351-b53b-3169-84a2-386ae6b8d77b,e3b8fe9b-dbd2-3769-bdab-9c073276de1e,https://api.americanwagering.com/regions/us/locations/il/brands/czr/sb/v4/sports/americanfootball/tabs/FUTURE_BETS%7CPlayer%20Futures/secondary/_7cPlayer_7c_20_7cTotal_20Regular_20Season_20Receiving_20Yards_7c
Caesars,IL,2026,Travis Kelce,receiving_yards,650.5,Under,-115,1.86957,2026-07-19T00:28:40-05:00,6d91f351-b53b-3169-84a2-386ae6b8d77b,cc09fb2f-b83c-3919-bd8c-33c63866837b,https://api.americanwagering.com/regions/us/locations/il/brands/czr/sb/v4/sports/americanfootball/tabs/FUTURE_BETS%7CPlayer%20Futures/secondary/_7cPlayer_7c_20_7cTotal_20Regular_20Season_20Receiving_20Yards_7c
Caesars,IL,2026,Tre Tucker,receiving_yards,575.5,Over,-115,1.86957,2026-07-19T00:28:40-05:00,4abe5ae1-c266-3399-b535-b11bb70c1856,c808e269-fcca-3b59-955f-c83bef70c510,https://api.americanwagering.com/regions/us/locations/il/brands/czr/sb/v4/sports/americanfootball/tabs/FUTURE_BETS%7CPlayer%20Futures/secondary/_7cPlayer_7c_20_7cTotal_20Regular_20Season_20Receiving_20Yards_7c
Caesars,IL,2026,Tre Tucker,receiving_yards,575.5,Under,-115,1.86957,2026-07-19T00:28:40-05:00,4abe5ae1-c266-3399-b535-b11bb70c1856,4b1d8b98-04ba-3bf2-a8a5-4c05a0d8ee0c,https://api.americanwagering.com/regions/us/locations/il/brands/czr/sb/v4/sports/americanfootball/tabs/FUTURE_BETS%7CPlayer%20Futures/secondary/_7cPlayer_7c_20_7cTotal_20Regular_20Season_20Receiving_20Yards_7c
Caesars,IL,2026,Trey McBride,receiving_yards,950.5,Over,-115,1.86957,2026-07-19T00:28:40-05:00,8134e75e-df4b-31f9-952e-538984cbf9da,03119c17-98bc-3317-a098-56c6759df4ce,https://api.americanwagering.com/regions/us/locations/il/brands/czr/sb/v4/sports/americanfootball/tabs/FUTURE_BETS%7CPlayer%20Futures/secondary/_7cPlayer_7c_20_7cTotal_20Regular_20Season_20Receiving_20Yards_7c
Caesars,IL,2026,Trey McBride,receiving_yards,950.5,Under,-115,1.86957,2026-07-19T00:28:40-05:00,8134e75e-df4b-31f9-952e-538984cbf9da,af78f7f5-efda-3f40-9359-2f4e17b63be5,https://api.americanwagering.com/regions/us/locations/il/brands/czr/sb/v4/sports/americanfootball/tabs/FUTURE_BETS%7CPlayer%20Futures/secondary/_7cPlayer_7c_20_7cTotal_20Regular_20Season_20Receiving_20Yards_7c
Caesars,IL,2026,Tucker Kraft,receiving_yards,640.5,Over,-115,1.86957,2026-07-19T00:28:40-05:00,1fbd73c2-7750-3a3d-97fc-7e4cb90fb14c,68222ac3-399e-3b6b-b4c3-878d1bb102f8,https://api.americanwagering.com/regions/us/locations/il/brands/czr/sb/v4/sports/americanfootball/tabs/FUTURE_BETS%7CPlayer%20Futures/secondary/_7cPlayer_7c_20_7cTotal_20Regular_20Season_20Receiving_20Yards_7c
Caesars,IL,2026,Tucker Kraft,receiving_yards,640.5,Under,-115,1.86957,2026-07-19T00:28:40-05:00,1fbd73c2-7750-3a3d-97fc-7e4cb90fb14c,45a086e2-f320-341b-98d5-1c7485259cd9,https://api.americanwagering.com/regions/us/locations/il/brands/czr/sb/v4/sports/americanfootball/tabs/FUTURE_BETS%7CPlayer%20Futures/secondary/_7cPlayer_7c_20_7cTotal_20Regular_20Season_20Receiving_20Yards_7c
Caesars,IL,2026,Tyler Warren,receiving_yards,750.5,Over,-115,1.86957,2026-07-19T00:28:40-05:00,8e5518ab-40f4-3b8a-a2cf-2551fafa00bf,c5879522-d1f9-319c-a6bb-b88937f708e4,https://api.americanwagering.com/regions/us/locations/il/brands/czr/sb/v4/sports/americanfootball/tabs/FUTURE_BETS%7CPlayer%20Futures/secondary/_7cPlayer_7c_20_7cTotal_20Regular_20Season_20Receiving_20Yards_7c
Caesars,IL,2026,Tyler Warren,receiving_yards,750.5,Under,-115,1.86957,2026-07-19T00:28:40-05:00,8e5518ab-40f4-3b8a-a2cf-2551fafa00bf,89e96127-3c6d-3b8d-9009-e368d38bdf61,https://api.americanwagering.com/regions/us/locations/il/brands/czr/sb/v4/sports/americanfootball/tabs/FUTURE_BETS%7CPlayer%20Futures/secondary/_7cPlayer_7c_20_7cTotal_20Regular_20Season_20Receiving_20Yards_7c
Caesars,IL,2026,Wan'Dale Robinson,receiving_yards,700.5,Over,-115,1.86957,2026-07-19T00:28:40-05:00,595168ba-d560-3ca9-91ef-02b7929e44ad,187d6dba-5d36-3cb0-bc98-7366f598760d,https://api.americanwagering.com/regions/us/locations/il/brands/czr/sb/v4/sports/americanfootball/tabs/FUTURE_BETS%7CPlayer%20Futures/secondary/_7cPlayer_7c_20_7cTotal_20Regular_20Season_20Receiving_20Yards_7c
Caesars,IL,2026,Wan'Dale Robinson,receiving_yards,700.5,Under,-115,1.86957,2026-07-19T00:28:40-05:00,595168ba-d560-3ca9-91ef-02b7929e44ad,ebd9ad4b-0d50-3036-80bb-6214fb7976c9,https://api.americanwagering.com/regions/us/locations/il/brands/czr/sb/v4/sports/americanfootball/tabs/FUTURE_BETS%7CPlayer%20Futures/secondary/_7cPlayer_7c_20_7cTotal_20Regular_20Season_20Receiving_20Yards_7c
Caesars,IL,2026,Xavier Worthy,receiving_yards,625.5,Over,-115,1.86957,2026-07-19T00:28:40-05:00,5f517e68-434b-3f77-91a9-d210270b6250,59d20c27-88f5-3556-9316-9b0e65b8cd71,https://api.americanwagering.com/regions/us/locations/il/brands/czr/sb/v4/sports/americanfootball/tabs/FUTURE_BETS%7CPlayer%20Futures/secondary/_7cPlayer_7c_20_7cTotal_20Regular_20Season_20Receiving_20Yards_7c
Caesars,IL,2026,Xavier Worthy,receiving_yards,625.5,Under,-115,1.86957,2026-07-19T00:28:40-05:00,5f517e68-434b-3f77-91a9-d210270b6250,6adbbb50-a3c8-3899-907d-70ef4987f36f,https://api.americanwagering.com/regions/us/locations/il/brands/czr/sb/v4/sports/americanfootball/tabs/FUTURE_BETS%7CPlayer%20Futures/secondary/_7cPlayer_7c_20_7cTotal_20Regular_20Season_20Receiving_20Yards_7c
Caesars,IL,2026,Zay Flowers,receiving_yards,975.5,Over,-115,1.86957,2026-07-19T00:28:40-05:00,91563b9d-8f54-3ca7-9bb4-1bd017c112a8,5d4df814-69c6-314c-bb5c-d9614a147bbb,https://api.americanwagering.com/regions/us/locations/il/brands/czr/sb/v4/sports/americanfootball/tabs/FUTURE_BETS%7CPlayer%20Futures/secondary/_7cPlayer_7c_20_7cTotal_20Regular_20Season_20Receiving_20Yards_7c
Caesars,IL,2026,Zay Flowers,receiving_yards,975.5,Under,-115,1.86957,2026-07-19T00:28:40-05:00,91563b9d-8f54-3ca7-9bb4-1bd017c112a8,8a32df34-7953-3413-b022-d4fdc8c4a278,https://api.americanwagering.com/regions/us/locations/il/brands/czr/sb/v4/sports/americanfootball/tabs/FUTURE_BETS%7CPlayer%20Futures/secondary/_7cPlayer_7c_20_7cTotal_20Regular_20Season_20Receiving_20Yards_7c
Caesars,IL,2026,Amon-Ra St. Brown,receptions,102.5,Over,-115,1.86957,2026-07-19T00:28:40-05:00,51e633ee-471d-3fae-8baa-c733171790e2,0086d1d8-a098-3ccb-aa9d-7ecdf1148fb6,https://api.americanwagering.com/regions/us/locations/il/brands/czr/sb/v4/sports/americanfootball/tabs/FUTURE_BETS%7CPlayer%20Futures/secondary/_7cPlayer_7c_20_7cTotal_20Regular_20Season_20Receptions_7c
Caesars,IL,2026,Amon-Ra St. Brown,receptions,102.5,Under,-115,1.86957,2026-07-19T00:28:40-05:00,51e633ee-471d-3fae-8baa-c733171790e2,3e8553d7-16dd-3be7-b5e6-20496273bd52,https://api.americanwagering.com/regions/us/locations/il/brands/czr/sb/v4/sports/americanfootball/tabs/FUTURE_BETS%7CPlayer%20Futures/secondary/_7cPlayer_7c_20_7cTotal_20Regular_20Season_20Receptions_7c
Caesars,IL,2026,CeeDee Lamb,receptions,89.5,Over,-115,1.86957,2026-07-19T00:28:40-05:00,bf784d0f-ae55-3de3-a875-b69c5fc31a9e,1ba82330-5f32-3a3c-938f-7401525a96f6,https://api.americanwagering.com/regions/us/locations/il/brands/czr/sb/v4/sports/americanfootball/tabs/FUTURE_BETS%7CPlayer%20Futures/secondary/_7cPlayer_7c_20_7cTotal_20Regular_20Season_20Receptions_7c
Caesars,IL,2026,CeeDee Lamb,receptions,89.5,Under,-115,1.86957,2026-07-19T00:28:40-05:00,bf784d0f-ae55-3de3-a875-b69c5fc31a9e,25f67220-e407-3d04-95d9-073d2c05cd28,https://api.americanwagering.com/regions/us/locations/il/brands/czr/sb/v4/sports/americanfootball/tabs/FUTURE_BETS%7CPlayer%20Futures/secondary/_7cPlayer_7c_20_7cTotal_20Regular_20Season_20Receptions_7c
Caesars,IL,2026,Ja'Marr Chase,receptions,103.5,Over,-115,1.86957,2026-07-19T00:28:40-05:00,d138d9f7-1060-39e4-a3ff-0b780f19d929,c4e9567f-8e67-38b4-ae87-03a9ce5c7cfb,https://api.americanwagering.com/regions/us/locations/il/brands/czr/sb/v4/sports/americanfootball/tabs/FUTURE_BETS%7CPlayer%20Futures/secondary/_7cPlayer_7c_20_7cTotal_20Regular_20Season_20Receptions_7c
Caesars,IL,2026,Ja'Marr Chase,receptions,103.5,Under,-115,1.86957,2026-07-19T00:28:40-05:00,d138d9f7-1060-39e4-a3ff-0b780f19d929,49dd4f7e-b183-304d-a834-5d003b232c18,https://api.americanwagering.com/regions/us/locations/il/brands/czr/sb/v4/sports/americanfootball/tabs/FUTURE_BETS%7CPlayer%20Futures/secondary/_7cPlayer_7c_20_7cTotal_20Regular_20Season_20Receptions_7c
Caesars,IL,2026,Jaxon Smith-Njigba,receptions,98.5,Over,-115,1.86957,2026-07-19T00:28:40-05:00,57e8a0f9-ca27-306d-a292-424eabd3a6ff,52a9670b-cc6e-348c-ab90-3d9a0bfc2482,https://api.americanwagering.com/regions/us/locations/il/brands/czr/sb/v4/sports/americanfootball/tabs/FUTURE_BETS%7CPlayer%20Futures/secondary/_7cPlayer_7c_20_7cTotal_20Regular_20Season_20Receptions_7c
Caesars,IL,2026,Jaxon Smith-Njigba,receptions,98.5,Under,-115,1.86957,2026-07-19T00:28:40-05:00,57e8a0f9-ca27-306d-a292-424eabd3a6ff,9905c5d9-15b7-3408-9c88-1db42d0da949,https://api.americanwagering.com/regions/us/locations/il/brands/czr/sb/v4/sports/americanfootball/tabs/FUTURE_BETS%7CPlayer%20Futures/secondary/_7cPlayer_7c_20_7cTotal_20Regular_20Season_20Receptions_7c
Caesars,IL,2026,Justin Jefferson,receptions,91.5,Over,-115,1.86957,2026-07-19T00:28:40-05:00,41f5a63e-382c-372f-9440-9744e034b171,d0427a2b-63bc-3b93-b38f-ff6726572116,https://api.americanwagering.com/regions/us/locations/il/brands/czr/sb/v4/sports/americanfootball/tabs/FUTURE_BETS%7CPlayer%20Futures/secondary/_7cPlayer_7c_20_7cTotal_20Regular_20Season_20Receptions_7c
Caesars,IL,2026,Justin Jefferson,receptions,91.5,Under,-115,1.86957,2026-07-19T00:28:40-05:00,41f5a63e-382c-372f-9440-9744e034b171,63672d64-92f3-3ef5-982d-187afac9f444,https://api.americanwagering.com/regions/us/locations/il/brands/czr/sb/v4/sports/americanfootball/tabs/FUTURE_BETS%7CPlayer%20Futures/secondary/_7cPlayer_7c_20_7cTotal_20Regular_20Season_20Receptions_7c
Caesars,IL,2026,Puka Nacua,receptions,104.5,Over,-115,1.86957,2026-07-19T00:28:40-05:00,992e814d-2139-3049-abd2-77f6c918b9b2,5035e996-f54f-3c07-8b3d-e6ae34c43119,https://api.americanwagering.com/regions/us/locations/il/brands/czr/sb/v4/sports/americanfootball/tabs/FUTURE_BETS%7CPlayer%20Futures/secondary/_7cPlayer_7c_20_7cTotal_20Regular_20Season_20Receptions_7c
Caesars,IL,2026,Puka Nacua,receptions,104.5,Under,-115,1.86957,2026-07-19T00:28:40-05:00,992e814d-2139-3049-abd2-77f6c918b9b2,8152ea54-d60b-357d-9221-47edc3a074cd,https://api.americanwagering.com/regions/us/locations/il/brands/czr/sb/v4/sports/americanfootball/tabs/FUTURE_BETS%7CPlayer%20Futures/secondary/_7cPlayer_7c_20_7cTotal_20Regular_20Season_20Receptions_7c
Caesars,IL,2026,A.J. Brown,receiving_tds,6.5,Over,-110,1.91,2026-07-19T00:28:40-05:00,9ef49ee4-a2e0-3441-ba5d-dff986bd997d,4c6ed17a-2d2a-31b0-b747-2e30cc3f704d,https://api.americanwagering.com/regions/us/locations/il/brands/czr/sb/v4/sports/americanfootball/tabs/FUTURE_BETS%7CPlayer%20Futures/secondary/_7cPlayer_7c_20_7cTotal_20Regular_20Season_20Receiving_20Touchdowns_7c
Caesars,IL,2026,A.J. Brown,receiving_tds,6.5,Under,-120,1.83,2026-07-19T00:28:40-05:00,9ef49ee4-a2e0-3441-ba5d-dff986bd997d,0f0a5dff-d280-392c-bd1f-c1b0839b3de7,https://api.americanwagering.com/regions/us/locations/il/brands/czr/sb/v4/sports/americanfootball/tabs/FUTURE_BETS%7CPlayer%20Futures/secondary/_7cPlayer_7c_20_7cTotal_20Regular_20Season_20Receiving_20Touchdowns_7c
Caesars,IL,2026,Amon-Ra St. Brown,receiving_tds,9.5,Over,-115,1.86957,2026-07-19T00:28:40-05:00,0ccbbb0b-bc3a-31b0-9349-c4c65f624850,40c64c7b-a6a5-3a15-9bac-132d6a8d6e83,https://api.americanwagering.com/regions/us/locations/il/brands/czr/sb/v4/sports/americanfootball/tabs/FUTURE_BETS%7CPlayer%20Futures/secondary/_7cPlayer_7c_20_7cTotal_20Regular_20Season_20Receiving_20Touchdowns_7c
Caesars,IL,2026,Amon-Ra St. Brown,receiving_tds,9.5,Under,-115,1.86957,2026-07-19T00:28:40-05:00,0ccbbb0b-bc3a-31b0-9349-c4c65f624850,026f7e3e-b9e1-319e-bd29-4a6cba01eae6,https://api.americanwagering.com/regions/us/locations/il/brands/czr/sb/v4/sports/americanfootball/tabs/FUTURE_BETS%7CPlayer%20Futures/secondary/_7cPlayer_7c_20_7cTotal_20Regular_20Season_20Receiving_20Touchdowns_7c
Caesars,IL,2026,Bijan Robinson,receiving_tds,3.5,Over,115,2.15,2026-07-19T00:28:40-05:00,3806084c-1b46-3f0d-8c6c-ac30ac38bfbb,b7df6927-77b7-3014-af42-8b12db097140,https://api.americanwagering.com/regions/us/locations/il/brands/czr/sb/v4/sports/americanfootball/tabs/FUTURE_BETS%7CPlayer%20Futures/secondary/_7cPlayer_7c_20_7cTotal_20Regular_20Season_20Receiving_20Touchdowns_7c
Caesars,IL,2026,Bijan Robinson,receiving_tds,3.5,Under,-145,1.68966,2026-07-19T00:28:40-05:00,3806084c-1b46-3f0d-8c6c-ac30ac38bfbb,76de6fe8-f655-33e8-bce0-4ef1a624ffdf,https://api.americanwagering.com/regions/us/locations/il/brands/czr/sb/v4/sports/americanfootball/tabs/FUTURE_BETS%7CPlayer%20Futures/secondary/_7cPlayer_7c_20_7cTotal_20Regular_20Season_20Receiving_20Touchdowns_7c
Caesars,IL,2026,Brian Thomas Jr.,receiving_tds,4.5,Over,110,2.1,2026-07-19T00:28:40-05:00,bb29ff33-e086-3a83-afdd-dc3d560ed73b,9e5d14fb-e0fe-3f12-ac64-8b0b4b06319b,https://api.americanwagering.com/regions/us/locations/il/brands/czr/sb/v4/sports/americanfootball/tabs/FUTURE_BETS%7CPlayer%20Futures/secondary/_7cPlayer_7c_20_7cTotal_20Regular_20Season_20Receiving_20Touchdowns_7c
Caesars,IL,2026,Brian Thomas Jr.,receiving_tds,4.5,Under,-140,1.71429,2026-07-19T00:28:40-05:00,bb29ff33-e086-3a83-afdd-dc3d560ed73b,7dc649fe-2d55-3bab-b17f-77859ad6ee73,https://api.americanwagering.com/regions/us/locations/il/brands/czr/sb/v4/sports/americanfootball/tabs/FUTURE_BETS%7CPlayer%20Futures/secondary/_7cPlayer_7c_20_7cTotal_20Regular_20Season_20Receiving_20Touchdowns_7c
Caesars,IL,2026,Brock Bowers,receiving_tds,7.5,Over,125,2.25,2026-07-19T00:28:40-05:00,8299cd80-3994-3e19-856d-9db694f270b8,0adec35b-297c-397b-ab63-6124bbde7bf7,https://api.americanwagering.com/regions/us/locations/il/brands/czr/sb/v4/sports/americanfootball/tabs/FUTURE_BETS%7CPlayer%20Futures/secondary/_7cPlayer_7c_20_7cTotal_20Regular_20Season_20Receiving_20Touchdowns_7c
Caesars,IL,2026,Brock Bowers,receiving_tds,7.5,Under,-155,1.64516,2026-07-19T00:28:40-05:00,8299cd80-3994-3e19-856d-9db694f270b8,07efd7c6-b4a8-3b8a-ad80-843ff698a460,https://api.americanwagering.com/regions/us/locations/il/brands/czr/sb/v4/sports/americanfootball/tabs/FUTURE_BETS%7CPlayer%20Futures/secondary/_7cPlayer_7c_20_7cTotal_20Regular_20Season_20Receiving_20Touchdowns_7c
Caesars,IL,2026,Calvin Ridley,receiving_tds,3.5,Over,115,2.15,2026-07-19T00:28:40-05:00,166ad4e0-da39-3fc0-be12-0094a3e2d81a,0059a43a-f3ed-3b7d-aa53-08c5ae09f21b,https://api.americanwagering.com/regions/us/locations/il/brands/czr/sb/v4/sports/americanfootball/tabs/FUTURE_BETS%7CPlayer%20Futures/secondary/_7cPlayer_7c_20_7cTotal_20Regular_20Season_20Receiving_20Touchdowns_7c
Caesars,IL,2026,Calvin Ridley,receiving_tds,3.5,Under,-145,1.68966,2026-07-19T00:28:40-05:00,166ad4e0-da39-3fc0-be12-0094a3e2d81a,ce809925-fadc-3d2a-808c-c1a5a0905285,https://api.americanwagering.com/regions/us/locations/il/brands/czr/sb/v4/sports/americanfootball/tabs/FUTURE_BETS%7CPlayer%20Futures/secondary/_7cPlayer_7c_20_7cTotal_20Regular_20Season_20Receiving_20Touchdowns_7c
Caesars,IL,2026,Carnell Tate,receiving_tds,4.5,Over,125,2.25,2026-07-19T00:28:40-05:00,f241c328-6bcc-36af-b2ec-5bb3be5e8ede,21be9bc1-4183-3513-b982-96711111da1b,https://api.americanwagering.com/regions/us/locations/il/brands/czr/sb/v4/sports/americanfootball/tabs/FUTURE_BETS%7CPlayer%20Futures/secondary/_7cPlayer_7c_20_7cTotal_20Regular_20Season_20Receiving_20Touchdowns_7c
Caesars,IL,2026,Carnell Tate,receiving_tds,4.5,Under,-155,1.64516,2026-07-19T00:28:40-05:00,f241c328-6bcc-36af-b2ec-5bb3be5e8ede,ddd71d88-bfb2-3e8a-8fe1-a8d4396d4ef9,https://api.americanwagering.com/regions/us/locations/il/brands/czr/sb/v4/sports/americanfootball/tabs/FUTURE_BETS%7CPlayer%20Futures/secondary/_7cPlayer_7c_20_7cTotal_20Regular_20Season_20Receiving_20Touchdowns_7c
Caesars,IL,2026,CeeDee Lamb,receiving_tds,7.5,Over,-130,1.77,2026-07-19T00:28:40-05:00,2762e60f-5536-3bb1-8a70-72968d3eea13,c9ef47bc-bfce-31a8-b1d2-598b9a066537,https://api.americanwagering.com/regions/us/locations/il/brands/czr/sb/v4/sports/americanfootball/tabs/FUTURE_BETS%7CPlayer%20Futures/secondary/_7cPlayer_7c_20_7cTotal_20Regular_20Season_20Receiving_20Touchdowns_7c
Caesars,IL,2026,CeeDee Lamb,receiving_tds,7.5,Under,100,2.0,2026-07-19T00:28:40-05:00,2762e60f-5536-3bb1-8a70-72968d3eea13,696e2cb3-16a5-34a7-80dc-cd93b8ca3512,https://api.americanwagering.com/regions/us/locations/il/brands/czr/sb/v4/sports/americanfootball/tabs/FUTURE_BETS%7CPlayer%20Futures/secondary/_7cPlayer_7c_20_7cTotal_20Regular_20Season_20Receiving_20Touchdowns_7c
Caesars,IL,2026,Chris Godwin,receiving_tds,4.5,Over,-115,1.86957,2026-07-19T00:28:40-05:00,f742809a-978b-3b2d-8825-7af311b51a2c,3c3d7fcf-7781-336f-b2c3-7b309648888c,https://api.americanwagering.com/regions/us/locations/il/brands/czr/sb/v4/sports/americanfootball/tabs/FUTURE_BETS%7CPlayer%20Futures/secondary/_7cPlayer_7c_20_7cTotal_20Regular_20Season_20Receiving_20Touchdowns_7c
Caesars,IL,2026,Chris Godwin,receiving_tds,4.5,Under,-115,1.86957,2026-07-19T00:28:40-05:00,f742809a-978b-3b2d-8825-7af311b51a2c,641f6d7a-4911-3959-b949-427e88a25151,https://api.americanwagering.com/regions/us/locations/il/brands/czr/sb/v4/sports/americanfootball/tabs/FUTURE_BETS%7CPlayer%20Futures/secondary/_7cPlayer_7c_20_7cTotal_20Regular_20Season_20Receiving_20Touchdowns_7c
Caesars,IL,2026,Chris Olave,receiving_tds,5.5,Over,-110,1.91,2026-07-19T00:28:40-05:00,b71cdac1-cf2b-301c-ba81-83d2af80dab0,a7f4f6c9-400e-38c3-b857-1e7813e227c5,https://api.americanwagering.com/regions/us/locations/il/brands/czr/sb/v4/sports/americanfootball/tabs/FUTURE_BETS%7CPlayer%20Futures/secondary/_7cPlayer_7c_20_7cTotal_20Regular_20Season_20Receiving_20Touchdowns_7c
Caesars,IL,2026,Chris Olave,receiving_tds,5.5,Under,-120,1.83,2026-07-19T00:28:40-05:00,b71cdac1-cf2b-301c-ba81-83d2af80dab0,c0ec16a6-6765-384d-8736-2e383aa9a66c,https://api.americanwagering.com/regions/us/locations/il/brands/czr/sb/v4/sports/americanfootball/tabs/FUTURE_BETS%7CPlayer%20Futures/secondary/_7cPlayer_7c_20_7cTotal_20Regular_20Season_20Receiving_20Touchdowns_7c
Caesars,IL,2026,Christian McCaffrey,receiving_tds,4.5,Over,115,2.15,2026-07-19T00:28:40-05:00,179900b1-4290-3a1e-821a-4f06b9731799,045bd1bf-522e-391d-b7d2-684054e364a0,https://api.americanwagering.com/regions/us/locations/il/brands/czr/sb/v4/sports/americanfootball/tabs/FUTURE_BETS%7CPlayer%20Futures/secondary/_7cPlayer_7c_20_7cTotal_20Regular_20Season_20Receiving_20Touchdowns_7c
Caesars,IL,2026,Christian McCaffrey,receiving_tds,4.5,Under,-145,1.68966,2026-07-19T00:28:40-05:00,179900b1-4290-3a1e-821a-4f06b9731799,d42500c4-4ea4-3c67-958d-288f9fd87d9c,https://api.americanwagering.com/regions/us/locations/il/brands/czr/sb/v4/sports/americanfootball/tabs/FUTURE_BETS%7CPlayer%20Futures/secondary/_7cPlayer_7c_20_7cTotal_20Regular_20Season_20Receiving_20Touchdowns_7c
Caesars,IL,2026,Christian Watson,receiving_tds,6.5,Over,100,2.0,2026-07-19T00:28:40-05:00,e644929a-4167-3ca8-8966-55b8afa93029,ba6a6e81-61be-3e65-8b5f-6e95de4bb4ed,https://api.americanwagering.com/regions/us/locations/il/brands/czr/sb/v4/sports/americanfootball/tabs/FUTURE_BETS%7CPlayer%20Futures/secondary/_7cPlayer_7c_20_7cTotal_20Regular_20Season_20Receiving_20Touchdowns_7c
Caesars,IL,2026,Christian Watson,receiving_tds,6.5,Under,-130,1.77,2026-07-19T00:28:40-05:00,e644929a-4167-3ca8-8966-55b8afa93029,10ed2a6a-9612-313c-a20d-c32edc3dbd1c,https://api.americanwagering.com/regions/us/locations/il/brands/czr/sb/v4/sports/americanfootball/tabs/FUTURE_BETS%7CPlayer%20Futures/secondary/_7cPlayer_7c_20_7cTotal_20Regular_20Season_20Receiving_20Touchdowns_7c
Caesars,IL,2026,Colston Loveland,receiving_tds,5.5,Over,-110,1.91,2026-07-19T00:28:40-05:00,8c06d0ec-10e8-3f44-a771-1fe4b0d732e2,6b516613-eae9-3dd6-a0d3-b9b4bd9ea48c,https://api.americanwagering.com/regions/us/locations/il/brands/czr/sb/v4/sports/americanfootball/tabs/FUTURE_BETS%7CPlayer%20Futures/secondary/_7cPlayer_7c_20_7cTotal_20Regular_20Season_20Receiving_20Touchdowns_7c
Caesars,IL,2026,Colston Loveland,receiving_tds,5.5,Under,-120,1.83,2026-07-19T00:28:40-05:00,8c06d0ec-10e8-3f44-a771-1fe4b0d732e2,2d999ab5-dd45-3d8f-a84e-93cb74a9ff74,https://api.americanwagering.com/regions/us/locations/il/brands/czr/sb/v4/sports/americanfootball/tabs/FUTURE_BETS%7CPlayer%20Futures/secondary/_7cPlayer_7c_20_7cTotal_20Regular_20Season_20Receiving_20Touchdowns_7c
Caesars,IL,2026,Courtland Sutton,receiving_tds,6.5,Over,-140,1.71429,2026-07-19T00:28:40-05:00,c6f38566-6573-3b1f-9fd1-c56c7462d932,1b12e585-697d-37d5-aef6-94d0bcd07deb,https://api.americanwagering.com/regions/us/locations/il/brands/czr/sb/v4/sports/americanfootball/tabs/FUTURE_BETS%7CPlayer%20Futures/secondary/_7cPlayer_7c_20_7cTotal_20Regular_20Season_20Receiving_20Touchdowns_7c
Caesars,IL,2026,Courtland Sutton,receiving_tds,6.5,Under,110,2.1,2026-07-19T00:28:40-05:00,c6f38566-6573-3b1f-9fd1-c56c7462d932,be150f06-1ad1-3622-9dbe-2ada106ad9be,https://api.americanwagering.com/regions/us/locations/il/brands/czr/sb/v4/sports/americanfootball/tabs/FUTURE_BETS%7CPlayer%20Futures/secondary/_7cPlayer_7c_20_7cTotal_20Regular_20Season_20Receiving_20Touchdowns_7c
Caesars,IL,2026,Dallas Goedert,receiving_tds,4.5,Over,-120,1.83,2026-07-19T00:28:40-05:00,e03ffb4c-afe2-3e96-a6b2-47f5a02a5f4b,a2624dd8-df1f-34f4-8376-18bd532288cf,https://api.americanwagering.com/regions/us/locations/il/brands/czr/sb/v4/sports/americanfootball/tabs/FUTURE_BETS%7CPlayer%20Futures/secondary/_7cPlayer_7c_20_7cTotal_20Regular_20Season_20Receiving_20Touchdowns_7c
Caesars,IL,2026,Dallas Goedert,receiving_tds,4.5,Under,-110,1.91,2026-07-19T00:28:40-05:00,e03ffb4c-afe2-3e96-a6b2-47f5a02a5f4b,98f009fe-7440-3cbf-b526-3e56ffeea2e5,https://api.americanwagering.com/regions/us/locations/il/brands/czr/sb/v4/sports/americanfootball/tabs/FUTURE_BETS%7CPlayer%20Futures/secondary/_7cPlayer_7c_20_7cTotal_20Regular_20Season_20Receiving_20Touchdowns_7c
Caesars,IL,2026,Dalton Kincaid,receiving_tds,3.5,Over,-150,1.66667,2026-07-19T00:28:40-05:00,0d06b90e-2204-3f28-abc9-3b73aaf58239,9f966fec-ed81-3b94-b405-402d7733b1fa,https://api.americanwagering.com/regions/us/locations/il/brands/czr/sb/v4/sports/americanfootball/tabs/FUTURE_BETS%7CPlayer%20Futures/secondary/_7cPlayer_7c_20_7cTotal_20Regular_20Season_20Receiving_20Touchdowns_7c
Caesars,IL,2026,Dalton Kincaid,receiving_tds,3.5,Under,120,2.2,2026-07-19T00:28:40-05:00,0d06b90e-2204-3f28-abc9-3b73aaf58239,13004c30-9bb8-3943-8dc5-ccf5cd995bb5,https://api.americanwagering.com/regions/us/locations/il/brands/czr/sb/v4/sports/americanfootball/tabs/FUTURE_BETS%7CPlayer%20Futures/secondary/_7cPlayer_7c_20_7cTotal_20Regular_20Season_20Receiving_20Touchdowns_7c
Caesars,IL,2026,Davante Adams,receiving_tds,9.5,Over,100,2.0,2026-07-19T00:28:40-05:00,7105446c-7564-3e8b-8538-e08d6fa9e3cd,cdc6d1c5-55bc-31af-b94e-a74c4f8d8d66,https://api.americanwagering.com/regions/us/locations/il/brands/czr/sb/v4/sports/americanfootball/tabs/FUTURE_BETS%7CPlayer%20Futures/secondary/_7cPlayer_7c_20_7cTotal_20Regular_20Season_20Receiving_20Touchdowns_7c
Caesars,IL,2026,Davante Adams,receiving_tds,9.5,Under,-130,1.77,2026-07-19T00:28:40-05:00,7105446c-7564-3e8b-8538-e08d6fa9e3cd,26b155a3-d19d-30ec-92d2-97b2b10fbb34,https://api.americanwagering.com/regions/us/locations/il/brands/czr/sb/v4/sports/americanfootball/tabs/FUTURE_BETS%7CPlayer%20Futures/secondary/_7cPlayer_7c_20_7cTotal_20Regular_20Season_20Receiving_20Touchdowns_7c
Caesars,IL,2026,DeVonta Smith,receiving_tds,5.5,Over,100,2.0,2026-07-19T00:28:40-05:00,69da3ba6-42fa-3e60-a2a4-8d37d12ffdbe,b05a3a8b-feab-3c49-95fb-3a12f7707062,https://api.americanwagering.com/regions/us/locations/il/brands/czr/sb/v4/sports/americanfootball/tabs/FUTURE_BETS%7CPlayer%20Futures/secondary/_7cPlayer_7c_20_7cTotal_20Regular_20Season_20Receiving_20Touchdowns_7c
Caesars,IL,2026,DeVonta Smith,receiving_tds,5.5,Under,-130,1.77,2026-07-19T00:28:40-05:00,69da3ba6-42fa-3e60-a2a4-8d37d12ffdbe,d4360ee6-62b9-3033-af9b-96babead69e3,https://api.americanwagering.com/regions/us/locations/il/brands/czr/sb/v4/sports/americanfootball/tabs/FUTURE_BETS%7CPlayer%20Futures/secondary/_7cPlayer_7c_20_7cTotal_20Regular_20Season_20Receiving_20Touchdowns_7c
Caesars,IL,2026,DJ Moore,receiving_tds,6.5,Over,125,2.25,2026-07-19T00:28:40-05:00,abefdf58-2fdb-3fea-a55f-12c2e41d32e5,91ac42d5-94e9-34d0-acd5-8520c68115d0,https://api.americanwagering.com/regions/us/locations/il/brands/czr/sb/v4/sports/americanfootball/tabs/FUTURE_BETS%7CPlayer%20Futures/secondary/_7cPlayer_7c_20_7cTotal_20Regular_20Season_20Receiving_20Touchdowns_7c
Caesars,IL,2026,DJ Moore,receiving_tds,6.5,Under,-155,1.64516,2026-07-19T00:28:40-05:00,abefdf58-2fdb-3fea-a55f-12c2e41d32e5,2ed53fcb-3add-3884-a0c5-c22eff4f46b1,https://api.americanwagering.com/regions/us/locations/il/brands/czr/sb/v4/sports/americanfootball/tabs/FUTURE_BETS%7CPlayer%20Futures/secondary/_7cPlayer_7c_20_7cTotal_20Regular_20Season_20Receiving_20Touchdowns_7c
Caesars,IL,2026,DK Metcalf,receiving_tds,5.5,Over,100,2.0,2026-07-19T00:28:40-05:00,5f052b12-6460-3ddf-bfe1-2e9bebff29c9,06015c7a-00ce-3033-8743-ac3943e981ba,https://api.americanwagering.com/regions/us/locations/il/brands/czr/sb/v4/sports/americanfootball/tabs/FUTURE_BETS%7CPlayer%20Futures/secondary/_7cPlayer_7c_20_7cTotal_20Regular_20Season_20Receiving_20Touchdowns_7c
Caesars,IL,2026,DK Metcalf,receiving_tds,5.5,Under,-130,1.77,2026-07-19T00:28:40-05:00,5f052b12-6460-3ddf-bfe1-2e9bebff29c9,77a30eb6-cc17-371b-b692-854315ca0e9a,https://api.americanwagering.com/regions/us/locations/il/brands/czr/sb/v4/sports/americanfootball/tabs/FUTURE_BETS%7CPlayer%20Futures/secondary/_7cPlayer_7c_20_7cTotal_20Regular_20Season_20Receiving_20Touchdowns_7c
Caesars,IL,2026,Drake London,receiving_tds,7.5,Over,115,2.15,2026-07-19T00:28:40-05:00,39685095-2a45-30f0-95e2-c72ef231c495,7ba3f997-8c78-3c4e-bdd7-0d9a99f23bef,https://api.americanwagering.com/regions/us/locations/il/brands/czr/sb/v4/sports/americanfootball/tabs/FUTURE_BETS%7CPlayer%20Futures/secondary/_7cPlayer_7c_20_7cTotal_20Regular_20Season_20Receiving_20Touchdowns_7c
Caesars,IL,2026,Drake London,receiving_tds,7.5,Under,-145,1.68966,2026-07-19T00:28:40-05:00,39685095-2a45-30f0-95e2-c72ef231c495,ae989b83-8ecd-3c2b-b37e-16e3d7a86339,https://api.americanwagering.com/regions/us/locations/il/brands/czr/sb/v4/sports/americanfootball/tabs/FUTURE_BETS%7CPlayer%20Futures/secondary/_7cPlayer_7c_20_7cTotal_20Regular_20Season_20Receiving_20Touchdowns_7c
Caesars,IL,2026,Emeka Egbuka,receiving_tds,6.5,Over,115,2.15,2026-07-19T00:28:40-05:00,1a486f1e-790a-3d79-8092-708f801a623d,2cf18a10-5f15-33ab-a907-5e86f61c2571,https://api.americanwagering.com/regions/us/locations/il/brands/czr/sb/v4/sports/americanfootball/tabs/FUTURE_BETS%7CPlayer%20Futures/secondary/_7cPlayer_7c_20_7cTotal_20Regular_20Season_20Receiving_20Touchdowns_7c
Caesars,IL,2026,Emeka Egbuka,receiving_tds,6.5,Under,-145,1.68966,2026-07-19T00:28:40-05:00,1a486f1e-790a-3d79-8092-708f801a623d,9127d8d7-6fc1-33e5-97d3-6f46b4496d2c,https://api.americanwagering.com/regions/us/locations/il/brands/czr/sb/v4/sports/americanfootball/tabs/FUTURE_BETS%7CPlayer%20Futures/secondary/_7cPlayer_7c_20_7cTotal_20Regular_20Season_20Receiving_20Touchdowns_7c
Caesars,IL,2026,Garrett Wilson,receiving_tds,4.5,Over,-115,1.86957,2026-07-19T00:28:40-05:00,c3587ae4-9ab7-3332-8105-166ccb5b716c,9c74f5cd-d1de-30ca-98c1-9faa9694fbc9,https://api.americanwagering.com/regions/us/locations/il/brands/czr/sb/v4/sports/americanfootball/tabs/FUTURE_BETS%7CPlayer%20Futures/secondary/_7cPlayer_7c_20_7cTotal_20Regular_20Season_20Receiving_20Touchdowns_7c
Caesars,IL,2026,Garrett Wilson,receiving_tds,4.5,Under,-115,1.86957,2026-07-19T00:28:40-05:00,c3587ae4-9ab7-3332-8105-166ccb5b716c,637b8cd8-bb48-326d-a970-f90e7caba7b7,https://api.americanwagering.com/regions/us/locations/il/brands/czr/sb/v4/sports/americanfootball/tabs/FUTURE_BETS%7CPlayer%20Futures/secondary/_7cPlayer_7c_20_7cTotal_20Regular_20Season_20Receiving_20Touchdowns_7c
Caesars,IL,2026,George Pickens,receiving_tds,7.5,Over,125,2.25,2026-07-19T00:28:40-05:00,7961d60c-850c-3185-9a50-61f02a589abd,af1a32e7-7433-3f15-a9e9-631a9b84dfc9,https://api.americanwagering.com/regions/us/locations/il/brands/czr/sb/v4/sports/americanfootball/tabs/FUTURE_BETS%7CPlayer%20Futures/secondary/_7cPlayer_7c_20_7cTotal_20Regular_20Season_20Receiving_20Touchdowns_7c
Caesars,IL,2026,George Pickens,receiving_tds,7.5,Under,-155,1.64516,2026-07-19T00:28:40-05:00,7961d60c-850c-3185-9a50-61f02a589abd,722b1c46-ec0a-3abc-a199-148068801dd0,https://api.americanwagering.com/regions/us/locations/il/brands/czr/sb/v4/sports/americanfootball/tabs/FUTURE_BETS%7CPlayer%20Futures/secondary/_7cPlayer_7c_20_7cTotal_20Regular_20Season_20Receiving_20Touchdowns_7c
Caesars,IL,2026,Hunter Henry,receiving_tds,4.5,Over,120,2.2,2026-07-19T00:28:40-05:00,6576fd01-c376-3479-85e0-38fbe98c8eeb,1241829f-bae8-313d-b153-31c613ca65a9,https://api.americanwagering.com/regions/us/locations/il/brands/czr/sb/v4/sports/americanfootball/tabs/FUTURE_BETS%7CPlayer%20Futures/secondary/_7cPlayer_7c_20_7cTotal_20Regular_20Season_20Receiving_20Touchdowns_7c
Caesars,IL,2026,Hunter Henry,receiving_tds,4.5,Under,-150,1.66667,2026-07-19T00:28:40-05:00,6576fd01-c376-3479-85e0-38fbe98c8eeb,18ee8314-db8d-30b2-b519-e4b3931bd92f,https://api.americanwagering.com/regions/us/locations/il/brands/czr/sb/v4/sports/americanfootball/tabs/FUTURE_BETS%7CPlayer%20Futures/secondary/_7cPlayer_7c_20_7cTotal_20Regular_20Season_20Receiving_20Touchdowns_7c
Caesars,IL,2026,Isaiah Likely,receiving_tds,3.5,Over,110,2.1,2026-07-19T00:28:40-05:00,bdda4dde-4e12-379b-8b7b-02c131450189,c4dbdf05-4301-39b3-ae87-7463fa7037e0,https://api.americanwagering.com/regions/us/locations/il/brands/czr/sb/v4/sports/americanfootball/tabs/FUTURE_BETS%7CPlayer%20Futures/secondary/_7cPlayer_7c_20_7cTotal_20Regular_20Season_20Receiving_20Touchdowns_7c
Caesars,IL,2026,Isaiah Likely,receiving_tds,3.5,Under,-140,1.71429,2026-07-19T00:28:40-05:00,bdda4dde-4e12-379b-8b7b-02c131450189,22105c22-bec7-31a0-b642-a20e69589ae3,https://api.americanwagering.com/regions/us/locations/il/brands/czr/sb/v4/sports/americanfootball/tabs/FUTURE_BETS%7CPlayer%20Futures/secondary/_7cPlayer_7c_20_7cTotal_20Regular_20Season_20Receiving_20Touchdowns_7c
Caesars,IL,2026,Ja'Marr Chase,receiving_tds,9.5,Over,-145,1.68966,2026-07-19T00:28:40-05:00,deda7805-45ad-3309-b912-45d1d6151bb2,e3a4148f-d150-3869-9e95-ba1eaa3929fd,https://api.americanwagering.com/regions/us/locations/il/brands/czr/sb/v4/sports/americanfootball/tabs/FUTURE_BETS%7CPlayer%20Futures/secondary/_7cPlayer_7c_20_7cTotal_20Regular_20Season_20Receiving_20Touchdowns_7c
Caesars,IL,2026,Ja'Marr Chase,receiving_tds,9.5,Under,115,2.15,2026-07-19T00:28:40-05:00,deda7805-45ad-3309-b912-45d1d6151bb2,3ba68eed-3aca-38d3-841b-0eafafb93640,https://api.americanwagering.com/regions/us/locations/il/brands/czr/sb/v4/sports/americanfootball/tabs/FUTURE_BETS%7CPlayer%20Futures/secondary/_7cPlayer_7c_20_7cTotal_20Regular_20Season_20Receiving_20Touchdowns_7c
Caesars,IL,2026,Jahmyr Gibbs,receiving_tds,3.5,Over,100,2.0,2026-07-19T00:28:40-05:00,c7feba01-76da-3ec7-b967-a5ee027a66b2,a499b262-ed47-3d39-a42c-147d6f0fb6eb,https://api.americanwagering.com/regions/us/locations/il/brands/czr/sb/v4/sports/americanfootball/tabs/FUTURE_BETS%7CPlayer%20Futures/secondary/_7cPlayer_7c_20_7cTotal_20Regular_20Season_20Receiving_20Touchdowns_7c
Caesars,IL,2026,Jahmyr Gibbs,receiving_tds,3.5,Under,-130,1.77,2026-07-19T00:28:40-05:00,c7feba01-76da-3ec7-b967-a5ee027a66b2,da297cf1-5883-3928-a7bb-63c5036bfe17,https://api.americanwagering.com/regions/us/locations/il/brands/czr/sb/v4/sports/americanfootball/tabs/FUTURE_BETS%7CPlayer%20Futures/secondary/_7cPlayer_7c_20_7cTotal_20Regular_20Season_20Receiving_20Touchdowns_7c
Caesars,IL,2026,Jake Ferguson,receiving_tds,4.5,Over,-115,1.86957,2026-07-19T00:28:40-05:00,f5830d4d-2ef9-3bd9-a847-94c5be60ed94,8034d928-aaee-38f5-a427-78cc88180aa8,https://api.americanwagering.com/regions/us/locations/il/brands/czr/sb/v4/sports/americanfootball/tabs/FUTURE_BETS%7CPlayer%20Futures/secondary/_7cPlayer_7c_20_7cTotal_20Regular_20Season_20Receiving_20Touchdowns_7c
Caesars,IL,2026,Jake Ferguson,receiving_tds,4.5,Under,-115,1.86957,2026-07-19T00:28:40-05:00,f5830d4d-2ef9-3bd9-a847-94c5be60ed94,4b935a8c-a1a4-353b-b2e9-03c74b6dfee6,https://api.americanwagering.com/regions/us/locations/il/brands/czr/sb/v4/sports/americanfootball/tabs/FUTURE_BETS%7CPlayer%20Futures/secondary/_7cPlayer_7c_20_7cTotal_20Regular_20Season_20Receiving_20Touchdowns_7c
Caesars,IL,2026,Jakobi Meyers,receiving_tds,5.5,Over,125,2.25,2026-07-19T00:28:40-05:00,49058c59-4cd4-315b-a38b-75457ed4f353,de094f72-5333-3b34-b249-1c9532de434b,https://api.americanwagering.com/regions/us/locations/il/brands/czr/sb/v4/sports/americanfootball/tabs/FUTURE_BETS%7CPlayer%20Futures/secondary/_7cPlayer_7c_20_7cTotal_20Regular_20Season_20Receiving_20Touchdowns_7c
Caesars,IL,2026,Jakobi Meyers,receiving_tds,5.5,Under,-155,1.64516,2026-07-19T00:28:40-05:00,49058c59-4cd4-315b-a38b-75457ed4f353,5834ddf9-e864-3d5d-921b-6ad8a3559b6d,https://api.americanwagering.com/regions/us/locations/il/brands/czr/sb/v4/sports/americanfootball/tabs/FUTURE_BETS%7CPlayer%20Futures/secondary/_7cPlayer_7c_20_7cTotal_20Regular_20Season_20Receiving_20Touchdowns_7c
Caesars,IL,2026,Jameson Williams,receiving_tds,5.5,Over,-115,1.86957,2026-07-19T00:28:40-05:00,d269287e-2a41-378b-a184-a49dda68bfbe,e9871a7d-a0a6-3bd1-9f86-3f4c10e7d722,https://api.americanwagering.com/regions/us/locations/il/brands/czr/sb/v4/sports/americanfootball/tabs/FUTURE_BETS%7CPlayer%20Futures/secondary/_7cPlayer_7c_20_7cTotal_20Regular_20Season_20Receiving_20Touchdowns_7c
Caesars,IL,2026,Jameson Williams,receiving_tds,5.5,Under,-115,1.86957,2026-07-19T00:28:40-05:00,d269287e-2a41-378b-a184-a49dda68bfbe,451188b5-c776-3e30-bb1a-1ea2bcc2896e,https://api.americanwagering.com/regions/us/locations/il/brands/czr/sb/v4/sports/americanfootball/tabs/FUTURE_BETS%7CPlayer%20Futures/secondary/_7cPlayer_7c_20_7cTotal_20Regular_20Season_20Receiving_20Touchdowns_7c
Caesars,IL,2026,Jaxon Smith-Njigba,receiving_tds,8.5,Over,100,2.0,2026-07-19T00:28:40-05:00,ba28770a-810d-3c49-a320-e83923a6e8ad,46d3a478-000f-3cb6-8fda-7d670ba33af2,https://api.americanwagering.com/regions/us/locations/il/brands/czr/sb/v4/sports/americanfootball/tabs/FUTURE_BETS%7CPlayer%20Futures/secondary/_7cPlayer_7c_20_7cTotal_20Regular_20Season_20Receiving_20Touchdowns_7c
Caesars,IL,2026,Jaxon Smith-Njigba,receiving_tds,8.5,Under,-130,1.77,2026-07-19T00:28:40-05:00,ba28770a-810d-3c49-a320-e83923a6e8ad,0529dc95-e622-3fd1-8133-09aa255ed43f,https://api.americanwagering.com/regions/us/locations/il/brands/czr/sb/v4/sports/americanfootball/tabs/FUTURE_BETS%7CPlayer%20Futures/secondary/_7cPlayer_7c_20_7cTotal_20Regular_20Season_20Receiving_20Touchdowns_7c
Caesars,IL,2026,Jaylen Waddle,receiving_tds,5.5,Over,100,2.0,2026-07-19T00:28:40-05:00,11245a58-5970-339b-adcc-bdf3baaf6ffc,bd81439d-8963-3d65-a848-ae818072f918,https://api.americanwagering.com/regions/us/locations/il/brands/czr/sb/v4/sports/americanfootball/tabs/FUTURE_BETS%7CPlayer%20Futures/secondary/_7cPlayer_7c_20_7cTotal_20Regular_20Season_20Receiving_20Touchdowns_7c
Caesars,IL,2026,Jaylen Waddle,receiving_tds,5.5,Under,-130,1.77,2026-07-19T00:28:40-05:00,11245a58-5970-339b-adcc-bdf3baaf6ffc,11f88106-e062-3d67-b45b-9c53b9cd2f32,https://api.americanwagering.com/regions/us/locations/il/brands/czr/sb/v4/sports/americanfootball/tabs/FUTURE_BETS%7CPlayer%20Futures/secondary/_7cPlayer_7c_20_7cTotal_20Regular_20Season_20Receiving_20Touchdowns_7c
Caesars,IL,2026,Jordan Addison,receiving_tds,4.5,Over,-115,1.86957,2026-07-19T00:28:40-05:00,d588f150-ef10-3503-a93f-e97b3aadc0be,6a49c759-8adc-38b1-bc99-be3ed85fa91a,https://api.americanwagering.com/regions/us/locations/il/brands/czr/sb/v4/sports/americanfootball/tabs/FUTURE_BETS%7CPlayer%20Futures/secondary/_7cPlayer_7c_20_7cTotal_20Regular_20Season_20Receiving_20Touchdowns_7c
Caesars,IL,2026,Jordan Addison,receiving_tds,4.5,Under,-115,1.86957,2026-07-19T00:28:40-05:00,d588f150-ef10-3503-a93f-e97b3aadc0be,7371a7c9-c83b-33a9-8141-b0b89a2f750a,https://api.americanwagering.com/regions/us/locations/il/brands/czr/sb/v4/sports/americanfootball/tabs/FUTURE_BETS%7CPlayer%20Futures/secondary/_7cPlayer_7c_20_7cTotal_20Regular_20Season_20Receiving_20Touchdowns_7c
Caesars,IL,2026,Jordyn Tyson,receiving_tds,4.5,Over,100,2.0,2026-07-19T00:28:40-05:00,390f45c1-5f9b-320b-9f94-fe35220ea3a0,c1977752-9d19-341d-947c-a08ff850251d,https://api.americanwagering.com/regions/us/locations/il/brands/czr/sb/v4/sports/americanfootball/tabs/FUTURE_BETS%7CPlayer%20Futures/secondary/_7cPlayer_7c_20_7cTotal_20Regular_20Season_20Receiving_20Touchdowns_7c
Caesars,IL,2026,Jordyn Tyson,receiving_tds,4.5,Under,-130,1.77,2026-07-19T00:28:40-05:00,390f45c1-5f9b-320b-9f94-fe35220ea3a0,1854fd4b-a882-32aa-ba9d-be68e13ceef8,https://api.americanwagering.com/regions/us/locations/il/brands/czr/sb/v4/sports/americanfootball/tabs/FUTURE_BETS%7CPlayer%20Futures/secondary/_7cPlayer_7c_20_7cTotal_20Regular_20Season_20Receiving_20Touchdowns_7c
Caesars,IL,2026,Justin Jefferson,receiving_tds,7.5,Over,100,2.0,2026-07-19T00:28:40-05:00,86ff2405-38c8-31fd-8be2-7182f2283311,9168c21d-fe9f-3025-a17d-5ad89d59c084,https://api.americanwagering.com/regions/us/locations/il/brands/czr/sb/v4/sports/americanfootball/tabs/FUTURE_BETS%7CPlayer%20Futures/secondary/_7cPlayer_7c_20_7cTotal_20Regular_20Season_20Receiving_20Touchdowns_7c
Caesars,IL,2026,Justin Jefferson,receiving_tds,7.5,Under,-130,1.77,2026-07-19T00:28:40-05:00,86ff2405-38c8-31fd-8be2-7182f2283311,3a441080-7460-3655-b294-754d6c6768d2,https://api.americanwagering.com/regions/us/locations/il/brands/czr/sb/v4/sports/americanfootball/tabs/FUTURE_BETS%7CPlayer%20Futures/secondary/_7cPlayer_7c_20_7cTotal_20Regular_20Season_20Receiving_20Touchdowns_7c
Caesars,IL,2026,Kenyon Sadiq,receiving_tds,3.5,Over,115,2.15,2026-07-19T00:28:40-05:00,f14a086b-9684-3034-b156-13ab4fb0f1f1,8ecde0f7-adfc-3e07-a631-2d515ec2729e,https://api.americanwagering.com/regions/us/locations/il/brands/czr/sb/v4/sports/americanfootball/tabs/FUTURE_BETS%7CPlayer%20Futures/secondary/_7cPlayer_7c_20_7cTotal_20Regular_20Season_20Receiving_20Touchdowns_7c
Caesars,IL,2026,Kenyon Sadiq,receiving_tds,3.5,Under,-145,1.68966,2026-07-19T00:28:40-05:00,f14a086b-9684-3034-b156-13ab4fb0f1f1,42872d56-c365-3b79-8904-78f313f5e236,https://api.americanwagering.com/regions/us/locations/il/brands/czr/sb/v4/sports/americanfootball/tabs/FUTURE_BETS%7CPlayer%20Futures/secondary/_7cPlayer_7c_20_7cTotal_20Regular_20Season_20Receiving_20Touchdowns_7c
Caesars,IL,2026,Kyle Pitts,receiving_tds,4.5,Over,100,2.0,2026-07-19T00:28:40-05:00,8bd27061-5700-3457-b577-4cedc266a1eb,7797087d-c0a7-355c-aeb1-9e3750dc7983,https://api.americanwagering.com/regions/us/locations/il/brands/czr/sb/v4/sports/americanfootball/tabs/FUTURE_BETS%7CPlayer%20Futures/secondary/_7cPlayer_7c_20_7cTotal_20Regular_20Season_20Receiving_20Touchdowns_7c
Caesars,IL,2026,Kyle Pitts,receiving_tds,4.5,Under,-130,1.77,2026-07-19T00:28:40-05:00,8bd27061-5700-3457-b577-4cedc266a1eb,5f1a6a51-5d57-34e3-95ce-4724a5b394b3,https://api.americanwagering.com/regions/us/locations/il/brands/czr/sb/v4/sports/americanfootball/tabs/FUTURE_BETS%7CPlayer%20Futures/secondary/_7cPlayer_7c_20_7cTotal_20Regular_20Season_20Receiving_20Touchdowns_7c
Caesars,IL,2026,Ladd McConkey,receiving_tds,5.5,Over,100,2.0,2026-07-19T00:28:40-05:00,c85b86f2-922c-3a48-a1e2-71ea9a35cbaf,bf99e44c-13bc-32d9-899e-5f3b06bc32f1,https://api.americanwagering.com/regions/us/locations/il/brands/czr/sb/v4/sports/americanfootball/tabs/FUTURE_BETS%7CPlayer%20Futures/secondary/_7cPlayer_7c_20_7cTotal_20Regular_20Season_20Receiving_20Touchdowns_7c
Caesars,IL,2026,Ladd McConkey,receiving_tds,5.5,Under,-130,1.77,2026-07-19T00:28:40-05:00,c85b86f2-922c-3a48-a1e2-71ea9a35cbaf,00f13e5a-1990-3bce-8380-75c70b525b6a,https://api.americanwagering.com/regions/us/locations/il/brands/czr/sb/v4/sports/americanfootball/tabs/FUTURE_BETS%7CPlayer%20Futures/secondary/_7cPlayer_7c_20_7cTotal_20Regular_20Season_20Receiving_20Touchdowns_7c
Caesars,IL,2026,Luther Burden III,receiving_tds,4.5,Over,100,2.0,2026-07-19T00:28:40-05:00,241c2883-6c91-32c9-93a8-c5f06d9cc046,532af7c7-69e1-355f-81e9-2601b8c0240a,https://api.americanwagering.com/regions/us/locations/il/brands/czr/sb/v4/sports/americanfootball/tabs/FUTURE_BETS%7CPlayer%20Futures/secondary/_7cPlayer_7c_20_7cTotal_20Regular_20Season_20Receiving_20Touchdowns_7c
Caesars,IL,2026,Luther Burden III,receiving_tds,4.5,Under,-130,1.77,2026-07-19T00:28:40-05:00,241c2883-6c91-32c9-93a8-c5f06d9cc046,0430a2c6-3e32-3601-8ea5-a3faa6e900a4,https://api.americanwagering.com/regions/us/locations/il/brands/czr/sb/v4/sports/americanfootball/tabs/FUTURE_BETS%7CPlayer%20Futures/secondary/_7cPlayer_7c_20_7cTotal_20Regular_20Season_20Receiving_20Touchdowns_7c
Caesars,IL,2026,Mark Andrews,receiving_tds,5.5,Over,-115,1.86957,2026-07-19T00:28:40-05:00,acfd785e-c955-3418-af4b-bad4bfe06fa5,c4a1fb4a-ae32-336d-a264-0358aa8daca6,https://api.americanwagering.com/regions/us/locations/il/brands/czr/sb/v4/sports/americanfootball/tabs/FUTURE_BETS%7CPlayer%20Futures/secondary/_7cPlayer_7c_20_7cTotal_20Regular_20Season_20Receiving_20Touchdowns_7c
Caesars,IL,2026,Mark Andrews,receiving_tds,5.5,Under,-115,1.86957,2026-07-19T00:28:40-05:00,acfd785e-c955-3418-af4b-bad4bfe06fa5,76f37001-c630-3f84-a06f-a76148c13ae1,https://api.americanwagering.com/regions/us/locations/il/brands/czr/sb/v4/sports/americanfootball/tabs/FUTURE_BETS%7CPlayer%20Futures/secondary/_7cPlayer_7c_20_7cTotal_20Regular_20Season_20Receiving_20Touchdowns_7c
Caesars,IL,2026,Marvin Harrison Jr.,receiving_tds,5.5,Over,115,2.15,2026-07-19T00:28:40-05:00,af1f65bb-6b24-3493-8902-29361e0792e5,fde5b4a5-fd00-3b71-aacd-258cb0799b31,https://api.americanwagering.com/regions/us/locations/il/brands/czr/sb/v4/sports/americanfootball/tabs/FUTURE_BETS%7CPlayer%20Futures/secondary/_7cPlayer_7c_20_7cTotal_20Regular_20Season_20Receiving_20Touchdowns_7c
Caesars,IL,2026,Marvin Harrison Jr.,receiving_tds,5.5,Under,-145,1.68966,2026-07-19T00:28:40-05:00,af1f65bb-6b24-3493-8902-29361e0792e5,644f569a-b938-3ef0-babe-e6abe7b321ef,https://api.americanwagering.com/regions/us/locations/il/brands/czr/sb/v4/sports/americanfootball/tabs/FUTURE_BETS%7CPlayer%20Futures/secondary/_7cPlayer_7c_20_7cTotal_20Regular_20Season_20Receiving_20Touchdowns_7c
Caesars,IL,2026,Michael Pittman Jr,receiving_tds,4.5,Over,125,2.25,2026-07-19T00:28:40-05:00,023649e2-334a-31e3-9474-7a6617867187,e2199b66-32c6-3cc4-9106-d2ef45184af1,https://api.americanwagering.com/regions/us/locations/il/brands/czr/sb/v4/sports/americanfootball/tabs/FUTURE_BETS%7CPlayer%20Futures/secondary/_7cPlayer_7c_20_7cTotal_20Regular_20Season_20Receiving_20Touchdowns_7c
Caesars,IL,2026,Michael Pittman Jr,receiving_tds,4.5,Under,-155,1.64516,2026-07-19T00:28:40-05:00,023649e2-334a-31e3-9474-7a6617867187,ffc07e85-c3a7-347e-ad44-e5c1a11e12a3,https://api.americanwagering.com/regions/us/locations/il/brands/czr/sb/v4/sports/americanfootball/tabs/FUTURE_BETS%7CPlayer%20Futures/secondary/_7cPlayer_7c_20_7cTotal_20Regular_20Season_20Receiving_20Touchdowns_7c
Caesars,IL,2026,Mike Evans,receiving_tds,6.5,Over,110,2.1,2026-07-19T00:28:40-05:00,4fdcb884-a99e-328a-a8f3-fee981148cc8,bde6b3ac-e879-3bfd-af50-85d3959d60e3,https://api.americanwagering.com/regions/us/locations/il/brands/czr/sb/v4/sports/americanfootball/tabs/FUTURE_BETS%7CPlayer%20Futures/secondary/_7cPlayer_7c_20_7cTotal_20Regular_20Season_20Receiving_20Touchdowns_7c
Caesars,IL,2026,Mike Evans,receiving_tds,6.5,Under,-140,1.71429,2026-07-19T00:28:40-05:00,4fdcb884-a99e-328a-a8f3-fee981148cc8,c17134ec-ebf5-3086-909d-811e24a2da1a,https://api.americanwagering.com/regions/us/locations/il/brands/czr/sb/v4/sports/americanfootball/tabs/FUTURE_BETS%7CPlayer%20Futures/secondary/_7cPlayer_7c_20_7cTotal_20Regular_20Season_20Receiving_20Touchdowns_7c
Caesars,IL,2026,Nico Collins,receiving_tds,6.5,Over,115,2.15,2026-07-19T00:28:40-05:00,e04163eb-9a6b-362c-8d80-810d7529c3d7,821703ba-80b8-34e1-aa0f-64b30ce289d9,https://api.americanwagering.com/regions/us/locations/il/brands/czr/sb/v4/sports/americanfootball/tabs/FUTURE_BETS%7CPlayer%20Futures/secondary/_7cPlayer_7c_20_7cTotal_20Regular_20Season_20Receiving_20Touchdowns_7c
Caesars,IL,2026,Nico Collins,receiving_tds,6.5,Under,-145,1.68966,2026-07-19T00:28:40-05:00,e04163eb-9a6b-362c-8d80-810d7529c3d7,fbd51883-5256-3c43-bb36-a6f91a625dfd,https://api.americanwagering.com/regions/us/locations/il/brands/czr/sb/v4/sports/americanfootball/tabs/FUTURE_BETS%7CPlayer%20Futures/secondary/_7cPlayer_7c_20_7cTotal_20Regular_20Season_20Receiving_20Touchdowns_7c
Caesars,IL,2026,Omar Cooper Jr.,receiving_tds,3.5,Over,125,2.25,2026-07-19T00:28:40-05:00,b3c2e16f-6427-30dd-bf64-b8bee3b6a910,0e2b7430-5659-3b9a-8e74-4914f56874ef,https://api.americanwagering.com/regions/us/locations/il/brands/czr/sb/v4/sports/americanfootball/tabs/FUTURE_BETS%7CPlayer%20Futures/secondary/_7cPlayer_7c_20_7cTotal_20Regular_20Season_20Receiving_20Touchdowns_7c
Caesars,IL,2026,Omar Cooper Jr.,receiving_tds,3.5,Under,-160,1.625,2026-07-19T00:28:40-05:00,b3c2e16f-6427-30dd-bf64-b8bee3b6a910,4d89fe98-1f08-35b2-ac2e-d53863a97a7d,https://api.americanwagering.com/regions/us/locations/il/brands/czr/sb/v4/sports/americanfootball/tabs/FUTURE_BETS%7CPlayer%20Futures/secondary/_7cPlayer_7c_20_7cTotal_20Regular_20Season_20Receiving_20Touchdowns_7c
Caesars,IL,2026,Parker Washington,receiving_tds,4.5,Over,105,2.05,2026-07-19T00:28:40-05:00,65c04f21-4ad2-3a1b-a2e5-a7b6b9bb3e60,0ce37700-5717-3f6d-aa76-f15fab81ddca,https://api.americanwagering.com/regions/us/locations/il/brands/czr/sb/v4/sports/americanfootball/tabs/FUTURE_BETS%7CPlayer%20Futures/secondary/_7cPlayer_7c_20_7cTotal_20Regular_20Season_20Receiving_20Touchdowns_7c
Caesars,IL,2026,Parker Washington,receiving_tds,4.5,Under,-135,1.74074,2026-07-19T00:28:40-05:00,65c04f21-4ad2-3a1b-a2e5-a7b6b9bb3e60,9d153500-fb67-3091-b537-04f527e47e7a,https://api.americanwagering.com/regions/us/locations/il/brands/czr/sb/v4/sports/americanfootball/tabs/FUTURE_BETS%7CPlayer%20Futures/secondary/_7cPlayer_7c_20_7cTotal_20Regular_20Season_20Receiving_20Touchdowns_7c
Caesars,IL,2026,Puka Nacua,receiving_tds,8.5,Over,120,2.2,2026-07-19T00:28:40-05:00,5ca858e4-658a-3eb6-8207-773c704d770d,0c78886e-a313-3c04-a278-4c5bbf34a13f,https://api.americanwagering.com/regions/us/locations/il/brands/czr/sb/v4/sports/americanfootball/tabs/FUTURE_BETS%7CPlayer%20Futures/secondary/_7cPlayer_7c_20_7cTotal_20Regular_20Season_20Receiving_20Touchdowns_7c
Caesars,IL,2026,Puka Nacua,receiving_tds,8.5,Under,-150,1.66667,2026-07-19T00:28:40-05:00,5ca858e4-658a-3eb6-8207-773c704d770d,35397ac2-8b6f-3d10-bd36-f75ef329a89c,https://api.americanwagering.com/regions/us/locations/il/brands/czr/sb/v4/sports/americanfootball/tabs/FUTURE_BETS%7CPlayer%20Futures/secondary/_7cPlayer_7c_20_7cTotal_20Regular_20Season_20Receiving_20Touchdowns_7c
Caesars,IL,2026,Quentin Johnston,receiving_tds,5.5,Over,100,2.0,2026-07-19T00:28:40-05:00,546da032-4fa4-37a5-bd5d-6f60e939a05c,4dfd8a16-e177-36ac-8957-199b5749776d,https://api.americanwagering.com/regions/us/locations/il/brands/czr/sb/v4/sports/americanfootball/tabs/FUTURE_BETS%7CPlayer%20Futures/secondary/_7cPlayer_7c_20_7cTotal_20Regular_20Season_20Receiving_20Touchdowns_7c
Caesars,IL,2026,Quentin Johnston,receiving_tds,5.5,Under,-130,1.77,2026-07-19T00:28:40-05:00,546da032-4fa4-37a5-bd5d-6f60e939a05c,3f85db69-3a87-3d94-91d7-b1d0b609efca,https://api.americanwagering.com/regions/us/locations/il/brands/czr/sb/v4/sports/americanfootball/tabs/FUTURE_BETS%7CPlayer%20Futures/secondary/_7cPlayer_7c_20_7cTotal_20Regular_20Season_20Receiving_20Touchdowns_7c
Caesars,IL,2026,Rashid Shaheed,receiving_tds,3.5,Over,130,2.3,2026-07-19T00:28:40-05:00,469cd31a-371d-3d15-a753-84bfc5ed0d07,e6127db8-df5d-35e3-8236-3699e9724cf8,https://api.americanwagering.com/regions/us/locations/il/brands/czr/sb/v4/sports/americanfootball/tabs/FUTURE_BETS%7CPlayer%20Futures/secondary/_7cPlayer_7c_20_7cTotal_20Regular_20Season_20Receiving_20Touchdowns_7c
Caesars,IL,2026,Rashid Shaheed,receiving_tds,3.5,Under,-165,1.60606,2026-07-19T00:28:40-05:00,469cd31a-371d-3d15-a753-84bfc5ed0d07,829e0f8b-d810-3685-ba9f-6ad5f5bdb5dd,https://api.americanwagering.com/regions/us/locations/il/brands/czr/sb/v4/sports/americanfootball/tabs/FUTURE_BETS%7CPlayer%20Futures/secondary/_7cPlayer_7c_20_7cTotal_20Regular_20Season_20Receiving_20Touchdowns_7c
Caesars,IL,2026,Rome Odunze,receiving_tds,6.5,Over,-115,1.86957,2026-07-19T00:28:40-05:00,1a6638c9-30ae-3814-95bb-372c7f16db01,e0e94ee6-5471-3d59-8159-5a0024a8ddc7,https://api.americanwagering.com/regions/us/locations/il/brands/czr/sb/v4/sports/americanfootball/tabs/FUTURE_BETS%7CPlayer%20Futures/secondary/_7cPlayer_7c_20_7cTotal_20Regular_20Season_20Receiving_20Touchdowns_7c
Caesars,IL,2026,Rome Odunze,receiving_tds,6.5,Under,-115,1.86957,2026-07-19T00:28:40-05:00,1a6638c9-30ae-3814-95bb-372c7f16db01,780a57a2-2106-3370-a9a3-4f3ebf6bf11f,https://api.americanwagering.com/regions/us/locations/il/brands/czr/sb/v4/sports/americanfootball/tabs/FUTURE_BETS%7CPlayer%20Futures/secondary/_7cPlayer_7c_20_7cTotal_20Regular_20Season_20Receiving_20Touchdowns_7c
Caesars,IL,2026,Romeo Doubs,receiving_tds,4.5,Over,-115,1.86957,2026-07-19T00:28:40-05:00,1af6a074-72ed-349e-b260-f48720579430,109cf3b7-eba9-3c9d-8d7a-c4988289c044,https://api.americanwagering.com/regions/us/locations/il/brands/czr/sb/v4/sports/americanfootball/tabs/FUTURE_BETS%7CPlayer%20Futures/secondary/_7cPlayer_7c_20_7cTotal_20Regular_20Season_20Receiving_20Touchdowns_7c
Caesars,IL,2026,Romeo Doubs,receiving_tds,4.5,Under,-115,1.86957,2026-07-19T00:28:40-05:00,1af6a074-72ed-349e-b260-f48720579430,5320f30b-8606-3692-9fe2-9e79f4d453d9,https://api.americanwagering.com/regions/us/locations/il/brands/czr/sb/v4/sports/americanfootball/tabs/FUTURE_BETS%7CPlayer%20Futures/secondary/_7cPlayer_7c_20_7cTotal_20Regular_20Season_20Receiving_20Touchdowns_7c
Caesars,IL,2026,Sam LaPorta,receiving_tds,4.5,Over,-120,1.83,2026-07-19T00:28:40-05:00,be89dada-4f65-30bd-aa05-e5e6dac1de39,46d149b0-2a73-3104-a980-d41c8bd9d4dc,https://api.americanwagering.com/regions/us/locations/il/brands/czr/sb/v4/sports/americanfootball/tabs/FUTURE_BETS%7CPlayer%20Futures/secondary/_7cPlayer_7c_20_7cTotal_20Regular_20Season_20Receiving_20Touchdowns_7c
Caesars,IL,2026,Sam LaPorta,receiving_tds,4.5,Under,-110,1.91,2026-07-19T00:28:40-05:00,be89dada-4f65-30bd-aa05-e5e6dac1de39,96759e33-1ab6-3147-9cfb-3b5bcf46d3c0,https://api.americanwagering.com/regions/us/locations/il/brands/czr/sb/v4/sports/americanfootball/tabs/FUTURE_BETS%7CPlayer%20Futures/secondary/_7cPlayer_7c_20_7cTotal_20Regular_20Season_20Receiving_20Touchdowns_7c
Caesars,IL,2026,Tee Higgins,receiving_tds,7.5,Over,-130,1.77,2026-07-19T00:28:40-05:00,3ddbc668-c43f-340a-b73a-a4c0f5dc318b,78b761b3-460f-3462-83f2-bfc9d53fa6d1,https://api.americanwagering.com/regions/us/locations/il/brands/czr/sb/v4/sports/americanfootball/tabs/FUTURE_BETS%7CPlayer%20Futures/secondary/_7cPlayer_7c_20_7cTotal_20Regular_20Season_20Receiving_20Touchdowns_7c
Caesars,IL,2026,Tee Higgins,receiving_tds,7.5,Under,100,2.0,2026-07-19T00:28:40-05:00,3ddbc668-c43f-340a-b73a-a4c0f5dc318b,987b5d4a-ac20-3960-83c5-3dce45a1a67f,https://api.americanwagering.com/regions/us/locations/il/brands/czr/sb/v4/sports/americanfootball/tabs/FUTURE_BETS%7CPlayer%20Futures/secondary/_7cPlayer_7c_20_7cTotal_20Regular_20Season_20Receiving_20Touchdowns_7c
Caesars,IL,2026,Terry McLaurin,receiving_tds,5.5,Over,-120,1.83,2026-07-19T00:28:40-05:00,191beeeb-f4e0-30a7-b535-e4d47788b4fd,eb5a9bcf-ee49-379e-b6f0-532bfd7d131f,https://api.americanwagering.com/regions/us/locations/il/brands/czr/sb/v4/sports/americanfootball/tabs/FUTURE_BETS%7CPlayer%20Futures/secondary/_7cPlayer_7c_20_7cTotal_20Regular_20Season_20Receiving_20Touchdowns_7c
Caesars,IL,2026,Terry McLaurin,receiving_tds,5.5,Under,-110,1.91,2026-07-19T00:28:40-05:00,191beeeb-f4e0-30a7-b535-e4d47788b4fd,8dc10747-97b8-3c65-aae2-1787ba34816c,https://api.americanwagering.com/regions/us/locations/il/brands/czr/sb/v4/sports/americanfootball/tabs/FUTURE_BETS%7CPlayer%20Futures/secondary/_7cPlayer_7c_20_7cTotal_20Regular_20Season_20Receiving_20Touchdowns_7c
Caesars,IL,2026,Tetairoa McMillan,receiving_tds,6.5,Over,100,2.0,2026-07-19T00:28:40-05:00,f5578ca4-b461-3ace-bee4-f196ae9c8743,19e8dc36-8ea0-3ce7-af63-82218dfbdefe,https://api.americanwagering.com/regions/us/locations/il/brands/czr/sb/v4/sports/americanfootball/tabs/FUTURE_BETS%7CPlayer%20Futures/secondary/_7cPlayer_7c_20_7cTotal_20Regular_20Season_20Receiving_20Touchdowns_7c
Caesars,IL,2026,Tetairoa McMillan,receiving_tds,6.5,Under,-130,1.77,2026-07-19T00:28:40-05:00,f5578ca4-b461-3ace-bee4-f196ae9c8743,9ffab161-16d6-3ae9-8e2d-6f696b6a9702,https://api.americanwagering.com/regions/us/locations/il/brands/czr/sb/v4/sports/americanfootball/tabs/FUTURE_BETS%7CPlayer%20Futures/secondary/_7cPlayer_7c_20_7cTotal_20Regular_20Season_20Receiving_20Touchdowns_7c
Caesars,IL,2026,Travis Kelce,receiving_tds,4.5,Over,110,2.1,2026-07-19T00:28:40-05:00,a98900f8-1102-3144-b8e7-6f2a968f3f33,cd218382-dc7c-3ce8-a72a-017c46b20960,https://api.americanwagering.com/regions/us/locations/il/brands/czr/sb/v4/sports/americanfootball/tabs/FUTURE_BETS%7CPlayer%20Futures/secondary/_7cPlayer_7c_20_7cTotal_20Regular_20Season_20Receiving_20Touchdowns_7c
Caesars,IL,2026,Travis Kelce,receiving_tds,4.5,Under,-140,1.71429,2026-07-19T00:28:40-05:00,a98900f8-1102-3144-b8e7-6f2a968f3f33,9d13df58-7ccd-3c4a-a3fe-14170f0086d9,https://api.americanwagering.com/regions/us/locations/il/brands/czr/sb/v4/sports/americanfootball/tabs/FUTURE_BETS%7CPlayer%20Futures/secondary/_7cPlayer_7c_20_7cTotal_20Regular_20Season_20Receiving_20Touchdowns_7c
Caesars,IL,2026,Trey McBride,receiving_tds,6.5,Over,115,2.15,2026-07-19T00:28:40-05:00,c17ffad6-5797-32db-b577-bbb5668f1334,062d81e2-e03d-3647-913b-d49ff09dd136,https://api.americanwagering.com/regions/us/locations/il/brands/czr/sb/v4/sports/americanfootball/tabs/FUTURE_BETS%7CPlayer%20Futures/secondary/_7cPlayer_7c_20_7cTotal_20Regular_20Season_20Receiving_20Touchdowns_7c
Caesars,IL,2026,Trey McBride,receiving_tds,6.5,Under,-145,1.68966,2026-07-19T00:28:40-05:00,c17ffad6-5797-32db-b577-bbb5668f1334,30639abc-009f-30b5-abb0-44efa7c50753,https://api.americanwagering.com/regions/us/locations/il/brands/czr/sb/v4/sports/americanfootball/tabs/FUTURE_BETS%7CPlayer%20Futures/secondary/_7cPlayer_7c_20_7cTotal_20Regular_20Season_20Receiving_20Touchdowns_7c
Caesars,IL,2026,Tucker Kraft,receiving_tds,4.5,Over,-120,1.83,2026-07-19T00:28:40-05:00,51668c92-939d-3fd3-91e5-a7c9a0799934,0f72f05a-7048-35ef-9dac-fca0fe568439,https://api.americanwagering.com/regions/us/locations/il/brands/czr/sb/v4/sports/americanfootball/tabs/FUTURE_BETS%7CPlayer%20Futures/secondary/_7cPlayer_7c_20_7cTotal_20Regular_20Season_20Receiving_20Touchdowns_7c
Caesars,IL,2026,Tucker Kraft,receiving_tds,4.5,Under,-110,1.91,2026-07-19T00:28:40-05:00,51668c92-939d-3fd3-91e5-a7c9a0799934,53fea2f9-9454-3d21-a782-cc6ade73d680,https://api.americanwagering.com/regions/us/locations/il/brands/czr/sb/v4/sports/americanfootball/tabs/FUTURE_BETS%7CPlayer%20Futures/secondary/_7cPlayer_7c_20_7cTotal_20Regular_20Season_20Receiving_20Touchdowns_7c
Caesars,IL,2026,Tyler Warren,receiving_tds,4.5,Over,120,2.2,2026-07-19T00:28:40-05:00,d1291a4e-cb4e-3b83-8ef9-951a80133625,b3cac199-3c54-336c-9aa3-35e6fdca8c76,https://api.americanwagering.com/regions/us/locations/il/brands/czr/sb/v4/sports/americanfootball/tabs/FUTURE_BETS%7CPlayer%20Futures/secondary/_7cPlayer_7c_20_7cTotal_20Regular_20Season_20Receiving_20Touchdowns_7c
Caesars,IL,2026,Tyler Warren,receiving_tds,4.5,Under,-150,1.66667,2026-07-19T00:28:40-05:00,d1291a4e-cb4e-3b83-8ef9-951a80133625,b8a669ee-e1b1-390d-9f89-12381cf7c1ee,https://api.americanwagering.com/regions/us/locations/il/brands/czr/sb/v4/sports/americanfootball/tabs/FUTURE_BETS%7CPlayer%20Futures/secondary/_7cPlayer_7c_20_7cTotal_20Regular_20Season_20Receiving_20Touchdowns_7c
Caesars,IL,2026,Xavier Worthy,receiving_tds,4.5,Over,125,2.25,2026-07-19T00:28:40-05:00,cafe2ac7-c7f7-35c0-8fdd-5e6ce663eb6e,2f0eb889-b7c4-3694-b8a8-b844d847928a,https://api.americanwagering.com/regions/us/locations/il/brands/czr/sb/v4/sports/americanfootball/tabs/FUTURE_BETS%7CPlayer%20Futures/secondary/_7cPlayer_7c_20_7cTotal_20Regular_20Season_20Receiving_20Touchdowns_7c
Caesars,IL,2026,Xavier Worthy,receiving_tds,4.5,Under,-155,1.64516,2026-07-19T00:28:40-05:00,cafe2ac7-c7f7-35c0-8fdd-5e6ce663eb6e,612622ee-bc90-33aa-94c3-66683ec7e8f8,https://api.americanwagering.com/regions/us/locations/il/brands/czr/sb/v4/sports/americanfootball/tabs/FUTURE_BETS%7CPlayer%20Futures/secondary/_7cPlayer_7c_20_7cTotal_20Regular_20Season_20Receiving_20Touchdowns_7c
Caesars,IL,2026,Zay Flowers,receiving_tds,5.5,Over,100,2.0,2026-07-19T00:28:40-05:00,0f62de40-04f9-3be2-b54f-bddd93c67299,4c9ac163-490f-3c49-ab4d-e622b330b554,https://api.americanwagering.com/regions/us/locations/il/brands/czr/sb/v4/sports/americanfootball/tabs/FUTURE_BETS%7CPlayer%20Futures/secondary/_7cPlayer_7c_20_7cTotal_20Regular_20Season_20Receiving_20Touchdowns_7c
Caesars,IL,2026,Zay Flowers,receiving_tds,5.5,Under,-130,1.77,2026-07-19T00:28:40-05:00,0f62de40-04f9-3be2-b54f-bddd93c67299,9cc26c57-a863-3c95-b8f3-aa24c7a4d7d8,https://api.americanwagering.com/regions/us/locations/il/brands/czr/sb/v4/sports/americanfootball/tabs/FUTURE_BETS%7CPlayer%20Futures/secondary/_7cPlayer_7c_20_7cTotal_20Regular_20Season_20Receiving_20Touchdowns_7c
BetRivers,IL,2026,Aaron Rodgers,passing_yards,3150.5,Over,-115,1.87,2026-07-19T00:28:40-05:00,2650864938,4199310034,https://il.betrivers.com/api/service/sportsbook/offering/listview/filtered/events?cageCode=847
BetRivers,IL,2026,Aaron Rodgers,passing_yards,3150.5,Under,-106,1.95,2026-07-19T00:28:40-05:00,2650864938,4199310035,https://il.betrivers.com/api/service/sportsbook/offering/listview/filtered/events?cageCode=847
BetRivers,IL,2026,Baker Mayfield,passing_yards,3550.5,Over,-110,1.91,2026-07-19T00:28:40-05:00,2644978748,4179902273,https://il.betrivers.com/api/service/sportsbook/offering/listview/filtered/events?cageCode=847
BetRivers,IL,2026,Baker Mayfield,passing_yards,3550.5,Under,-110,1.91,2026-07-19T00:28:40-05:00,2644978748,4179902275,https://il.betrivers.com/api/service/sportsbook/offering/listview/filtered/events?cageCode=847
BetRivers,IL,2026,Bo Nix,passing_yards,3450.5,Over,-115,1.87,2026-07-19T00:28:40-05:00,2644961887,4179873544,https://il.betrivers.com/api/service/sportsbook/offering/listview/filtered/events?cageCode=847
BetRivers,IL,2026,Bo Nix,passing_yards,3450.5,Under,-106,1.95,2026-07-19T00:28:40-05:00,2644961887,4179873545,https://il.betrivers.com/api/service/sportsbook/offering/listview/filtered/events?cageCode=847
BetRivers,IL,2026,Brock Purdy,passing_yards,3750.5,Over,-110,1.91,2026-07-19T00:28:40-05:00,2666233867,4250782906,https://il.betrivers.com/api/service/sportsbook/offering/listview/filtered/events?cageCode=847
BetRivers,IL,2026,Brock Purdy,passing_yards,3750.5,Under,-110,1.91,2026-07-19T00:28:40-05:00,2666233867,4250782907,https://il.betrivers.com/api/service/sportsbook/offering/listview/filtered/events?cageCode=847
BetRivers,IL,2026,Bryce Young,passing_yards,3100.5,Over,-115,1.87,2026-07-19T00:28:40-05:00,2644978745,4179902268,https://il.betrivers.com/api/service/sportsbook/offering/listview/filtered/events?cageCode=847
BetRivers,IL,2026,Bryce Young,passing_yards,3100.5,Under,-106,1.95,2026-07-19T00:28:40-05:00,2644978745,4179902269,https://il.betrivers.com/api/service/sportsbook/offering/listview/filtered/events?cageCode=847
BetRivers,IL,2026,C.J. Stroud,passing_yards,3600.5,Over,-110,1.91,2026-07-19T00:28:40-05:00,2666233866,4250782904,https://il.betrivers.com/api/service/sportsbook/offering/listview/filtered/events?cageCode=847
BetRivers,IL,2026,C.J. Stroud,passing_yards,3600.5,Under,-110,1.91,2026-07-19T00:28:40-05:00,2666233866,4250782905,https://il.betrivers.com/api/service/sportsbook/offering/listview/filtered/events?cageCode=847
BetRivers,IL,2026,Caleb Williams,passing_yards,3650.5,Over,-121,1.83,2026-07-19T00:28:40-05:00,2661887140,4236141624,https://il.betrivers.com/api/service/sportsbook/offering/listview/filtered/events?cageCode=847
BetRivers,IL,2026,Caleb Williams,passing_yards,3650.5,Under,100,2.0,2026-07-19T00:28:40-05:00,2661887140,4236141625,https://il.betrivers.com/api/service/sportsbook/offering/listview/filtered/events?cageCode=847
BetRivers,IL,2026,Cam Ward,passing_yards,3300.5,Over,-110,1.91,2026-07-19T00:28:40-05:00,2644961881,4179873531,https://il.betrivers.com/api/service/sportsbook/offering/listview/filtered/events?cageCode=847
BetRivers,IL,2026,Cam Ward,passing_yards,3300.5,Under,-110,1.91,2026-07-19T00:28:40-05:00,2644961881,4179873535,https://il.betrivers.com/api/service/sportsbook/offering/listview/filtered/events?cageCode=847
BetRivers,IL,2026,Dak Prescott,passing_yards,4000.5,Over,-110,1.91,2026-07-19T00:28:40-05:00,2644968402,4179887464,https://il.betrivers.com/api/service/sportsbook/offering/listview/filtered/events?cageCode=847
BetRivers,IL,2026,Dak Prescott,passing_yards,4000.5,Under,-110,1.91,2026-07-19T00:28:40-05:00,2644968402,4179887467,https://il.betrivers.com/api/service/sportsbook/offering/listview/filtered/events?cageCode=847
BetRivers,IL,2026,Drake Maye,passing_yards,3750.5,Over,-117,1.86,2026-07-19T00:28:40-05:00,2644961880,4179873530,https://il.betrivers.com/api/service/sportsbook/offering/listview/filtered/events?cageCode=847
BetRivers,IL,2026,Drake Maye,passing_yards,3750.5,Under,-107,1.94,2026-07-19T00:28:40-05:00,2644961880,4179873533,https://il.betrivers.com/api/service/sportsbook/offering/listview/filtered/events?cageCode=847
BetRivers,IL,2026,Fernando Mendoza,passing_yards,2350.5,Over,-103,1.98,2026-07-19T00:28:40-05:00,2668716689,4259035227,https://il.betrivers.com/api/service/sportsbook/offering/listview/filtered/events?cageCode=847
BetRivers,IL,2026,Fernando Mendoza,passing_yards,2350.5,Under,-120,1.84,2026-07-19T00:28:40-05:00,2668716689,4259035228,https://il.betrivers.com/api/service/sportsbook/offering/listview/filtered/events?cageCode=847
BetRivers,IL,2026,Jalen Hurts,passing_yards,3250.5,Over,-110,1.91,2026-07-19T00:28:40-05:00,2644968405,4179887468,https://il.betrivers.com/api/service/sportsbook/offering/listview/filtered/events?cageCode=847
BetRivers,IL,2026,Jalen Hurts,passing_yards,3250.5,Under,-110,1.91,2026-07-19T00:28:40-05:00,2644968405,4179887469,https://il.betrivers.com/api/service/sportsbook/offering/listview/filtered/events?cageCode=847
BetRivers,IL,2026,Jared Goff,passing_yards,4000.5,Over,-115,1.87,2026-07-19T00:28:40-05:00,2644968401,4179887460,https://il.betrivers.com/api/service/sportsbook/offering/listview/filtered/events?cageCode=847
BetRivers,IL,2026,Jared Goff,passing_yards,4000.5,Under,-106,1.95,2026-07-19T00:28:40-05:00,2644968401,4179887461,https://il.betrivers.com/api/service/sportsbook/offering/listview/filtered/events?cageCode=847
BetRivers,IL,2026,Jaxson Dart,passing_yards,3200.5,Over,-115,1.87,2026-07-19T00:28:40-05:00,2644968404,4179887463,https://il.betrivers.com/api/service/sportsbook/offering/listview/filtered/events?cageCode=847
BetRivers,IL,2026,Jaxson Dart,passing_yards,3200.5,Under,-106,1.95,2026-07-19T00:28:40-05:00,2644968404,4179887465,https://il.betrivers.com/api/service/sportsbook/offering/listview/filtered/events?cageCode=847
BetRivers,IL,2026,Jayden Daniels,passing_yards,3350.5,Over,-110,1.91,2026-07-19T00:28:40-05:00,2644968403,4179887462,https://il.betrivers.com/api/service/sportsbook/offering/listview/filtered/events?cageCode=847
BetRivers,IL,2026,Jayden Daniels,passing_yards,3350.5,Under,-110,1.91,2026-07-19T00:28:40-05:00,2644968403,4179887466,https://il.betrivers.com/api/service/sportsbook/offering/listview/filtered/events?cageCode=847
BetRivers,IL,2026,Joe Burrow,passing_yards,3950.5,Over,-121,1.83,2026-07-19T00:28:40-05:00,2644961884,4179873538,https://il.betrivers.com/api/service/sportsbook/offering/listview/filtered/events?cageCode=847
BetRivers,IL,2026,Joe Burrow,passing_yards,3950.5,Under,100,2.0,2026-07-19T00:28:40-05:00,2644961884,4179873539,https://il.betrivers.com/api/service/sportsbook/offering/listview/filtered/events?cageCode=847
BetRivers,IL,2026,Jordan Love,passing_yards,3500.5,Over,-110,1.91,2026-07-19T00:28:40-05:00,2644968400,4179887458,https://il.betrivers.com/api/service/sportsbook/offering/listview/filtered/events?cageCode=847
BetRivers,IL,2026,Jordan Love,passing_yards,3500.5,Under,-110,1.91,2026-07-19T00:28:40-05:00,2644968400,4179887459,https://il.betrivers.com/api/service/sportsbook/offering/listview/filtered/events?cageCode=847
BetRivers,IL,2026,Josh Allen,passing_yards,3600.5,Over,-110,1.91,2026-07-19T00:28:40-05:00,2664088172,4243589697,https://il.betrivers.com/api/service/sportsbook/offering/listview/filtered/events?cageCode=847
BetRivers,IL,2026,Josh Allen,passing_yards,3600.5,Under,-110,1.91,2026-07-19T00:28:40-05:00,2664088172,4243589698,https://il.betrivers.com/api/service/sportsbook/offering/listview/filtered/events?cageCode=847
BetRivers,IL,2026,Justin Herbert,passing_yards,3650.5,Over,-115,1.87,2026-07-19T00:28:40-05:00,2644961886,4179873541,https://il.betrivers.com/api/service/sportsbook/offering/listview/filtered/events?cageCode=847
BetRivers,IL,2026,Justin Herbert,passing_yards,3650.5,Under,-106,1.95,2026-07-19T00:28:40-05:00,2644961886,4179873543,https://il.betrivers.com/api/service/sportsbook/offering/listview/filtered/events?cageCode=847
BetRivers,IL,2026,Lamar Jackson,passing_yards,3250.5,Over,-110,1.91,2026-07-19T00:28:40-05:00,2644978808,4179914636,https://il.betrivers.com/api/service/sportsbook/offering/listview/filtered/events?cageCode=847
BetRivers,IL,2026,Lamar Jackson,passing_yards,3250.5,Under,-110,1.91,2026-07-19T00:28:40-05:00,2644978808,4179914637,https://il.betrivers.com/api/service/sportsbook/offering/listview/filtered/events?cageCode=847
BetRivers,IL,2026,Malik Willis,passing_yards,3000.5,Over,-106,1.95,2026-07-19T00:28:40-05:00,2666601871,4251950188,https://il.betrivers.com/api/service/sportsbook/offering/listview/filtered/events?cageCode=847
BetRivers,IL,2026,Malik Willis,passing_yards,3000.5,Under,-115,1.87,2026-07-19T00:28:40-05:00,2666601871,4251950189,https://il.betrivers.com/api/service/sportsbook/offering/listview/filtered/events?cageCode=847
BetRivers,IL,2026,Matthew Stafford,passing_yards,3950.5,Over,-106,1.95,2026-07-19T00:28:40-05:00,2644978746,4179902270,https://il.betrivers.com/api/service/sportsbook/offering/listview/filtered/events?cageCode=847
BetRivers,IL,2026,Matthew Stafford,passing_yards,3950.5,Under,-115,1.87,2026-07-19T00:28:40-05:00,2644978746,4179902271,https://il.betrivers.com/api/service/sportsbook/offering/listview/filtered/events?cageCode=847
BetRivers,IL,2026,Sam Darnold,passing_yards,3750.5,Over,-110,1.91,2026-07-19T00:28:40-05:00,2644978749,4179902276,https://il.betrivers.com/api/service/sportsbook/offering/listview/filtered/events?cageCode=847
BetRivers,IL,2026,Sam Darnold,passing_yards,3750.5,Under,-110,1.91,2026-07-19T00:28:40-05:00,2644978749,4179902277,https://il.betrivers.com/api/service/sportsbook/offering/listview/filtered/events?cageCode=847
BetRivers,IL,2026,Trevor Lawrence,passing_yards,3750.5,Over,-106,1.95,2026-07-19T00:28:40-05:00,2644961885,4179873540,https://il.betrivers.com/api/service/sportsbook/offering/listview/filtered/events?cageCode=847
BetRivers,IL,2026,Trevor Lawrence,passing_yards,3750.5,Under,-115,1.87,2026-07-19T00:28:40-05:00,2644961885,4179873542,https://il.betrivers.com/api/service/sportsbook/offering/listview/filtered/events?cageCode=847
BetRivers,IL,2026,Tyler Shough,passing_yards,3550.5,Over,-115,1.87,2026-07-19T00:28:40-05:00,2644978747,4179902272,https://il.betrivers.com/api/service/sportsbook/offering/listview/filtered/events?cageCode=847
BetRivers,IL,2026,Tyler Shough,passing_yards,3550.5,Under,-106,1.95,2026-07-19T00:28:40-05:00,2644978747,4179902274,https://il.betrivers.com/api/service/sportsbook/offering/listview/filtered/events?cageCode=847
BetRivers,IL,2026,Aaron Rodgers,passing_tds,20.5,Over,-110,1.91,2026-07-19T00:28:40-05:00,2650886034,4199395120,https://il.betrivers.com/api/service/sportsbook/offering/listview/filtered/events?cageCode=847
BetRivers,IL,2026,Aaron Rodgers,passing_tds,20.5,Under,-110,1.91,2026-07-19T00:28:40-05:00,2650886034,4199395123,https://il.betrivers.com/api/service/sportsbook/offering/listview/filtered/events?cageCode=847
BetRivers,IL,2026,Baker Mayfield,passing_tds,25.5,Over,100,2.0,2026-07-19T00:28:40-05:00,2650886025,4199395104,https://il.betrivers.com/api/service/sportsbook/offering/listview/filtered/events?cageCode=847
BetRivers,IL,2026,Baker Mayfield,passing_tds,25.5,Under,-121,1.83,2026-07-19T00:28:40-05:00,2650886025,4199395105,https://il.betrivers.com/api/service/sportsbook/offering/listview/filtered/events?cageCode=847
BetRivers,IL,2026,Bo Nix,passing_tds,24.5,Over,-106,1.95,2026-07-19T00:28:40-05:00,2650886036,4199395126,https://il.betrivers.com/api/service/sportsbook/offering/listview/filtered/events?cageCode=847
BetRivers,IL,2026,Bo Nix,passing_tds,24.5,Under,-115,1.87,2026-07-19T00:28:40-05:00,2650886036,4199395127,https://il.betrivers.com/api/service/sportsbook/offering/listview/filtered/events?cageCode=847
BetRivers,IL,2026,Brock Purdy,passing_tds,27.5,Over,-110,1.91,2026-07-19T00:28:40-05:00,2650886031,4199395114,https://il.betrivers.com/api/service/sportsbook/offering/listview/filtered/events?cageCode=847
BetRivers,IL,2026,Brock Purdy,passing_tds,27.5,Under,-110,1.91,2026-07-19T00:28:40-05:00,2650886031,4199395118,https://il.betrivers.com/api/service/sportsbook/offering/listview/filtered/events?cageCode=847
BetRivers,IL,2026,Bryce Young,passing_tds,20.5,Over,-110,1.91,2026-07-19T00:28:40-05:00,2650886015,4199395083,https://il.betrivers.com/api/service/sportsbook/offering/listview/filtered/events?cageCode=847
BetRivers,IL,2026,Bryce Young,passing_tds,20.5,Under,-110,1.91,2026-07-19T00:28:40-05:00,2650886015,4199395084,https://il.betrivers.com/api/service/sportsbook/offering/listview/filtered/events?cageCode=847
BetRivers,IL,2026,C.J. Stroud,passing_tds,22.5,Over,-110,1.91,2026-07-19T00:28:40-05:00,2650886032,4199395113,https://il.betrivers.com/api/service/sportsbook/offering/listview/filtered/events?cageCode=847
BetRivers,IL,2026,C.J. Stroud,passing_tds,22.5,Under,-110,1.91,2026-07-19T00:28:40-05:00,2650886032,4199395119,https://il.betrivers.com/api/service/sportsbook/offering/listview/filtered/events?cageCode=847
BetRivers,IL,2026,Caleb Williams,passing_tds,24.5,Over,100,2.0,2026-07-19T00:28:40-05:00,2650886022,4199395098,https://il.betrivers.com/api/service/sportsbook/offering/listview/filtered/events?cageCode=847
BetRivers,IL,2026,Caleb Williams,passing_tds,24.5,Under,-121,1.83,2026-07-19T00:28:40-05:00,2650886022,4199395099,https://il.betrivers.com/api/service/sportsbook/offering/listview/filtered/events?cageCode=847
BetRivers,IL,2026,Cam Ward,passing_tds,19.5,Over,100,2.0,2026-07-19T00:28:40-05:00,2650886028,4199395110,https://il.betrivers.com/api/service/sportsbook/offering/listview/filtered/events?cageCode=847
BetRivers,IL,2026,Cam Ward,passing_tds,19.5,Under,-121,1.83,2026-07-19T00:28:40-05:00,2650886028,4199395115,https://il.betrivers.com/api/service/sportsbook/offering/listview/filtered/events?cageCode=847
BetRivers,IL,2026,Dak Prescott,passing_tds,27.5,Over,-106,1.95,2026-07-19T00:28:40-05:00,2650886035,4199395124,https://il.betrivers.com/api/service/sportsbook/offering/listview/filtered/events?cageCode=847
BetRivers,IL,2026,Dak Prescott,passing_tds,27.5,Under,-115,1.87,2026-07-19T00:28:40-05:00,2650886035,4199395125,https://il.betrivers.com/api/service/sportsbook/offering/listview/filtered/events?cageCode=847
BetRivers,IL,2026,Drake Maye,passing_tds,25.5,Over,-121,1.83,2026-07-19T00:28:40-05:00,2650886018,4199395089,https://il.betrivers.com/api/service/sportsbook/offering/listview/filtered/events?cageCode=847
BetRivers,IL,2026,Drake Maye,passing_tds,25.5,Under,100,2.0,2026-07-19T00:28:40-05:00,2650886018,4199395091,https://il.betrivers.com/api/service/sportsbook/offering/listview/filtered/events?cageCode=847
BetRivers,IL,2026,Fernando Mendoza,passing_tds,12.5,Over,-115,1.87,2026-07-19T00:28:40-05:00,2650886037,4199395128,https://il.betrivers.com/api/service/sportsbook/offering/listview/filtered/events?cageCode=847
BetRivers,IL,2026,Fernando Mendoza,passing_tds,12.5,Under,-106,1.95,2026-07-19T00:28:40-05:00,2650886037,4199395129,https://il.betrivers.com/api/service/sportsbook/offering/listview/filtered/events?cageCode=847
BetRivers,IL,2026,Jalen Hurts,passing_tds,22.5,Over,-110,1.91,2026-07-19T00:28:40-05:00,2650886019,4199395092,https://il.betrivers.com/api/service/sportsbook/offering/listview/filtered/events?cageCode=847
BetRivers,IL,2026,Jalen Hurts,passing_tds,22.5,Under,-110,1.91,2026-07-19T00:28:40-05:00,2650886019,4199395093,https://il.betrivers.com/api/service/sportsbook/offering/listview/filtered/events?cageCode=847
BetRivers,IL,2026,Jared Goff,passing_tds,29.5,Over,-110,1.91,2026-07-19T00:28:40-05:00,2650886017,4199395088,https://il.betrivers.com/api/service/sportsbook/offering/listview/filtered/events?cageCode=847
BetRivers,IL,2026,Jared Goff,passing_tds,29.5,Under,-110,1.91,2026-07-19T00:28:40-05:00,2650886017,4199395090,https://il.betrivers.com/api/service/sportsbook/offering/listview/filtered/events?cageCode=847
BetRivers,IL,2026,Jaxson Dart,passing_tds,19.5,Over,-110,1.91,2026-07-19T00:28:40-05:00,2650886020,4199395094,https://il.betrivers.com/api/service/sportsbook/offering/listview/filtered/events?cageCode=847
BetRivers,IL,2026,Jaxson Dart,passing_tds,19.5,Under,-110,1.91,2026-07-19T00:28:40-05:00,2650886020,4199395095,https://il.betrivers.com/api/service/sportsbook/offering/listview/filtered/events?cageCode=847
BetRivers,IL,2026,Jayden Daniels,passing_tds,21.5,Over,100,2.0,2026-07-19T00:28:40-05:00,2650886016,4199395085,https://il.betrivers.com/api/service/sportsbook/offering/listview/filtered/events?cageCode=847
BetRivers,IL,2026,Jayden Daniels,passing_tds,21.5,Under,-121,1.83,2026-07-19T00:28:40-05:00,2650886016,4199395086,https://il.betrivers.com/api/service/sportsbook/offering/listview/filtered/events?cageCode=847
BetRivers,IL,2026,Joe Burrow,passing_tds,32.5,Over,-110,1.91,2026-07-19T00:28:40-05:00,2650886027,4199395108,https://il.betrivers.com/api/service/sportsbook/offering/listview/filtered/events?cageCode=847
BetRivers,IL,2026,Joe Burrow,passing_tds,32.5,Under,-110,1.91,2026-07-19T00:28:40-05:00,2650886027,4199395109,https://il.betrivers.com/api/service/sportsbook/offering/listview/filtered/events?cageCode=847
BetRivers,IL,2026,Jordan Love,passing_tds,24.5,Over,-110,1.91,2026-07-19T00:28:40-05:00,2650886021,4199395096,https://il.betrivers.com/api/service/sportsbook/offering/listview/filtered/events?cageCode=847
BetRivers,IL,2026,Jordan Love,passing_tds,24.5,Under,-110,1.91,2026-07-19T00:28:40-05:00,2650886021,4199395097,https://il.betrivers.com/api/service/sportsbook/offering/listview/filtered/events?cageCode=847
BetRivers,IL,2026,Josh Allen,passing_tds,24.5,Over,-110,1.91,2026-07-19T00:28:40-05:00,2650886023,4199395100,https://il.betrivers.com/api/service/sportsbook/offering/listview/filtered/events?cageCode=847
BetRivers,IL,2026,Josh Allen,passing_tds,24.5,Under,-110,1.91,2026-07-19T00:28:40-05:00,2650886023,4199395101,https://il.betrivers.com/api/service/sportsbook/offering/listview/filtered/events?cageCode=847
BetRivers,IL,2026,Justin Herbert,passing_tds,25.5,Over,-106,1.95,2026-07-19T00:28:40-05:00,2650886033,4199395121,https://il.betrivers.com/api/service/sportsbook/offering/listview/filtered/events?cageCode=847
BetRivers,IL,2026,Justin Herbert,passing_tds,25.5,Under,-115,1.87,2026-07-19T00:28:40-05:00,2650886033,4199395122,https://il.betrivers.com/api/service/sportsbook/offering/listview/filtered/events?cageCode=847
BetRivers,IL,2026,Lamar Jackson,passing_tds,24.5,Over,-110,1.91,2026-07-19T00:28:40-05:00,2650886030,4199395111,https://il.betrivers.com/api/service/sportsbook/offering/listview/filtered/events?cageCode=847
BetRivers,IL,2026,Lamar Jackson,passing_tds,24.5,Under,-110,1.91,2026-07-19T00:28:40-05:00,2650886030,4199395116,https://il.betrivers.com/api/service/sportsbook/offering/listview/filtered/events?cageCode=847
BetRivers,IL,2026,Malik Willis,passing_tds,15.5,Over,112,2.12,2026-07-19T00:28:40-05:00,2655489793,4214812850,https://il.betrivers.com/api/service/sportsbook/offering/listview/filtered/events?cageCode=847
BetRivers,IL,2026,Malik Willis,passing_tds,15.5,Under,-136,1.74,2026-07-19T00:28:40-05:00,2655489793,4214812851,https://il.betrivers.com/api/service/sportsbook/offering/listview/filtered/events?cageCode=847
BetRivers,IL,2026,Matthew Stafford,passing_tds,29.5,Over,-121,1.83,2026-07-19T00:28:40-05:00,2650886014,4199395082,https://il.betrivers.com/api/service/sportsbook/offering/listview/filtered/events?cageCode=847
BetRivers,IL,2026,Matthew Stafford,passing_tds,29.5,Under,100,2.0,2026-07-19T00:28:40-05:00,2650886014,4199395087,https://il.betrivers.com/api/service/sportsbook/offering/listview/filtered/events?cageCode=847
BetRivers,IL,2026,Sam Darnold,passing_tds,23.5,Over,-110,1.91,2026-07-19T00:28:40-05:00,2650886029,4199395112,https://il.betrivers.com/api/service/sportsbook/offering/listview/filtered/events?cageCode=847
BetRivers,IL,2026,Sam Darnold,passing_tds,23.5,Under,-110,1.91,2026-07-19T00:28:40-05:00,2650886029,4199395117,https://il.betrivers.com/api/service/sportsbook/offering/listview/filtered/events?cageCode=847
BetRivers,IL,2026,Trevor Lawrence,passing_tds,25.5,Over,-106,1.95,2026-07-19T00:28:40-05:00,2650886026,4199395106,https://il.betrivers.com/api/service/sportsbook/offering/listview/filtered/events?cageCode=847
BetRivers,IL,2026,Trevor Lawrence,passing_tds,25.5,Under,-115,1.87,2026-07-19T00:28:40-05:00,2650886026,4199395107,https://il.betrivers.com/api/service/sportsbook/offering/listview/filtered/events?cageCode=847
BetRivers,IL,2026,Tyler Shough,passing_tds,18.5,Over,-132,1.76,2026-07-19T00:28:40-05:00,2650886024,4199395102,https://il.betrivers.com/api/service/sportsbook/offering/listview/filtered/events?cageCode=847
BetRivers,IL,2026,Tyler Shough,passing_tds,18.5,Under,108,2.08,2026-07-19T00:28:40-05:00,2650886024,4199395103,https://il.betrivers.com/api/service/sportsbook/offering/listview/filtered/events?cageCode=847
BetRivers,IL,2026,Aaron Jones,rushing_yards,600.5,Over,100,2.0,2026-07-19T00:28:40-05:00,2658875232,4226066082,https://il.betrivers.com/api/service/sportsbook/offering/listview/filtered/events?cageCode=847
BetRivers,IL,2026,Aaron Jones,rushing_yards,600.5,Under,-121,1.83,2026-07-19T00:28:40-05:00,2658875232,4226066083,https://il.betrivers.com/api/service/sportsbook/offering/listview/filtered/events?cageCode=847
BetRivers,IL,2026,Ashton Jeanty,rushing_yards,975.5,Over,-110,1.91,2026-07-19T00:28:40-05:00,2645078659,4180256688,https://il.betrivers.com/api/service/sportsbook/offering/listview/filtered/events?cageCode=847
BetRivers,IL,2026,Ashton Jeanty,rushing_yards,975.5,Under,-110,1.91,2026-07-19T00:28:40-05:00,2645078659,4180256691,https://il.betrivers.com/api/service/sportsbook/offering/listview/filtered/events?cageCode=847
BetRivers,IL,2026,Bhayshul Tuten,rushing_yards,750.5,Over,-106,1.95,2026-07-19T00:28:40-05:00,2655498844,4214858453,https://il.betrivers.com/api/service/sportsbook/offering/listview/filtered/events?cageCode=847
BetRivers,IL,2026,Bhayshul Tuten,rushing_yards,750.5,Under,-115,1.87,2026-07-19T00:28:40-05:00,2655498844,4214858455,https://il.betrivers.com/api/service/sportsbook/offering/listview/filtered/events?cageCode=847
BetRivers,IL,2026,Bijan Robinson,rushing_yards,1175.5,Over,-115,1.87,2026-07-19T00:28:40-05:00,2645078652,4180256675,https://il.betrivers.com/api/service/sportsbook/offering/listview/filtered/events?cageCode=847
BetRivers,IL,2026,Bijan Robinson,rushing_yards,1175.5,Under,-106,1.95,2026-07-19T00:28:40-05:00,2645078652,4180256676,https://il.betrivers.com/api/service/sportsbook/offering/listview/filtered/events?cageCode=847
BetRivers,IL,2026,Blake Corum,rushing_yards,675.5,Over,-110,1.91,2026-07-19T00:28:40-05:00,2655498845,4214858454,https://il.betrivers.com/api/service/sportsbook/offering/listview/filtered/events?cageCode=847
BetRivers,IL,2026,Blake Corum,rushing_yards,675.5,Under,-110,1.91,2026-07-19T00:28:40-05:00,2655498845,4214858456,https://il.betrivers.com/api/service/sportsbook/offering/listview/filtered/events?cageCode=847
BetRivers,IL,2026,Breece Hall,rushing_yards,900.5,Over,-110,1.91,2026-07-19T00:28:40-05:00,2645078655,4180256681,https://il.betrivers.com/api/service/sportsbook/offering/listview/filtered/events?cageCode=847
BetRivers,IL,2026,Breece Hall,rushing_yards,900.5,Under,-110,1.91,2026-07-19T00:28:40-05:00,2645078655,4180256683,https://il.betrivers.com/api/service/sportsbook/offering/listview/filtered/events?cageCode=847
BetRivers,IL,2026,Cam Skattebo,rushing_yards,825.5,Over,-110,1.91,2026-07-19T00:28:40-05:00,2658875239,4226066095,https://il.betrivers.com/api/service/sportsbook/offering/listview/filtered/events?cageCode=847
BetRivers,IL,2026,Cam Skattebo,rushing_yards,825.5,Under,-110,1.91,2026-07-19T00:28:40-05:00,2658875239,4226066098,https://il.betrivers.com/api/service/sportsbook/offering/listview/filtered/events?cageCode=847
BetRivers,IL,2026,Chase Brown,rushing_yards,850.5,Over,-115,1.87,2026-07-19T00:28:40-05:00,2651260631,4200594013,https://il.betrivers.com/api/service/sportsbook/offering/listview/filtered/events?cageCode=847
BetRivers,IL,2026,Chase Brown,rushing_yards,850.5,Under,-106,1.95,2026-07-19T00:28:40-05:00,2651260631,4200594014,https://il.betrivers.com/api/service/sportsbook/offering/listview/filtered/events?cageCode=847
BetRivers,IL,2026,Christian McCaffrey,rushing_yards,950.5,Over,-110,1.91,2026-07-19T00:28:40-05:00,2645078653,4180256677,https://il.betrivers.com/api/service/sportsbook/offering/listview/filtered/events?cageCode=847
BetRivers,IL,2026,Christian McCaffrey,rushing_yards,950.5,Under,-110,1.91,2026-07-19T00:28:40-05:00,2645078653,4180256678,https://il.betrivers.com/api/service/sportsbook/offering/listview/filtered/events?cageCode=847
BetRivers,IL,2026,Chuba Hubbard,rushing_yards,825.5,Over,-110,1.91,2026-07-19T00:28:40-05:00,2658875238,4226066093,https://il.betrivers.com/api/service/sportsbook/offering/listview/filtered/events?cageCode=847
BetRivers,IL,2026,Chuba Hubbard,rushing_yards,825.5,Under,-110,1.91,2026-07-19T00:28:40-05:00,2658875238,4226066097,https://il.betrivers.com/api/service/sportsbook/offering/listview/filtered/events?cageCode=847
BetRivers,IL,2026,D'Andre Swift,rushing_yards,800.5,Over,-106,1.95,2026-07-19T00:28:40-05:00,2666236868,4250788912,https://il.betrivers.com/api/service/sportsbook/offering/listview/filtered/events?cageCode=847
BetRivers,IL,2026,D'Andre Swift,rushing_yards,800.5,Under,-115,1.87,2026-07-19T00:28:40-05:00,2666236868,4250788913,https://il.betrivers.com/api/service/sportsbook/offering/listview/filtered/events?cageCode=847
BetRivers,IL,2026,David Montgomery,rushing_yards,750.5,Over,-121,1.83,2026-07-19T00:28:40-05:00,2645078660,4180256690,https://il.betrivers.com/api/service/sportsbook/offering/listview/filtered/events?cageCode=847
BetRivers,IL,2026,David Montgomery,rushing_yards,750.5,Under,100,2.0,2026-07-19T00:28:40-05:00,2645078660,4180256692,https://il.betrivers.com/api/service/sportsbook/offering/listview/filtered/events?cageCode=847
BetRivers,IL,2026,De'Von Achane,rushing_yards,1000.5,Over,-110,1.91,2026-07-19T00:28:40-05:00,2645078656,4180256682,https://il.betrivers.com/api/service/sportsbook/offering/listview/filtered/events?cageCode=847
BetRivers,IL,2026,De'Von Achane,rushing_yards,1000.5,Under,-110,1.91,2026-07-19T00:28:40-05:00,2645078656,4180256684,https://il.betrivers.com/api/service/sportsbook/offering/listview/filtered/events?cageCode=847
BetRivers,IL,2026,Derrick Henry,rushing_yards,1225.5,Over,100,2.0,2026-07-19T00:28:40-05:00,2651646128,4201900203,https://il.betrivers.com/api/service/sportsbook/offering/listview/filtered/events?cageCode=847
BetRivers,IL,2026,Derrick Henry,rushing_yards,1225.5,Under,-121,1.83,2026-07-19T00:28:40-05:00,2651646128,4201900204,https://il.betrivers.com/api/service/sportsbook/offering/listview/filtered/events?cageCode=847
BetRivers,IL,2026,Drake Maye,rushing_yards,425.5,Over,-106,1.95,2026-07-19T00:28:40-05:00,2651260626,4200594003,https://il.betrivers.com/api/service/sportsbook/offering/listview/filtered/events?cageCode=847
BetRivers,IL,2026,Drake Maye,rushing_yards,425.5,Under,-115,1.87,2026-07-19T00:28:40-05:00,2651260626,4200594004,https://il.betrivers.com/api/service/sportsbook/offering/listview/filtered/events?cageCode=847
BetRivers,IL,2026,J.K. Dobbins,rushing_yards,675.5,Over,-110,1.91,2026-07-19T00:28:40-05:00,2661372369,4234479882,https://il.betrivers.com/api/service/sportsbook/offering/listview/filtered/events?cageCode=847
BetRivers,IL,2026,J.K. Dobbins,rushing_yards,675.5,Under,-110,1.91,2026-07-19T00:28:40-05:00,2661372369,4234479883,https://il.betrivers.com/api/service/sportsbook/offering/listview/filtered/events?cageCode=847
BetRivers,IL,2026,Jacory Croskey-Merritt,rushing_yards,550.5,Over,-110,1.91,2026-07-19T00:28:40-05:00,2658875241,4226066100,https://il.betrivers.com/api/service/sportsbook/offering/listview/filtered/events?cageCode=847
BetRivers,IL,2026,Jacory Croskey-Merritt,rushing_yards,550.5,Under,-110,1.91,2026-07-19T00:28:40-05:00,2658875241,4226066102,https://il.betrivers.com/api/service/sportsbook/offering/listview/filtered/events?cageCode=847
BetRivers,IL,2026,Jadarian Price,rushing_yards,750.5,Over,-110,1.91,2026-07-19T00:28:40-05:00,2658875233,4226066084,https://il.betrivers.com/api/service/sportsbook/offering/listview/filtered/events?cageCode=847
BetRivers,IL,2026,Jadarian Price,rushing_yards,750.5,Under,-110,1.91,2026-07-19T00:28:40-05:00,2658875233,4226066085,https://il.betrivers.com/api/service/sportsbook/offering/listview/filtered/events?cageCode=847
BetRivers,IL,2026,Jahmyr Gibbs,rushing_yards,1200.5,Over,-115,1.87,2026-07-19T00:28:40-05:00,2645078647,4180256665,https://il.betrivers.com/api/service/sportsbook/offering/listview/filtered/events?cageCode=847
BetRivers,IL,2026,Jahmyr Gibbs,rushing_yards,1200.5,Under,-106,1.95,2026-07-19T00:28:40-05:00,2645078647,4180256666,https://il.betrivers.com/api/service/sportsbook/offering/listview/filtered/events?cageCode=847
BetRivers,IL,2026,Jalen Hurts,rushing_yards,400.5,Over,-110,1.91,2026-07-19T00:28:40-05:00,2651260628,4200594007,https://il.betrivers.com/api/service/sportsbook/offering/listview/filtered/events?cageCode=847
BetRivers,IL,2026,Jalen Hurts,rushing_yards,400.5,Under,-110,1.91,2026-07-19T00:28:40-05:00,2651260628,4200594008,https://il.betrivers.com/api/service/sportsbook/offering/listview/filtered/events?cageCode=847
BetRivers,IL,2026,James Cook,rushing_yards,1250.5,Over,-106,1.95,2026-07-19T00:28:40-05:00,2645078654,4180256679,https://il.betrivers.com/api/service/sportsbook/offering/listview/filtered/events?cageCode=847
BetRivers,IL,2026,James Cook,rushing_yards,1250.5,Under,-115,1.87,2026-07-19T00:28:40-05:00,2645078654,4180256680,https://il.betrivers.com/api/service/sportsbook/offering/listview/filtered/events?cageCode=847
BetRivers,IL,2026,Javonte Williams,rushing_yards,950.5,Over,-110,1.91,2026-07-19T00:28:40-05:00,2666233864,4250782900,https://il.betrivers.com/api/service/sportsbook/offering/listview/filtered/events?cageCode=847
BetRivers,IL,2026,Javonte Williams,rushing_yards,950.5,Under,-110,1.91,2026-07-19T00:28:40-05:00,2666233864,4250782901,https://il.betrivers.com/api/service/sportsbook/offering/listview/filtered/events?cageCode=847
BetRivers,IL,2026,Jaxson Dart,rushing_yards,450.5,Over,-110,1.91,2026-07-19T00:28:40-05:00,2651260629,4200594009,https://il.betrivers.com/api/service/sportsbook/offering/listview/filtered/events?cageCode=847
BetRivers,IL,2026,Jaxson Dart,rushing_yards,450.5,Under,-110,1.91,2026-07-19T00:28:40-05:00,2651260629,4200594010,https://il.betrivers.com/api/service/sportsbook/offering/listview/filtered/events?cageCode=847
BetRivers,IL,2026,Jayden Daniels,rushing_yards,575.5,Over,-106,1.95,2026-07-19T00:28:40-05:00,2655498846,4214858457,https://il.betrivers.com/api/service/sportsbook/offering/listview/filtered/events?cageCode=847
BetRivers,IL,2026,Jayden Daniels,rushing_yards,575.5,Under,-115,1.87,2026-07-19T00:28:40-05:00,2655498846,4214858458,https://il.betrivers.com/api/service/sportsbook/offering/listview/filtered/events?cageCode=847
BetRivers,IL,2026,Jaylen Warren,rushing_yards,600.5,Over,-110,1.91,2026-07-19T00:28:40-05:00,2658875240,4226066096,https://il.betrivers.com/api/service/sportsbook/offering/listview/filtered/events?cageCode=847
BetRivers,IL,2026,Jaylen Warren,rushing_yards,600.5,Under,-110,1.91,2026-07-19T00:28:40-05:00,2658875240,4226066099,https://il.betrivers.com/api/service/sportsbook/offering/listview/filtered/events?cageCode=847
BetRivers,IL,2026,Jeremiyah Love,rushing_yards,900.5,Over,-110,1.91,2026-07-19T00:28:40-05:00,2645078649,4180256668,https://il.betrivers.com/api/service/sportsbook/offering/listview/filtered/events?cageCode=847
BetRivers,IL,2026,Jeremiyah Love,rushing_yards,900.5,Under,-110,1.91,2026-07-19T00:28:40-05:00,2645078649,4180256670,https://il.betrivers.com/api/service/sportsbook/offering/listview/filtered/events?cageCode=847
BetRivers,IL,2026,Jonathan Taylor,rushing_yards,1250.5,Over,-110,1.91,2026-07-19T00:28:40-05:00,2645078661,4180256693,https://il.betrivers.com/api/service/sportsbook/offering/listview/filtered/events?cageCode=847
BetRivers,IL,2026,Jonathan Taylor,rushing_yards,1250.5,Under,-110,1.91,2026-07-19T00:28:40-05:00,2645078661,4180256694,https://il.betrivers.com/api/service/sportsbook/offering/listview/filtered/events?cageCode=847
BetRivers,IL,2026,Jordan Mason,rushing_yards,650.5,Over,-110,1.91,2026-07-19T00:28:40-05:00,2668743846,4259102085,https://il.betrivers.com/api/service/sportsbook/offering/listview/filtered/events?cageCode=847
BetRivers,IL,2026,Jordan Mason,rushing_yards,650.5,Under,-110,1.91,2026-07-19T00:28:40-05:00,2668743846,4259102086,https://il.betrivers.com/api/service/sportsbook/offering/listview/filtered/events?cageCode=847
BetRivers,IL,2026,Josh Allen,rushing_yards,500.5,Over,-110,1.91,2026-07-19T00:28:40-05:00,2651260625,4200594001,https://il.betrivers.com/api/service/sportsbook/offering/listview/filtered/events?cageCode=847
BetRivers,IL,2026,Josh Allen,rushing_yards,500.5,Under,-110,1.91,2026-07-19T00:28:40-05:00,2651260625,4200594002,https://il.betrivers.com/api/service/sportsbook/offering/listview/filtered/events?cageCode=847
BetRivers,IL,2026,Kenneth Walker III,rushing_yards,925.5,Over,-110,1.91,2026-07-19T00:28:40-05:00,2645078657,4180256685,https://il.betrivers.com/api/service/sportsbook/offering/listview/filtered/events?cageCode=847
BetRivers,IL,2026,Kenneth Walker III,rushing_yards,925.5,Under,-110,1.91,2026-07-19T00:28:40-05:00,2645078657,4180256686,https://il.betrivers.com/api/service/sportsbook/offering/listview/filtered/events?cageCode=847
BetRivers,IL,2026,Kyle Monangai,rushing_yards,650.5,Over,-110,1.91,2026-07-19T00:28:40-05:00,2658875242,4226066101,https://il.betrivers.com/api/service/sportsbook/offering/listview/filtered/events?cageCode=847
BetRivers,IL,2026,Kyle Monangai,rushing_yards,650.5,Under,-110,1.91,2026-07-19T00:28:40-05:00,2658875242,4226066103,https://il.betrivers.com/api/service/sportsbook/offering/listview/filtered/events?cageCode=847
BetRivers,IL,2026,Kyren Williams,rushing_yards,975.5,Over,-110,1.91,2026-07-19T00:28:40-05:00,2651640058,4201863479,https://il.betrivers.com/api/service/sportsbook/offering/listview/filtered/events?cageCode=847
BetRivers,IL,2026,Kyren Williams,rushing_yards,975.5,Under,-110,1.91,2026-07-19T00:28:40-05:00,2651640058,4201863480,https://il.betrivers.com/api/service/sportsbook/offering/listview/filtered/events?cageCode=847
BetRivers,IL,2026,Lamar Jackson,rushing_yards,575.5,Over,-110,1.91,2026-07-19T00:28:40-05:00,2651260627,4200594005,https://il.betrivers.com/api/service/sportsbook/offering/listview/filtered/events?cageCode=847
BetRivers,IL,2026,Lamar Jackson,rushing_yards,575.5,Under,-110,1.91,2026-07-19T00:28:40-05:00,2651260627,4200594006,https://il.betrivers.com/api/service/sportsbook/offering/listview/filtered/events?cageCode=847
BetRivers,IL,2026,Omarion Hampton,rushing_yards,925.5,Over,-115,1.87,2026-07-19T00:28:40-05:00,2645078658,4180256687,https://il.betrivers.com/api/service/sportsbook/offering/listview/filtered/events?cageCode=847
BetRivers,IL,2026,Omarion Hampton,rushing_yards,925.5,Under,-106,1.95,2026-07-19T00:28:40-05:00,2645078658,4180256689,https://il.betrivers.com/api/service/sportsbook/offering/listview/filtered/events?cageCode=847
BetRivers,IL,2026,Quinshon Judkins,rushing_yards,900.5,Over,-106,1.95,2026-07-19T00:28:40-05:00,2667312419,4254352947,https://il.betrivers.com/api/service/sportsbook/offering/listview/filtered/events?cageCode=847
BetRivers,IL,2026,Quinshon Judkins,rushing_yards,900.5,Under,-115,1.87,2026-07-19T00:28:40-05:00,2667312419,4254352948,https://il.betrivers.com/api/service/sportsbook/offering/listview/filtered/events?cageCode=847
BetRivers,IL,2026,Rhamondre Stevenson,rushing_yards,625.5,Over,-106,1.95,2026-07-19T00:28:40-05:00,2658875237,4226066092,https://il.betrivers.com/api/service/sportsbook/offering/listview/filtered/events?cageCode=847
BetRivers,IL,2026,Rhamondre Stevenson,rushing_yards,625.5,Under,-115,1.87,2026-07-19T00:28:40-05:00,2658875237,4226066094,https://il.betrivers.com/api/service/sportsbook/offering/listview/filtered/events?cageCode=847
BetRivers,IL,2026,Rico Dowdle,rushing_yards,750.5,Over,-110,1.91,2026-07-19T00:28:40-05:00,2658875236,4226066090,https://il.betrivers.com/api/service/sportsbook/offering/listview/filtered/events?cageCode=847
BetRivers,IL,2026,Rico Dowdle,rushing_yards,750.5,Under,-110,1.91,2026-07-19T00:28:40-05:00,2658875236,4226066091,https://il.betrivers.com/api/service/sportsbook/offering/listview/filtered/events?cageCode=847
BetRivers,IL,2026,Saquon Barkley,rushing_yards,1075.5,Over,-110,1.91,2026-07-19T00:28:40-05:00,2645078648,4180256667,https://il.betrivers.com/api/service/sportsbook/offering/listview/filtered/events?cageCode=847
BetRivers,IL,2026,Saquon Barkley,rushing_yards,1075.5,Under,-110,1.91,2026-07-19T00:28:40-05:00,2645078648,4180256669,https://il.betrivers.com/api/service/sportsbook/offering/listview/filtered/events?cageCode=847
BetRivers,IL,2026,Tony Pollard,rushing_yards,800.5,Over,-106,1.95,2026-07-19T00:28:40-05:00,2651260632,4200594015,https://il.betrivers.com/api/service/sportsbook/offering/listview/filtered/events?cageCode=847
BetRivers,IL,2026,Tony Pollard,rushing_yards,800.5,Under,-115,1.87,2026-07-19T00:28:40-05:00,2651260632,4200594016,https://il.betrivers.com/api/service/sportsbook/offering/listview/filtered/events?cageCode=847
BetRivers,IL,2026,Travis Etienne Jr.,rushing_yards,825.5,Over,-110,1.91,2026-07-19T00:28:40-05:00,2661067458,4233494778,https://il.betrivers.com/api/service/sportsbook/offering/listview/filtered/events?cageCode=847
BetRivers,IL,2026,Travis Etienne Jr.,rushing_yards,825.5,Under,-110,1.91,2026-07-19T00:28:40-05:00,2661067458,4233494779,https://il.betrivers.com/api/service/sportsbook/offering/listview/filtered/events?cageCode=847
BetRivers,IL,2026,TreVeyon Henderson,rushing_yards,725.5,Over,-110,1.91,2026-07-19T00:28:40-05:00,2658875235,4226066088,https://il.betrivers.com/api/service/sportsbook/offering/listview/filtered/events?cageCode=847
BetRivers,IL,2026,TreVeyon Henderson,rushing_yards,725.5,Under,-110,1.91,2026-07-19T00:28:40-05:00,2658875235,4226066089,https://il.betrivers.com/api/service/sportsbook/offering/listview/filtered/events?cageCode=847
BetRivers,IL,2026,Ashton Jeanty,rushing_tds,7.5,Over,-110,1.91,2026-07-19T00:28:40-05:00,2653386692,4207771384,https://il.betrivers.com/api/service/sportsbook/offering/listview/filtered/events?cageCode=847
BetRivers,IL,2026,Ashton Jeanty,rushing_tds,7.5,Under,-110,1.91,2026-07-19T00:28:40-05:00,2653386692,4207771385,https://il.betrivers.com/api/service/sportsbook/offering/listview/filtered/events?cageCode=847
BetRivers,IL,2026,Bijan Robinson,rushing_tds,8.5,Over,-121,1.83,2026-07-19T00:28:40-05:00,2653407743,4207846630,https://il.betrivers.com/api/service/sportsbook/offering/listview/filtered/events?cageCode=847
BetRivers,IL,2026,Bijan Robinson,rushing_tds,8.5,Under,100,2.0,2026-07-19T00:28:40-05:00,2653407743,4207846631,https://il.betrivers.com/api/service/sportsbook/offering/listview/filtered/events?cageCode=847
BetRivers,IL,2026,Breece Hall,rushing_tds,5.5,Over,115,2.15,2026-07-19T00:28:40-05:00,2653386695,4207771390,https://il.betrivers.com/api/service/sportsbook/offering/listview/filtered/events?cageCode=847
BetRivers,IL,2026,Breece Hall,rushing_tds,5.5,Under,-139,1.72,2026-07-19T00:28:40-05:00,2653386695,4207771391,https://il.betrivers.com/api/service/sportsbook/offering/listview/filtered/events?cageCode=847
BetRivers,IL,2026,Cam Skattebo,rushing_tds,6.5,Over,100,2.0,2026-07-19T00:28:40-05:00,2658954269,4226331916,https://il.betrivers.com/api/service/sportsbook/offering/listview/filtered/events?cageCode=847
BetRivers,IL,2026,Cam Skattebo,rushing_tds,6.5,Under,-121,1.83,2026-07-19T00:28:40-05:00,2658954269,4226331917,https://il.betrivers.com/api/service/sportsbook/offering/listview/filtered/events?cageCode=847
BetRivers,IL,2026,Chase Brown,rushing_tds,5.5,Over,-127,1.79,2026-07-19T00:28:40-05:00,2653386686,4207771370,https://il.betrivers.com/api/service/sportsbook/offering/listview/filtered/events?cageCode=847
BetRivers,IL,2026,Chase Brown,rushing_tds,5.5,Under,105,2.05,2026-07-19T00:28:40-05:00,2653386686,4207771371,https://il.betrivers.com/api/service/sportsbook/offering/listview/filtered/events?cageCode=847
BetRivers,IL,2026,Christian McCaffrey,rushing_tds,8.5,Over,100,2.0,2026-07-19T00:28:40-05:00,2653407742,4207846627,https://il.betrivers.com/api/service/sportsbook/offering/listview/filtered/events?cageCode=847
BetRivers,IL,2026,Christian McCaffrey,rushing_tds,8.5,Under,-121,1.83,2026-07-19T00:28:40-05:00,2653407742,4207846628,https://il.betrivers.com/api/service/sportsbook/offering/listview/filtered/events?cageCode=847
BetRivers,IL,2026,D'Andre Swift,rushing_tds,6.5,Over,-110,1.91,2026-07-19T00:28:40-05:00,2653407737,4207846616,https://il.betrivers.com/api/service/sportsbook/offering/listview/filtered/events?cageCode=847
BetRivers,IL,2026,D'Andre Swift,rushing_tds,6.5,Under,-110,1.91,2026-07-19T00:28:40-05:00,2653407737,4207846618,https://il.betrivers.com/api/service/sportsbook/offering/listview/filtered/events?cageCode=847
BetRivers,IL,2026,David Montgomery,rushing_tds,7.5,Over,100,2.0,2026-07-19T00:28:40-05:00,2653386689,4207771380,https://il.betrivers.com/api/service/sportsbook/offering/listview/filtered/events?cageCode=847
BetRivers,IL,2026,David Montgomery,rushing_tds,7.5,Under,-121,1.83,2026-07-19T00:28:40-05:00,2653386689,4207771382,https://il.betrivers.com/api/service/sportsbook/offering/listview/filtered/events?cageCode=847
BetRivers,IL,2026,De'Von Achane,rushing_tds,5.5,Over,120,2.2,2026-07-19T00:28:40-05:00,2658954267,4226331910,https://il.betrivers.com/api/service/sportsbook/offering/listview/filtered/events?cageCode=847
BetRivers,IL,2026,De'Von Achane,rushing_tds,5.5,Under,-148,1.69,2026-07-19T00:28:40-05:00,2658954267,4226331911,https://il.betrivers.com/api/service/sportsbook/offering/listview/filtered/events?cageCode=847
BetRivers,IL,2026,Derrick Henry,rushing_tds,12.5,Over,100,2.0,2026-07-19T00:28:40-05:00,2653386688,4207771374,https://il.betrivers.com/api/service/sportsbook/offering/listview/filtered/events?cageCode=847
BetRivers,IL,2026,Derrick Henry,rushing_tds,12.5,Under,-121,1.83,2026-07-19T00:28:40-05:00,2653386688,4207771378,https://il.betrivers.com/api/service/sportsbook/offering/listview/filtered/events?cageCode=847
BetRivers,IL,2026,Drake Maye,rushing_tds,3.5,Over,-106,1.95,2026-07-19T00:28:40-05:00,2658954263,4226331908,https://il.betrivers.com/api/service/sportsbook/offering/listview/filtered/events?cageCode=847
BetRivers,IL,2026,Drake Maye,rushing_tds,3.5,Under,-115,1.87,2026-07-19T00:28:40-05:00,2658954263,4226331909,https://il.betrivers.com/api/service/sportsbook/offering/listview/filtered/events?cageCode=847
BetRivers,IL,2026,Jahmyr Gibbs,rushing_tds,12.5,Over,100,2.0,2026-07-19T00:28:40-05:00,2653407739,4207846621,https://il.betrivers.com/api/service/sportsbook/offering/listview/filtered/events?cageCode=847
BetRivers,IL,2026,Jahmyr Gibbs,rushing_tds,12.5,Under,-121,1.83,2026-07-19T00:28:40-05:00,2653407739,4207846623,https://il.betrivers.com/api/service/sportsbook/offering/listview/filtered/events?cageCode=847
BetRivers,IL,2026,Jalen Hurts,rushing_tds,8.5,Over,-106,1.95,2026-07-19T00:28:40-05:00,2653407736,4207846617,https://il.betrivers.com/api/service/sportsbook/offering/listview/filtered/events?cageCode=847
BetRivers,IL,2026,Jalen Hurts,rushing_tds,8.5,Under,-115,1.87,2026-07-19T00:28:40-05:00,2653407736,4207846619,https://il.betrivers.com/api/service/sportsbook/offering/listview/filtered/events?cageCode=847
BetRivers,IL,2026,James Cook,rushing_tds,10.5,Over,100,2.0,2026-07-19T00:28:40-05:00,2653386694,4207771388,https://il.betrivers.com/api/service/sportsbook/offering/listview/filtered/events?cageCode=847
BetRivers,IL,2026,James Cook,rushing_tds,10.5,Under,-121,1.83,2026-07-19T00:28:40-05:00,2653386694,4207771389,https://il.betrivers.com/api/service/sportsbook/offering/listview/filtered/events?cageCode=847
BetRivers,IL,2026,Javonte Williams,rushing_tds,9.5,Over,100,2.0,2026-07-19T00:28:40-05:00,2653407738,4207846620,https://il.betrivers.com/api/service/sportsbook/offering/listview/filtered/events?cageCode=847
BetRivers,IL,2026,Javonte Williams,rushing_tds,9.5,Under,-121,1.83,2026-07-19T00:28:40-05:00,2653407738,4207846622,https://il.betrivers.com/api/service/sportsbook/offering/listview/filtered/events?cageCode=847
BetRivers,IL,2026,Jaxson Dart,rushing_tds,5.5,Over,-115,1.87,2026-07-19T00:28:40-05:00,2658954264,4226331904,https://il.betrivers.com/api/service/sportsbook/offering/listview/filtered/events?cageCode=847
BetRivers,IL,2026,Jaxson Dart,rushing_tds,5.5,Under,-106,1.95,2026-07-19T00:28:40-05:00,2658954264,4226331906,https://il.betrivers.com/api/service/sportsbook/offering/listview/filtered/events?cageCode=847
BetRivers,IL,2026,Jeremiyah Love,rushing_tds,5.5,Over,-127,1.79,2026-07-19T00:28:40-05:00,2653407741,4207846626,https://il.betrivers.com/api/service/sportsbook/offering/listview/filtered/events?cageCode=847
BetRivers,IL,2026,Jeremiyah Love,rushing_tds,5.5,Under,105,2.05,2026-07-19T00:28:40-05:00,2653407741,4207846629,https://il.betrivers.com/api/service/sportsbook/offering/listview/filtered/events?cageCode=847
BetRivers,IL,2026,Jonathan Taylor,rushing_tds,11.5,Over,-115,1.87,2026-07-19T00:28:40-05:00,2653386690,4207771377,https://il.betrivers.com/api/service/sportsbook/offering/listview/filtered/events?cageCode=847
BetRivers,IL,2026,Jonathan Taylor,rushing_tds,11.5,Under,-106,1.95,2026-07-19T00:28:40-05:00,2653386690,4207771379,https://il.betrivers.com/api/service/sportsbook/offering/listview/filtered/events?cageCode=847
BetRivers,IL,2026,Josh Allen,rushing_tds,10.5,Over,-121,1.83,2026-07-19T00:28:40-05:00,2653386685,4207771372,https://il.betrivers.com/api/service/sportsbook/offering/listview/filtered/events?cageCode=847
BetRivers,IL,2026,Josh Allen,rushing_tds,10.5,Under,100,2.0,2026-07-19T00:28:40-05:00,2653386685,4207771375,https://il.betrivers.com/api/service/sportsbook/offering/listview/filtered/events?cageCode=847
BetRivers,IL,2026,Kenneth Walker III,rushing_tds,7.5,Over,-106,1.95,2026-07-19T00:28:40-05:00,2653386687,4207771373,https://il.betrivers.com/api/service/sportsbook/offering/listview/filtered/events?cageCode=847
BetRivers,IL,2026,Kenneth Walker III,rushing_tds,7.5,Under,-115,1.87,2026-07-19T00:28:40-05:00,2653386687,4207771376,https://il.betrivers.com/api/service/sportsbook/offering/listview/filtered/events?cageCode=847
BetRivers,IL,2026,Lamar Jackson,rushing_tds,3.5,Over,-115,1.87,2026-07-19T00:28:40-05:00,2658954266,4226331912,https://il.betrivers.com/api/service/sportsbook/offering/listview/filtered/events?cageCode=847
BetRivers,IL,2026,Lamar Jackson,rushing_tds,3.5,Under,-106,1.95,2026-07-19T00:28:40-05:00,2658954266,4226331914,https://il.betrivers.com/api/service/sportsbook/offering/listview/filtered/events?cageCode=847
BetRivers,IL,2026,Omarion Hampton,rushing_tds,7.5,Over,-121,1.83,2026-07-19T00:28:40-05:00,2653386693,4207771386,https://il.betrivers.com/api/service/sportsbook/offering/listview/filtered/events?cageCode=847
BetRivers,IL,2026,Omarion Hampton,rushing_tds,7.5,Under,100,2.0,2026-07-19T00:28:40-05:00,2653386693,4207771387,https://il.betrivers.com/api/service/sportsbook/offering/listview/filtered/events?cageCode=847
BetRivers,IL,2026,Rhamondre Stevenson,rushing_tds,5.5,Over,-139,1.72,2026-07-19T00:28:40-05:00,2658954268,4226331913,https://il.betrivers.com/api/service/sportsbook/offering/listview/filtered/events?cageCode=847
BetRivers,IL,2026,Rhamondre Stevenson,rushing_tds,5.5,Under,115,2.15,2026-07-19T00:28:40-05:00,2658954268,4226331915,https://il.betrivers.com/api/service/sportsbook/offering/listview/filtered/events?cageCode=847
BetRivers,IL,2026,Saquon Barkley,rushing_tds,7.5,Over,-106,1.95,2026-07-19T00:28:40-05:00,2653407740,4207846624,https://il.betrivers.com/api/service/sportsbook/offering/listview/filtered/events?cageCode=847
BetRivers,IL,2026,Saquon Barkley,rushing_tds,7.5,Under,-115,1.87,2026-07-19T00:28:40-05:00,2653407740,4207846625,https://il.betrivers.com/api/service/sportsbook/offering/listview/filtered/events?cageCode=847
BetRivers,IL,2026,Tony Pollard,rushing_tds,5.5,Over,100,2.0,2026-07-19T00:28:40-05:00,2653386691,4207771381,https://il.betrivers.com/api/service/sportsbook/offering/listview/filtered/events?cageCode=847
BetRivers,IL,2026,Tony Pollard,rushing_tds,5.5,Under,-121,1.83,2026-07-19T00:28:40-05:00,2653386691,4207771383,https://il.betrivers.com/api/service/sportsbook/offering/listview/filtered/events?cageCode=847
BetRivers,IL,2026,TreVeyon Henderson,rushing_tds,6.5,Over,125,2.25,2026-07-19T00:28:40-05:00,2658954265,4226331905,https://il.betrivers.com/api/service/sportsbook/offering/listview/filtered/events?cageCode=847
BetRivers,IL,2026,TreVeyon Henderson,rushing_tds,6.5,Under,-152,1.66,2026-07-19T00:28:40-05:00,2658954265,4226331907,https://il.betrivers.com/api/service/sportsbook/offering/listview/filtered/events?cageCode=847
BetRivers,IL,2026,A.J. Brown,receiving_yards,1100.5,Over,-106,1.95,2026-07-19T00:28:40-05:00,2653350305,4207669832,https://il.betrivers.com/api/service/sportsbook/offering/listview/filtered/events?cageCode=847
BetRivers,IL,2026,A.J. Brown,receiving_yards,1100.5,Under,-115,1.87,2026-07-19T00:28:40-05:00,2653350305,4207669834,https://il.betrivers.com/api/service/sportsbook/offering/listview/filtered/events?cageCode=847
BetRivers,IL,2026,Amon-Ra St. Brown,receiving_yards,1250.5,Over,-110,1.91,2026-07-19T00:28:40-05:00,2645455836,4181471059,https://il.betrivers.com/api/service/sportsbook/offering/listview/filtered/events?cageCode=847
BetRivers,IL,2026,Amon-Ra St. Brown,receiving_yards,1250.5,Under,-110,1.91,2026-07-19T00:28:40-05:00,2645455836,4181471063,https://il.betrivers.com/api/service/sportsbook/offering/listview/filtered/events?cageCode=847
BetRivers,IL,2026,Bijan Robinson,receiving_yards,575.5,Over,-106,1.95,2026-07-19T00:28:40-05:00,2661375374,4234488914,https://il.betrivers.com/api/service/sportsbook/offering/listview/filtered/events?cageCode=847
BetRivers,IL,2026,Bijan Robinson,receiving_yards,575.5,Under,-115,1.87,2026-07-19T00:28:40-05:00,2661375374,4234488915,https://il.betrivers.com/api/service/sportsbook/offering/listview/filtered/events?cageCode=847
BetRivers,IL,2026,Brian Thomas Jr.,receiving_yards,700.5,Over,-110,1.91,2026-07-19T00:28:40-05:00,2655501868,4214858708,https://il.betrivers.com/api/service/sportsbook/offering/listview/filtered/events?cageCode=847
BetRivers,IL,2026,Brian Thomas Jr.,receiving_yards,700.5,Under,-110,1.91,2026-07-19T00:28:40-05:00,2655501868,4214858709,https://il.betrivers.com/api/service/sportsbook/offering/listview/filtered/events?cageCode=847
BetRivers,IL,2026,Brock Bowers,receiving_yards,875.5,Over,-115,1.87,2026-07-19T00:28:40-05:00,2645452814,4181468019,https://il.betrivers.com/api/service/sportsbook/offering/listview/filtered/events?cageCode=847
BetRivers,IL,2026,Brock Bowers,receiving_yards,875.5,Under,-106,1.95,2026-07-19T00:28:40-05:00,2645452814,4181468020,https://il.betrivers.com/api/service/sportsbook/offering/listview/filtered/events?cageCode=847
BetRivers,IL,2026,Carnell Tate,receiving_yards,775.5,Over,-118,1.85,2026-07-19T00:28:40-05:00,2645452809,4181468007,https://il.betrivers.com/api/service/sportsbook/offering/listview/filtered/events?cageCode=847
BetRivers,IL,2026,Carnell Tate,receiving_yards,775.5,Under,-104,1.97,2026-07-19T00:28:40-05:00,2645452809,4181468008,https://il.betrivers.com/api/service/sportsbook/offering/listview/filtered/events?cageCode=847
BetRivers,IL,2026,CeeDee Lamb,receiving_yards,1175.5,Over,-110,1.91,2026-07-19T00:28:40-05:00,2645455821,4181471031,https://il.betrivers.com/api/service/sportsbook/offering/listview/filtered/events?cageCode=847
BetRivers,IL,2026,CeeDee Lamb,receiving_yards,1175.5,Under,-110,1.91,2026-07-19T00:28:40-05:00,2645455821,4181471033,https://il.betrivers.com/api/service/sportsbook/offering/listview/filtered/events?cageCode=847
BetRivers,IL,2026,Chris Godwin,receiving_yards,675.5,Over,-110,1.91,2026-07-19T00:28:40-05:00,2661375375,4234488916,https://il.betrivers.com/api/service/sportsbook/offering/listview/filtered/events?cageCode=847
BetRivers,IL,2026,Chris Godwin,receiving_yards,675.5,Under,-110,1.91,2026-07-19T00:28:40-05:00,2661375375,4234488917,https://il.betrivers.com/api/service/sportsbook/offering/listview/filtered/events?cageCode=847
BetRivers,IL,2026,Chris Olave,receiving_yards,1000.5,Over,-110,1.91,2026-07-19T00:28:40-05:00,2645455826,4181471041,https://il.betrivers.com/api/service/sportsbook/offering/listview/filtered/events?cageCode=847
BetRivers,IL,2026,Chris Olave,receiving_yards,1000.5,Under,-110,1.91,2026-07-19T00:28:40-05:00,2645455826,4181471042,https://il.betrivers.com/api/service/sportsbook/offering/listview/filtered/events?cageCode=847
BetRivers,IL,2026,Christian McCaffrey,receiving_yards,550.5,Over,-115,1.87,2026-07-19T00:28:40-05:00,2663636721,4242087136,https://il.betrivers.com/api/service/sportsbook/offering/listview/filtered/events?cageCode=847
BetRivers,IL,2026,Christian McCaffrey,receiving_yards,550.5,Under,-106,1.95,2026-07-19T00:28:40-05:00,2663636721,4242087137,https://il.betrivers.com/api/service/sportsbook/offering/listview/filtered/events?cageCode=847
BetRivers,IL,2026,Christian Watson,receiving_yards,750.5,Over,-121,1.83,2026-07-19T00:28:40-05:00,2645455837,4181471058,https://il.betrivers.com/api/service/sportsbook/offering/listview/filtered/events?cageCode=847
BetRivers,IL,2026,Christian Watson,receiving_yards,750.5,Under,100,2.0,2026-07-19T00:28:40-05:00,2645455837,4181471061,https://il.betrivers.com/api/service/sportsbook/offering/listview/filtered/events?cageCode=847
BetRivers,IL,2026,Colston Loveland,receiving_yards,800.5,Over,-115,1.87,2026-07-19T00:28:40-05:00,2660001381,4229833474,https://il.betrivers.com/api/service/sportsbook/offering/listview/filtered/events?cageCode=847
BetRivers,IL,2026,Colston Loveland,receiving_yards,800.5,Under,-106,1.95,2026-07-19T00:28:40-05:00,2660001381,4229833475,https://il.betrivers.com/api/service/sportsbook/offering/listview/filtered/events?cageCode=847
BetRivers,IL,2026,Courtland Sutton,receiving_yards,800.5,Over,-106,1.95,2026-07-19T00:28:40-05:00,2645452815,4181468017,https://il.betrivers.com/api/service/sportsbook/offering/listview/filtered/events?cageCode=847
BetRivers,IL,2026,Courtland Sutton,receiving_yards,800.5,Under,-115,1.87,2026-07-19T00:28:40-05:00,2645452815,4181468018,https://il.betrivers.com/api/service/sportsbook/offering/listview/filtered/events?cageCode=847
BetRivers,IL,2026,Dallas Goedert,receiving_yards,575.5,Over,-110,1.91,2026-07-19T00:28:40-05:00,2655501867,4214858707,https://il.betrivers.com/api/service/sportsbook/offering/listview/filtered/events?cageCode=847
BetRivers,IL,2026,Dallas Goedert,receiving_yards,575.5,Under,-110,1.91,2026-07-19T00:28:40-05:00,2655501867,4214858713,https://il.betrivers.com/api/service/sportsbook/offering/listview/filtered/events?cageCode=847
BetRivers,IL,2026,Dalton Kincaid,receiving_yards,550.5,Over,-110,1.91,2026-07-19T00:28:40-05:00,2645452801,4181464991,https://il.betrivers.com/api/service/sportsbook/offering/listview/filtered/events?cageCode=847
BetRivers,IL,2026,Dalton Kincaid,receiving_yards,550.5,Under,-110,1.91,2026-07-19T00:28:40-05:00,2645452801,4181464992,https://il.betrivers.com/api/service/sportsbook/offering/listview/filtered/events?cageCode=847
BetRivers,IL,2026,Davante Adams,receiving_yards,800.5,Over,-106,1.95,2026-07-19T00:28:40-05:00,2645455838,4181471060,https://il.betrivers.com/api/service/sportsbook/offering/listview/filtered/events?cageCode=847
BetRivers,IL,2026,Davante Adams,receiving_yards,800.5,Under,-115,1.87,2026-07-19T00:28:40-05:00,2645455838,4181471066,https://il.betrivers.com/api/service/sportsbook/offering/listview/filtered/events?cageCode=847
BetRivers,IL,2026,Denzel Boston,receiving_yards,475.5,Over,-121,1.83,2026-07-19T00:28:40-05:00,2645452803,4181467995,https://il.betrivers.com/api/service/sportsbook/offering/listview/filtered/events?cageCode=847
BetRivers,IL,2026,Denzel Boston,receiving_yards,475.5,Under,100,2.0,2026-07-19T00:28:40-05:00,2645452803,4181467997,https://il.betrivers.com/api/service/sportsbook/offering/listview/filtered/events?cageCode=847
BetRivers,IL,2026,DeVonta Smith,receiving_yards,1025.5,Over,-110,1.91,2026-07-19T00:28:40-05:00,2653350306,4207669833,https://il.betrivers.com/api/service/sportsbook/offering/listview/filtered/events?cageCode=847
BetRivers,IL,2026,DeVonta Smith,receiving_yards,1025.5,Under,-110,1.91,2026-07-19T00:28:40-05:00,2653350306,4207669835,https://il.betrivers.com/api/service/sportsbook/offering/listview/filtered/events?cageCode=847
BetRivers,IL,2026,DJ Moore,receiving_yards,800.5,Over,-110,1.91,2026-07-19T00:28:40-05:00,2666233863,4250779898,https://il.betrivers.com/api/service/sportsbook/offering/listview/filtered/events?cageCode=847
BetRivers,IL,2026,DJ Moore,receiving_yards,800.5,Under,-110,1.91,2026-07-19T00:28:40-05:00,2666233863,4250779899,https://il.betrivers.com/api/service/sportsbook/offering/listview/filtered/events?cageCode=847
BetRivers,IL,2026,DK Metcalf,receiving_yards,825.5,Over,-110,1.91,2026-07-19T00:28:40-05:00,2645452811,4181468011,https://il.betrivers.com/api/service/sportsbook/offering/listview/filtered/events?cageCode=847
BetRivers,IL,2026,DK Metcalf,receiving_yards,825.5,Under,-110,1.91,2026-07-19T00:28:40-05:00,2645452811,4181468012,https://il.betrivers.com/api/service/sportsbook/offering/listview/filtered/events?cageCode=847
BetRivers,IL,2026,Drake London,receiving_yards,1150.5,Over,-110,1.91,2026-07-19T00:28:40-05:00,2645455823,4181471035,https://il.betrivers.com/api/service/sportsbook/offering/listview/filtered/events?cageCode=847
BetRivers,IL,2026,Drake London,receiving_yards,1150.5,Under,-110,1.91,2026-07-19T00:28:40-05:00,2645455823,4181471037,https://il.betrivers.com/api/service/sportsbook/offering/listview/filtered/events?cageCode=847
BetRivers,IL,2026,Emeka Egbuka,receiving_yards,875.5,Over,-110,1.91,2026-07-19T00:28:40-05:00,2645455822,4181471032,https://il.betrivers.com/api/service/sportsbook/offering/listview/filtered/events?cageCode=847
BetRivers,IL,2026,Emeka Egbuka,receiving_yards,875.5,Under,-110,1.91,2026-07-19T00:28:40-05:00,2645455822,4181471034,https://il.betrivers.com/api/service/sportsbook/offering/listview/filtered/events?cageCode=847
BetRivers,IL,2026,Garrett Wilson,receiving_yards,1000.5,Over,-115,1.87,2026-07-19T00:28:40-05:00,2645452797,4181464984,https://il.betrivers.com/api/service/sportsbook/offering/listview/filtered/events?cageCode=847
BetRivers,IL,2026,Garrett Wilson,receiving_yards,1000.5,Under,-106,1.95,2026-07-19T00:28:40-05:00,2645452797,4181464986,https://il.betrivers.com/api/service/sportsbook/offering/listview/filtered/events?cageCode=847
BetRivers,IL,2026,George Kittle,receiving_yards,700.5,Over,-118,1.85,2026-07-19T00:28:40-05:00,2668743849,4259102091,https://il.betrivers.com/api/service/sportsbook/offering/listview/filtered/events?cageCode=847
BetRivers,IL,2026,George Kittle,receiving_yards,700.5,Under,-104,1.97,2026-07-19T00:28:40-05:00,2668743849,4259102092,https://il.betrivers.com/api/service/sportsbook/offering/listview/filtered/events?cageCode=847
BetRivers,IL,2026,George Pickens,receiving_yards,1000.5,Over,-115,1.87,2026-07-19T00:28:40-05:00,2645455817,4181471023,https://il.betrivers.com/api/service/sportsbook/offering/listview/filtered/events?cageCode=847
BetRivers,IL,2026,George Pickens,receiving_yards,1000.5,Under,-106,1.95,2026-07-19T00:28:40-05:00,2645455817,4181471024,https://il.betrivers.com/api/service/sportsbook/offering/listview/filtered/events?cageCode=847
BetRivers,IL,2026,Harold Fannin Jr.,receiving_yards,675.5,Over,-110,1.91,2026-07-19T00:28:40-05:00,2661085517,4233537339,https://il.betrivers.com/api/service/sportsbook/offering/listview/filtered/events?cageCode=847
BetRivers,IL,2026,Harold Fannin Jr.,receiving_yards,675.5,Under,-110,1.91,2026-07-19T00:28:40-05:00,2661085517,4233537340,https://il.betrivers.com/api/service/sportsbook/offering/listview/filtered/events?cageCode=847
BetRivers,IL,2026,Ja'Marr Chase,receiving_yards,1325.5,Over,-110,1.91,2026-07-19T00:28:40-05:00,2656251066,4217310810,https://il.betrivers.com/api/service/sportsbook/offering/listview/filtered/events?cageCode=847
BetRivers,IL,2026,Ja'Marr Chase,receiving_yards,1325.5,Under,-110,1.91,2026-07-19T00:28:40-05:00,2656251066,4217310811,https://il.betrivers.com/api/service/sportsbook/offering/listview/filtered/events?cageCode=847
BetRivers,IL,2026,Jahmyr Gibbs,receiving_yards,450.5,Over,-106,1.95,2026-07-19T00:28:40-05:00,2663639746,4242096438,https://il.betrivers.com/api/service/sportsbook/offering/listview/filtered/events?cageCode=847
BetRivers,IL,2026,Jahmyr Gibbs,receiving_yards,450.5,Under,-115,1.87,2026-07-19T00:28:40-05:00,2663639746,4242096439,https://il.betrivers.com/api/service/sportsbook/offering/listview/filtered/events?cageCode=847
BetRivers,IL,2026,Jake Ferguson 2026/2027 Markets,receiving_yards,525.5,Over,-106,1.95,2026-07-19T00:28:40-05:00,2662108445,4236918156,https://il.betrivers.com/api/service/sportsbook/offering/listview/filtered/events?cageCode=847
BetRivers,IL,2026,Jake Ferguson 2026/2027 Markets,receiving_yards,525.5,Under,-115,1.87,2026-07-19T00:28:40-05:00,2662108445,4236918157,https://il.betrivers.com/api/service/sportsbook/offering/listview/filtered/events?cageCode=847
BetRivers,IL,2026,Jakobi Meyers,receiving_yards,725.5,Over,-106,1.95,2026-07-19T00:28:40-05:00,2661378408,4234495031,https://il.betrivers.com/api/service/sportsbook/offering/listview/filtered/events?cageCode=847
BetRivers,IL,2026,Jakobi Meyers,receiving_yards,725.5,Under,-115,1.87,2026-07-19T00:28:40-05:00,2661378408,4234495032,https://il.betrivers.com/api/service/sportsbook/offering/listview/filtered/events?cageCode=847
BetRivers,IL,2026,Jalen Coker,receiving_yards,625.5,Over,-106,1.95,2026-07-19T00:28:40-05:00,2661085519,4233537344,https://il.betrivers.com/api/service/sportsbook/offering/listview/filtered/events?cageCode=847
BetRivers,IL,2026,Jalen Coker,receiving_yards,625.5,Under,-115,1.87,2026-07-19T00:28:40-05:00,2661085519,4233537347,https://il.betrivers.com/api/service/sportsbook/offering/listview/filtered/events?cageCode=847
BetRivers,IL,2026,Jameson Williams,receiving_yards,925.5,Over,-106,1.95,2026-07-19T00:28:40-05:00,2645455820,4181471029,https://il.betrivers.com/api/service/sportsbook/offering/listview/filtered/events?cageCode=847
BetRivers,IL,2026,Jameson Williams,receiving_yards,925.5,Under,-115,1.87,2026-07-19T00:28:40-05:00,2645455820,4181471030,https://il.betrivers.com/api/service/sportsbook/offering/listview/filtered/events?cageCode=847
BetRivers,IL,2026,Jaxon Smith-Njigba,receiving_yards,1325.5,Over,-110,1.91,2026-07-19T00:28:40-05:00,2645455834,4181471064,https://il.betrivers.com/api/service/sportsbook/offering/listview/filtered/events?cageCode=847
BetRivers,IL,2026,Jaxon Smith-Njigba,receiving_yards,1325.5,Under,-110,1.91,2026-07-19T00:28:40-05:00,2645455834,4181471065,https://il.betrivers.com/api/service/sportsbook/offering/listview/filtered/events?cageCode=847
BetRivers,IL,2026,Jayden Higgins,receiving_yards,575.5,Over,-110,1.91,2026-07-19T00:28:40-05:00,2661085520,4233537343,https://il.betrivers.com/api/service/sportsbook/offering/listview/filtered/events?cageCode=847
BetRivers,IL,2026,Jayden Higgins,receiving_yards,575.5,Under,-110,1.91,2026-07-19T00:28:40-05:00,2661085520,4233537346,https://il.betrivers.com/api/service/sportsbook/offering/listview/filtered/events?cageCode=847
BetRivers,IL,2026,Jayden Reed,receiving_yards,650.5,Over,-110,1.91,2026-07-19T00:28:40-05:00,2655501870,4214858712,https://il.betrivers.com/api/service/sportsbook/offering/listview/filtered/events?cageCode=847
BetRivers,IL,2026,Jayden Reed,receiving_yards,650.5,Under,-110,1.91,2026-07-19T00:28:40-05:00,2655501870,4214858716,https://il.betrivers.com/api/service/sportsbook/offering/listview/filtered/events?cageCode=847
BetRivers,IL,2026,Jaylen Waddle,receiving_yards,875.5,Over,-106,1.95,2026-07-19T00:28:40-05:00,2645452813,4181468015,https://il.betrivers.com/api/service/sportsbook/offering/listview/filtered/events?cageCode=847
BetRivers,IL,2026,Jaylen Waddle,receiving_yards,875.5,Under,-115,1.87,2026-07-19T00:28:40-05:00,2645452813,4181468016,https://il.betrivers.com/api/service/sportsbook/offering/listview/filtered/events?cageCode=847
BetRivers,IL,2026,Jerry Jeudy,receiving_yards,600.5,Over,-115,1.87,2026-07-19T00:28:40-05:00,2661085518,4233537341,https://il.betrivers.com/api/service/sportsbook/offering/listview/filtered/events?cageCode=847
BetRivers,IL,2026,Jerry Jeudy,receiving_yards,600.5,Under,-106,1.95,2026-07-19T00:28:40-05:00,2661085518,4233537345,https://il.betrivers.com/api/service/sportsbook/offering/listview/filtered/events?cageCode=847
BetRivers,IL,2026,Jordan Addison,receiving_yards,650.5,Over,-106,1.95,2026-07-19T00:28:40-05:00,2655501869,4214858711,https://il.betrivers.com/api/service/sportsbook/offering/listview/filtered/events?cageCode=847
BetRivers,IL,2026,Jordan Addison,receiving_yards,650.5,Under,-115,1.87,2026-07-19T00:28:40-05:00,2655501869,4214858715,https://il.betrivers.com/api/service/sportsbook/offering/listview/filtered/events?cageCode=847
BetRivers,IL,2026,Jordyn Tyson,receiving_yards,750.5,Over,-106,1.95,2026-07-19T00:28:40-05:00,2667312422,4254352958,https://il.betrivers.com/api/service/sportsbook/offering/listview/filtered/events?cageCode=847
BetRivers,IL,2026,Jordyn Tyson,receiving_yards,750.5,Under,-115,1.87,2026-07-19T00:28:40-05:00,2667312422,4254352959,https://il.betrivers.com/api/service/sportsbook/offering/listview/filtered/events?cageCode=847
BetRivers,IL,2026,Josh Downs,receiving_yards,775.5,Over,-110,1.91,2026-07-19T00:28:40-05:00,2663636692,4242080848,https://il.betrivers.com/api/service/sportsbook/offering/listview/filtered/events?cageCode=847
BetRivers,IL,2026,Josh Downs,receiving_yards,775.5,Under,-110,1.91,2026-07-19T00:28:40-05:00,2663636692,4242080849,https://il.betrivers.com/api/service/sportsbook/offering/listview/filtered/events?cageCode=847
BetRivers,IL,2026,Justin Jefferson,receiving_yards,1200.5,Over,-110,1.91,2026-07-19T00:28:40-05:00,2645455824,4181471036,https://il.betrivers.com/api/service/sportsbook/offering/listview/filtered/events?cageCode=847
BetRivers,IL,2026,Justin Jefferson,receiving_yards,1200.5,Under,-110,1.91,2026-07-19T00:28:40-05:00,2645455824,4181471038,https://il.betrivers.com/api/service/sportsbook/offering/listview/filtered/events?cageCode=847
BetRivers,IL,2026,Juwan Johnson,receiving_yards,550.5,Over,-110,1.91,2026-07-19T00:28:40-05:00,2661085531,4233537366,https://il.betrivers.com/api/service/sportsbook/offering/listview/filtered/events?cageCode=847
BetRivers,IL,2026,Juwan Johnson,receiving_yards,550.5,Under,-110,1.91,2026-07-19T00:28:40-05:00,2661085531,4233537369,https://il.betrivers.com/api/service/sportsbook/offering/listview/filtered/events?cageCode=847
BetRivers,IL,2026,KC Concepcion,receiving_yards,625.5,Over,-110,1.91,2026-07-19T00:28:40-05:00,2645452804,4181467996,https://il.betrivers.com/api/service/sportsbook/offering/listview/filtered/events?cageCode=847
BetRivers,IL,2026,KC Concepcion,receiving_yards,625.5,Under,-110,1.91,2026-07-19T00:28:40-05:00,2645452804,4181467998,https://il.betrivers.com/api/service/sportsbook/offering/listview/filtered/events?cageCode=847
BetRivers,IL,2026,Kenyon Sadiq,receiving_yards,475.5,Over,-110,1.91,2026-07-19T00:28:40-05:00,2645452800,4181464989,https://il.betrivers.com/api/service/sportsbook/offering/listview/filtered/events?cageCode=847
BetRivers,IL,2026,Kenyon Sadiq,receiving_yards,475.5,Under,-110,1.91,2026-07-19T00:28:40-05:00,2645452800,4181464990,https://il.betrivers.com/api/service/sportsbook/offering/listview/filtered/events?cageCode=847
BetRivers,IL,2026,Khalil Shakir,receiving_yards,650.5,Over,-110,1.91,2026-07-19T00:28:40-05:00,2663636699,4242083887,https://il.betrivers.com/api/service/sportsbook/offering/listview/filtered/events?cageCode=847
BetRivers,IL,2026,Khalil Shakir,receiving_yards,650.5,Under,-110,1.91,2026-07-19T00:28:40-05:00,2663636699,4242083888,https://il.betrivers.com/api/service/sportsbook/offering/listview/filtered/events?cageCode=847
BetRivers,IL,2026,Kyle Pitts,receiving_yards,775.5,Over,-110,1.91,2026-07-19T00:28:40-05:00,2653729278,4208897177,https://il.betrivers.com/api/service/sportsbook/offering/listview/filtered/events?cageCode=847
BetRivers,IL,2026,Kyle Pitts,receiving_yards,775.5,Under,-110,1.91,2026-07-19T00:28:40-05:00,2653729278,4208897178,https://il.betrivers.com/api/service/sportsbook/offering/listview/filtered/events?cageCode=847
BetRivers,IL,2026,Ladd McConkey,receiving_yards,900.5,Over,-106,1.95,2026-07-19T00:28:40-05:00,2645452810,4181468009,https://il.betrivers.com/api/service/sportsbook/offering/listview/filtered/events?cageCode=847
BetRivers,IL,2026,Ladd McConkey,receiving_yards,900.5,Under,-115,1.87,2026-07-19T00:28:40-05:00,2645452810,4181468010,https://il.betrivers.com/api/service/sportsbook/offering/listview/filtered/events?cageCode=847
BetRivers,IL,2026,Luther Burden III,receiving_yards,825.5,Over,-122,1.82,2026-07-19T00:28:40-05:00,2651640063,4201863491,https://il.betrivers.com/api/service/sportsbook/offering/listview/filtered/events?cageCode=847
BetRivers,IL,2026,Luther Burden III,receiving_yards,825.5,Under,100,2.0,2026-07-19T00:28:40-05:00,2651640063,4201863492,https://il.betrivers.com/api/service/sportsbook/offering/listview/filtered/events?cageCode=847
BetRivers,IL,2026,Makai Lemon,receiving_yards,650.5,Over,-110,1.91,2026-07-19T00:28:40-05:00,2645455816,4181471021,https://il.betrivers.com/api/service/sportsbook/offering/listview/filtered/events?cageCode=847
BetRivers,IL,2026,Makai Lemon,receiving_yards,650.5,Under,-110,1.91,2026-07-19T00:28:40-05:00,2645455816,4181471022,https://il.betrivers.com/api/service/sportsbook/offering/listview/filtered/events?cageCode=847
BetRivers,IL,2026,Mark Andrews,receiving_yards,500.5,Over,-110,1.91,2026-07-19T00:28:40-05:00,2651266749,4200609423,https://il.betrivers.com/api/service/sportsbook/offering/listview/filtered/events?cageCode=847
BetRivers,IL,2026,Mark Andrews,receiving_yards,500.5,Under,-110,1.91,2026-07-19T00:28:40-05:00,2651266749,4200609424,https://il.betrivers.com/api/service/sportsbook/offering/listview/filtered/events?cageCode=847
BetRivers,IL,2026,Marvin Harrison Jr.,receiving_yards,825.5,Over,-110,1.91,2026-07-19T00:28:40-05:00,2653729277,4208897175,https://il.betrivers.com/api/service/sportsbook/offering/listview/filtered/events?cageCode=847
BetRivers,IL,2026,Marvin Harrison Jr.,receiving_yards,825.5,Under,-110,1.91,2026-07-19T00:28:40-05:00,2653729277,4208897176,https://il.betrivers.com/api/service/sportsbook/offering/listview/filtered/events?cageCode=847
BetRivers,IL,2026,Matthew Golden,receiving_yards,650.5,Over,-110,1.91,2026-07-19T00:28:40-05:00,2668743841,4259099018,https://il.betrivers.com/api/service/sportsbook/offering/listview/filtered/events?cageCode=847
BetRivers,IL,2026,Matthew Golden,receiving_yards,650.5,Under,-110,1.91,2026-07-19T00:28:40-05:00,2668743841,4259099019,https://il.betrivers.com/api/service/sportsbook/offering/listview/filtered/events?cageCode=847
BetRivers,IL,2026,Michael Pittman Jr.,receiving_yards,750.5,Over,-110,1.91,2026-07-19T00:28:40-05:00,2653729276,4208897173,https://il.betrivers.com/api/service/sportsbook/offering/listview/filtered/events?cageCode=847
BetRivers,IL,2026,Michael Pittman Jr.,receiving_yards,750.5,Under,-110,1.91,2026-07-19T00:28:40-05:00,2653729276,4208897174,https://il.betrivers.com/api/service/sportsbook/offering/listview/filtered/events?cageCode=847
BetRivers,IL,2026,Michael Wilson,receiving_yards,700.5,Over,-110,1.91,2026-07-19T00:28:40-05:00,2666176277,4250577057,https://il.betrivers.com/api/service/sportsbook/offering/listview/filtered/events?cageCode=847
BetRivers,IL,2026,Michael Wilson,receiving_yards,700.5,Under,-110,1.91,2026-07-19T00:28:40-05:00,2666176277,4250577058,https://il.betrivers.com/api/service/sportsbook/offering/listview/filtered/events?cageCode=847
BetRivers,IL,2026,Mike Evans,receiving_yards,850.5,Over,100,2.0,2026-07-19T00:28:40-05:00,2645455830,4181471049,https://il.betrivers.com/api/service/sportsbook/offering/listview/filtered/events?cageCode=847
BetRivers,IL,2026,Mike Evans,receiving_yards,850.5,Under,-121,1.83,2026-07-19T00:28:40-05:00,2645455830,4181471050,https://il.betrivers.com/api/service/sportsbook/offering/listview/filtered/events?cageCode=847
BetRivers,IL,2026,Nico Collins,receiving_yards,1100.5,Over,-110,1.91,2026-07-19T00:28:40-05:00,2645452808,4181468004,https://il.betrivers.com/api/service/sportsbook/offering/listview/filtered/events?cageCode=847
BetRivers,IL,2026,Nico Collins,receiving_yards,1100.5,Under,-110,1.91,2026-07-19T00:28:40-05:00,2645452808,4181468006,https://il.betrivers.com/api/service/sportsbook/offering/listview/filtered/events?cageCode=847
BetRivers,IL,2026,Omar Cooper Jr.,receiving_yards,575.5,Over,-110,1.91,2026-07-19T00:28:40-05:00,2645452798,4181464983,https://il.betrivers.com/api/service/sportsbook/offering/listview/filtered/events?cageCode=847
BetRivers,IL,2026,Omar Cooper Jr.,receiving_yards,575.5,Under,-110,1.91,2026-07-19T00:28:40-05:00,2645452798,4181464987,https://il.betrivers.com/api/service/sportsbook/offering/listview/filtered/events?cageCode=847
BetRivers,IL,2026,Parker Washington,receiving_yards,750.5,Over,-110,1.91,2026-07-19T00:28:40-05:00,2661085527,4233537359,https://il.betrivers.com/api/service/sportsbook/offering/listview/filtered/events?cageCode=847
BetRivers,IL,2026,Parker Washington,receiving_yards,750.5,Under,-110,1.91,2026-07-19T00:28:40-05:00,2661085527,4233537361,https://il.betrivers.com/api/service/sportsbook/offering/listview/filtered/events?cageCode=847
BetRivers,IL,2026,Puka Nacua,receiving_yards,1325.5,Over,-110,1.91,2026-07-19T00:28:40-05:00,2656251062,4217310802,https://il.betrivers.com/api/service/sportsbook/offering/listview/filtered/events?cageCode=847
BetRivers,IL,2026,Puka Nacua,receiving_yards,1325.5,Under,-110,1.91,2026-07-19T00:28:40-05:00,2656251062,4217310803,https://il.betrivers.com/api/service/sportsbook/offering/listview/filtered/events?cageCode=847
BetRivers,IL,2026,Quentin Johnston,receiving_yards,650.5,Over,-110,1.91,2026-07-19T00:28:40-05:00,2661085521,4233537342,https://il.betrivers.com/api/service/sportsbook/offering/listview/filtered/events?cageCode=847
BetRivers,IL,2026,Quentin Johnston,receiving_yards,650.5,Under,-110,1.91,2026-07-19T00:28:40-05:00,2661085521,4233537350,https://il.betrivers.com/api/service/sportsbook/offering/listview/filtered/events?cageCode=847
BetRivers,IL,2026,Rashid Shaheed,receiving_yards,525.5,Over,-110,1.91,2026-07-19T00:28:40-05:00,2661085528,4233537362,https://il.betrivers.com/api/service/sportsbook/offering/listview/filtered/events?cageCode=847
BetRivers,IL,2026,Rashid Shaheed,receiving_yards,525.5,Under,-110,1.91,2026-07-19T00:28:40-05:00,2661085528,4233537364,https://il.betrivers.com/api/service/sportsbook/offering/listview/filtered/events?cageCode=847
BetRivers,IL,2026,Ricky Pearsall,receiving_yards,675.5,Over,-110,1.91,2026-07-19T00:28:40-05:00,2661085530,4233537365,https://il.betrivers.com/api/service/sportsbook/offering/listview/filtered/events?cageCode=847
BetRivers,IL,2026,Ricky Pearsall,receiving_yards,675.5,Under,-110,1.91,2026-07-19T00:28:40-05:00,2661085530,4233537368,https://il.betrivers.com/api/service/sportsbook/offering/listview/filtered/events?cageCode=847
BetRivers,IL,2026,Rome Odunze,receiving_yards,800.5,Over,-110,1.91,2026-07-19T00:28:40-05:00,2645455818,4181471025,https://il.betrivers.com/api/service/sportsbook/offering/listview/filtered/events?cageCode=847
BetRivers,IL,2026,Rome Odunze,receiving_yards,800.5,Under,-110,1.91,2026-07-19T00:28:40-05:00,2645455818,4181471026,https://il.betrivers.com/api/service/sportsbook/offering/listview/filtered/events?cageCode=847
BetRivers,IL,2026,Romeo Doubs,receiving_yards,650.5,Over,-106,1.95,2026-07-19T00:28:40-05:00,2668743848,4259102088,https://il.betrivers.com/api/service/sportsbook/offering/listview/filtered/events?cageCode=847
BetRivers,IL,2026,Romeo Doubs,receiving_yards,650.5,Under,-115,1.87,2026-07-19T00:28:40-05:00,2668743848,4259102090,https://il.betrivers.com/api/service/sportsbook/offering/listview/filtered/events?cageCode=847
BetRivers,IL,2026,Sam LaPorta,receiving_yards,650.5,Over,-110,1.91,2026-07-19T00:28:40-05:00,2661085524,4233537353,https://il.betrivers.com/api/service/sportsbook/offering/listview/filtered/events?cageCode=847
BetRivers,IL,2026,Sam LaPorta,receiving_yards,650.5,Under,-110,1.91,2026-07-19T00:28:40-05:00,2661085524,4233537354,https://il.betrivers.com/api/service/sportsbook/offering/listview/filtered/events?cageCode=847
BetRivers,IL,2026,Tee Higgins,receiving_yards,850.5,Over,-110,1.91,2026-07-19T00:28:40-05:00,2645452805,4181467999,https://il.betrivers.com/api/service/sportsbook/offering/listview/filtered/events?cageCode=847
BetRivers,IL,2026,Tee Higgins,receiving_yards,850.5,Under,-110,1.91,2026-07-19T00:28:40-05:00,2645452805,4181468002,https://il.betrivers.com/api/service/sportsbook/offering/listview/filtered/events?cageCode=847
BetRivers,IL,2026,Terry McLaurin,receiving_yards,925.5,Over,-110,1.91,2026-07-19T00:28:40-05:00,2645455827,4181471043,https://il.betrivers.com/api/service/sportsbook/offering/listview/filtered/events?cageCode=847
BetRivers,IL,2026,Terry McLaurin,receiving_yards,925.5,Under,-110,1.91,2026-07-19T00:28:40-05:00,2645455827,4181471044,https://il.betrivers.com/api/service/sportsbook/offering/listview/filtered/events?cageCode=847
BetRivers,IL,2026,Tetairoa McMilan,receiving_yards,950.5,Over,-110,1.91,2026-07-19T00:28:40-05:00,2645455833,4181471054,https://il.betrivers.com/api/service/sportsbook/offering/listview/filtered/events?cageCode=847
BetRivers,IL,2026,Tetairoa McMilan,receiving_yards,950.5,Under,-110,1.91,2026-07-19T00:28:40-05:00,2645455833,4181471056,https://il.betrivers.com/api/service/sportsbook/offering/listview/filtered/events?cageCode=847
BetRivers,IL,2026,Travis Kelce,receiving_yards,650.5,Over,-110,1.91,2026-07-19T00:28:40-05:00,2657701451,4222182886,https://il.betrivers.com/api/service/sportsbook/offering/listview/filtered/events?cageCode=847
BetRivers,IL,2026,Travis Kelce,receiving_yards,650.5,Under,-110,1.91,2026-07-19T00:28:40-05:00,2657701451,4222182887,https://il.betrivers.com/api/service/sportsbook/offering/listview/filtered/events?cageCode=847
BetRivers,IL,2026,Tre Tucker,receiving_yards,575.5,Over,-110,1.91,2026-07-19T00:28:40-05:00,2661085522,4233537348,https://il.betrivers.com/api/service/sportsbook/offering/listview/filtered/events?cageCode=847
BetRivers,IL,2026,Tre Tucker,receiving_yards,575.5,Under,-110,1.91,2026-07-19T00:28:40-05:00,2661085522,4233537351,https://il.betrivers.com/api/service/sportsbook/offering/listview/filtered/events?cageCode=847
BetRivers,IL,2026,Trey McBride,receiving_yards,1025.5,Over,-110,1.91,2026-07-19T00:28:40-05:00,2645455835,4181471057,https://il.betrivers.com/api/service/sportsbook/offering/listview/filtered/events?cageCode=847
BetRivers,IL,2026,Trey McBride,receiving_yards,1025.5,Under,-110,1.91,2026-07-19T00:28:40-05:00,2645455835,4181471062,https://il.betrivers.com/api/service/sportsbook/offering/listview/filtered/events?cageCode=847
BetRivers,IL,2026,Tucker Kraft,receiving_yards,650.5,Over,-110,1.91,2026-07-19T00:28:40-05:00,2661085523,4233537349,https://il.betrivers.com/api/service/sportsbook/offering/listview/filtered/events?cageCode=847
BetRivers,IL,2026,Tucker Kraft,receiving_yards,650.5,Under,-110,1.91,2026-07-19T00:28:40-05:00,2661085523,4233537352,https://il.betrivers.com/api/service/sportsbook/offering/listview/filtered/events?cageCode=847
BetRivers,IL,2026,Tyler Warren,receiving_yards,750.5,Over,-110,1.91,2026-07-19T00:28:40-05:00,2645452807,4181468003,https://il.betrivers.com/api/service/sportsbook/offering/listview/filtered/events?cageCode=847
BetRivers,IL,2026,Tyler Warren,receiving_yards,750.5,Under,-110,1.91,2026-07-19T00:28:40-05:00,2645452807,4181468005,https://il.betrivers.com/api/service/sportsbook/offering/listview/filtered/events?cageCode=847
BetRivers,IL,2026,Wan'Dale Robinson,receiving_yards,700.5,Over,-110,1.91,2026-07-19T00:28:40-05:00,2661085525,4233537355,https://il.betrivers.com/api/service/sportsbook/offering/listview/filtered/events?cageCode=847
BetRivers,IL,2026,Wan'Dale Robinson,receiving_yards,700.5,Under,-110,1.91,2026-07-19T00:28:40-05:00,2661085525,4233537356,https://il.betrivers.com/api/service/sportsbook/offering/listview/filtered/events?cageCode=847
BetRivers,IL,2026,Xavier Worthy,receiving_yards,650.5,Over,-115,1.87,2026-07-19T00:28:40-05:00,2668743847,4259102087,https://il.betrivers.com/api/service/sportsbook/offering/listview/filtered/events?cageCode=847
BetRivers,IL,2026,Xavier Worthy,receiving_yards,650.5,Under,-106,1.95,2026-07-19T00:28:40-05:00,2668743847,4259102089,https://il.betrivers.com/api/service/sportsbook/offering/listview/filtered/events?cageCode=847
BetRivers,IL,2026,Zay Flowers,receiving_yards,975.5,Over,-110,1.91,2026-07-19T00:28:40-05:00,2645452799,4181464985,https://il.betrivers.com/api/service/sportsbook/offering/listview/filtered/events?cageCode=847
BetRivers,IL,2026,Zay Flowers,receiving_yards,975.5,Under,-110,1.91,2026-07-19T00:28:40-05:00,2645452799,4181464988,https://il.betrivers.com/api/service/sportsbook/offering/listview/filtered/events?cageCode=847
BetRivers,IL,2026,A.J. Brown,receiving_tds,7.5,Over,110,2.1,2026-07-19T00:28:40-05:00,2661487389,4234855772,https://il.betrivers.com/api/service/sportsbook/offering/listview/filtered/events?cageCode=847
BetRivers,IL,2026,A.J. Brown,receiving_tds,7.5,Under,-134,1.75,2026-07-19T00:28:40-05:00,2661487389,4234855774,https://il.betrivers.com/api/service/sportsbook/offering/listview/filtered/events?cageCode=847
BetRivers,IL,2026,Amon-Ra St. Brown,receiving_tds,9.5,Over,-110,1.91,2026-07-19T00:28:40-05:00,2654086633,4210065050,https://il.betrivers.com/api/service/sportsbook/offering/listview/filtered/events?cageCode=847
BetRivers,IL,2026,Amon-Ra St. Brown,receiving_tds,9.5,Under,-110,1.91,2026-07-19T00:28:40-05:00,2654086633,4210065052,https://il.betrivers.com/api/service/sportsbook/offering/listview/filtered/events?cageCode=847
BetRivers,IL,2026,Bijan Robinson,receiving_tds,3.5,Over,105,2.05,2026-07-19T00:28:40-05:00,2661487440,4234862140,https://il.betrivers.com/api/service/sportsbook/offering/listview/filtered/events?cageCode=847
BetRivers,IL,2026,Bijan Robinson,receiving_tds,3.5,Under,-127,1.79,2026-07-19T00:28:40-05:00,2661487440,4234862142,https://il.betrivers.com/api/service/sportsbook/offering/listview/filtered/events?cageCode=847
BetRivers,IL,2026,Brian Thomas Jr.,receiving_tds,4.5,Over,-115,1.87,2026-07-19T00:28:40-05:00,2661487387,4234855769,https://il.betrivers.com/api/service/sportsbook/offering/listview/filtered/events?cageCode=847
BetRivers,IL,2026,Brian Thomas Jr.,receiving_tds,4.5,Under,-106,1.95,2026-07-19T00:28:40-05:00,2661487387,4234855770,https://il.betrivers.com/api/service/sportsbook/offering/listview/filtered/events?cageCode=847
BetRivers,IL,2026,Brock Bowers,receiving_tds,7.5,Over,115,2.15,2026-07-19T00:28:40-05:00,2654086628,4210065039,https://il.betrivers.com/api/service/sportsbook/offering/listview/filtered/events?cageCode=847
BetRivers,IL,2026,Brock Bowers,receiving_tds,7.5,Under,-139,1.72,2026-07-19T00:28:40-05:00,2654086628,4210065042,https://il.betrivers.com/api/service/sportsbook/offering/listview/filtered/events?cageCode=847
BetRivers,IL,2026,Carnell Tate,receiving_tds,4.5,Over,105,2.05,2026-07-19T00:28:40-05:00,2661487394,4234855785,https://il.betrivers.com/api/service/sportsbook/offering/listview/filtered/events?cageCode=847
BetRivers,IL,2026,Carnell Tate,receiving_tds,4.5,Under,-127,1.79,2026-07-19T00:28:40-05:00,2661487394,4234855788,https://il.betrivers.com/api/service/sportsbook/offering/listview/filtered/events?cageCode=847
BetRivers,IL,2026,CeeDee Lamb,receiving_tds,7.5,Over,-121,1.83,2026-07-19T00:28:40-05:00,2654086640,4210065064,https://il.betrivers.com/api/service/sportsbook/offering/listview/filtered/events?cageCode=847
BetRivers,IL,2026,CeeDee Lamb,receiving_tds,7.5,Under,100,2.0,2026-07-19T00:28:40-05:00,2654086640,4210065065,https://il.betrivers.com/api/service/sportsbook/offering/listview/filtered/events?cageCode=847
BetRivers,IL,2026,Chris Godwin,receiving_tds,4.5,Over,-121,1.83,2026-07-19T00:28:40-05:00,2661487454,4234862166,https://il.betrivers.com/api/service/sportsbook/offering/listview/filtered/events?cageCode=847
BetRivers,IL,2026,Chris Godwin,receiving_tds,4.5,Under,100,2.0,2026-07-19T00:28:40-05:00,2661487454,4234862172,https://il.betrivers.com/api/service/sportsbook/offering/listview/filtered/events?cageCode=847
BetRivers,IL,2026,Chris Olave,receiving_tds,5.5,Over,-115,1.87,2026-07-19T00:28:40-05:00,2654086632,4210065048,https://il.betrivers.com/api/service/sportsbook/offering/listview/filtered/events?cageCode=847
BetRivers,IL,2026,Chris Olave,receiving_tds,5.5,Under,-106,1.95,2026-07-19T00:28:40-05:00,2654086632,4210065049,https://il.betrivers.com/api/service/sportsbook/offering/listview/filtered/events?cageCode=847
BetRivers,IL,2026,Christian McCaffrey,receiving_tds,4.5,Over,115,2.15,2026-07-19T00:28:40-05:00,2661487441,4234862141,https://il.betrivers.com/api/service/sportsbook/offering/listview/filtered/events?cageCode=847
BetRivers,IL,2026,Christian McCaffrey,receiving_tds,4.5,Under,-139,1.72,2026-07-19T00:28:40-05:00,2661487441,4234862143,https://il.betrivers.com/api/service/sportsbook/offering/listview/filtered/events?cageCode=847
BetRivers,IL,2026,Christian Watson,receiving_tds,5.5,Over,-136,1.74,2026-07-19T00:28:40-05:00,2661487452,4234862165,https://il.betrivers.com/api/service/sportsbook/offering/listview/filtered/events?cageCode=847
BetRivers,IL,2026,Christian Watson,receiving_tds,5.5,Under,112,2.12,2026-07-19T00:28:40-05:00,2661487452,4234862169,https://il.betrivers.com/api/service/sportsbook/offering/listview/filtered/events?cageCode=847
BetRivers,IL,2026,Colston Loveland,receiving_tds,5.5,Over,-130,1.77,2026-07-19T00:28:40-05:00,2661487453,4234862164,https://il.betrivers.com/api/service/sportsbook/offering/listview/filtered/events?cageCode=847
BetRivers,IL,2026,Colston Loveland,receiving_tds,5.5,Under,108,2.08,2026-07-19T00:28:40-05:00,2661487453,4234862167,https://il.betrivers.com/api/service/sportsbook/offering/listview/filtered/events?cageCode=847
BetRivers,IL,2026,Courtland Sutton,receiving_tds,6.5,Over,-139,1.72,2026-07-19T00:28:40-05:00,2661487388,4234855771,https://il.betrivers.com/api/service/sportsbook/offering/listview/filtered/events?cageCode=847
BetRivers,IL,2026,Courtland Sutton,receiving_tds,6.5,Under,115,2.15,2026-07-19T00:28:40-05:00,2661487388,4234855773,https://il.betrivers.com/api/service/sportsbook/offering/listview/filtered/events?cageCode=847
BetRivers,IL,2026,Dallas Goedert,receiving_tds,4.5,Over,-134,1.75,2026-07-19T00:28:40-05:00,2661487444,4234862147,https://il.betrivers.com/api/service/sportsbook/offering/listview/filtered/events?cageCode=847
BetRivers,IL,2026,Dallas Goedert,receiving_tds,4.5,Under,110,2.1,2026-07-19T00:28:40-05:00,2661487444,4234862148,https://il.betrivers.com/api/service/sportsbook/offering/listview/filtered/events?cageCode=847
BetRivers,IL,2026,Dalton Kincaid,receiving_tds,3.5,Over,-152,1.66,2026-07-19T00:28:40-05:00,2661487396,4234855783,https://il.betrivers.com/api/service/sportsbook/offering/listview/filtered/events?cageCode=847
BetRivers,IL,2026,Dalton Kincaid,receiving_tds,3.5,Under,125,2.25,2026-07-19T00:28:40-05:00,2661487396,4234855786,https://il.betrivers.com/api/service/sportsbook/offering/listview/filtered/events?cageCode=847
BetRivers,IL,2026,Davante Adams,receiving_tds,9.5,Over,100,2.0,2026-07-19T00:28:40-05:00,2654086642,4210065068,https://il.betrivers.com/api/service/sportsbook/offering/listview/filtered/events?cageCode=847
BetRivers,IL,2026,Davante Adams,receiving_tds,9.5,Under,-121,1.83,2026-07-19T00:28:40-05:00,2654086642,4210065069,https://il.betrivers.com/api/service/sportsbook/offering/listview/filtered/events?cageCode=847
BetRivers,IL,2026,DeVonta Smith,receiving_tds,5.5,Over,-110,1.91,2026-07-19T00:28:40-05:00,2661487443,4234862145,https://il.betrivers.com/api/service/sportsbook/offering/listview/filtered/events?cageCode=847
BetRivers,IL,2026,DeVonta Smith,receiving_tds,5.5,Under,-110,1.91,2026-07-19T00:28:40-05:00,2661487443,4234862152,https://il.betrivers.com/api/service/sportsbook/offering/listview/filtered/events?cageCode=847
BetRivers,IL,2026,DJ Moore,receiving_tds,6.5,Over,125,2.25,2026-07-19T00:28:40-05:00,2661487390,4234855775,https://il.betrivers.com/api/service/sportsbook/offering/listview/filtered/events?cageCode=847
BetRivers,IL,2026,DJ Moore,receiving_tds,6.5,Under,-152,1.66,2026-07-19T00:28:40-05:00,2661487390,4234855777,https://il.betrivers.com/api/service/sportsbook/offering/listview/filtered/events?cageCode=847
BetRivers,IL,2026,DK Metcalf,receiving_tds,5.5,Over,-106,1.95,2026-07-19T00:28:40-05:00,2661487384,4234855762,https://il.betrivers.com/api/service/sportsbook/offering/listview/filtered/events?cageCode=847
BetRivers,IL,2026,DK Metcalf,receiving_tds,5.5,Under,-115,1.87,2026-07-19T00:28:40-05:00,2661487384,4234855765,https://il.betrivers.com/api/service/sportsbook/offering/listview/filtered/events?cageCode=847
BetRivers,IL,2026,Drake London,receiving_tds,7.5,Over,110,2.1,2026-07-19T00:28:40-05:00,2654086629,4210065040,https://il.betrivers.com/api/service/sportsbook/offering/listview/filtered/events?cageCode=847
BetRivers,IL,2026,Drake London,receiving_tds,7.5,Under,-134,1.75,2026-07-19T00:28:40-05:00,2654086629,4210065043,https://il.betrivers.com/api/service/sportsbook/offering/listview/filtered/events?cageCode=847
BetRivers,IL,2026,Emeka Egbuka,receiving_tds,6.5,Over,105,2.05,2026-07-19T00:28:40-05:00,2661487446,4234862150,https://il.betrivers.com/api/service/sportsbook/offering/listview/filtered/events?cageCode=847
BetRivers,IL,2026,Emeka Egbuka,receiving_tds,6.5,Under,-127,1.79,2026-07-19T00:28:40-05:00,2661487446,4234862153,https://il.betrivers.com/api/service/sportsbook/offering/listview/filtered/events?cageCode=847
BetRivers,IL,2026,Garrett Wilson,receiving_tds,4.5,Over,-121,1.83,2026-07-19T00:28:40-05:00,2661487395,4234855784,https://il.betrivers.com/api/service/sportsbook/offering/listview/filtered/events?cageCode=847
BetRivers,IL,2026,Garrett Wilson,receiving_tds,4.5,Under,100,2.0,2026-07-19T00:28:40-05:00,2661487395,4234855787,https://il.betrivers.com/api/service/sportsbook/offering/listview/filtered/events?cageCode=847
BetRivers,IL,2026,George Pickens,receiving_tds,7.5,Over,115,2.15,2026-07-19T00:28:40-05:00,2654086639,4210065062,https://il.betrivers.com/api/service/sportsbook/offering/listview/filtered/events?cageCode=847
BetRivers,IL,2026,George Pickens,receiving_tds,7.5,Under,-139,1.72,2026-07-19T00:28:40-05:00,2654086639,4210065063,https://il.betrivers.com/api/service/sportsbook/offering/listview/filtered/events?cageCode=847
BetRivers,IL,2026,Ja'Marr Chase,receiving_tds,10.5,Over,115,2.15,2026-07-19T00:28:40-05:00,2654086626,4210065036,https://il.betrivers.com/api/service/sportsbook/offering/listview/filtered/events?cageCode=847
BetRivers,IL,2026,Ja'Marr Chase,receiving_tds,10.5,Under,-139,1.72,2026-07-19T00:28:40-05:00,2654086626,4210065037,https://il.betrivers.com/api/service/sportsbook/offering/listview/filtered/events?cageCode=847
BetRivers,IL,2026,Jahmyr Gibbs,receiving_tds,3.5,Over,100,2.0,2026-07-19T00:28:40-05:00,2661487439,4234862138,https://il.betrivers.com/api/service/sportsbook/offering/listview/filtered/events?cageCode=847
BetRivers,IL,2026,Jahmyr Gibbs,receiving_tds,3.5,Under,-121,1.83,2026-07-19T00:28:40-05:00,2661487439,4234862139,https://il.betrivers.com/api/service/sportsbook/offering/listview/filtered/events?cageCode=847
BetRivers,IL,2026,Jake Ferguson 2026/2027 Markets,receiving_tds,4.5,Over,-115,1.87,2026-07-19T00:28:40-05:00,2662108447,4236921160,https://il.betrivers.com/api/service/sportsbook/offering/listview/filtered/events?cageCode=847
BetRivers,IL,2026,Jake Ferguson 2026/2027 Markets,receiving_tds,4.5,Under,-106,1.95,2026-07-19T00:28:40-05:00,2662108447,4236921161,https://il.betrivers.com/api/service/sportsbook/offering/listview/filtered/events?cageCode=847
BetRivers,IL,2026,Jameson Williams,receiving_tds,5.5,Over,-115,1.87,2026-07-19T00:28:40-05:00,2661487447,4234862154,https://il.betrivers.com/api/service/sportsbook/offering/listview/filtered/events?cageCode=847
BetRivers,IL,2026,Jameson Williams,receiving_tds,5.5,Under,-106,1.95,2026-07-19T00:28:40-05:00,2661487447,4234862155,https://il.betrivers.com/api/service/sportsbook/offering/listview/filtered/events?cageCode=847
BetRivers,IL,2026,Jaxon Smith-Njigba,receiving_tds,8.5,Over,105,2.05,2026-07-19T00:28:40-05:00,2654086635,4210065054,https://il.betrivers.com/api/service/sportsbook/offering/listview/filtered/events?cageCode=847
BetRivers,IL,2026,Jaxon Smith-Njigba,receiving_tds,8.5,Under,-127,1.79,2026-07-19T00:28:40-05:00,2654086635,4210065055,https://il.betrivers.com/api/service/sportsbook/offering/listview/filtered/events?cageCode=847
BetRivers,IL,2026,Jaylen Waddle,receiving_tds,5.5,Over,-106,1.95,2026-07-19T00:28:40-05:00,2661487385,4234855764,https://il.betrivers.com/api/service/sportsbook/offering/listview/filtered/events?cageCode=847
BetRivers,IL,2026,Jaylen Waddle,receiving_tds,5.5,Under,-115,1.87,2026-07-19T00:28:40-05:00,2661487385,4234855767,https://il.betrivers.com/api/service/sportsbook/offering/listview/filtered/events?cageCode=847
BetRivers,IL,2026,Justin Jefferson,receiving_tds,7.5,Over,105,2.05,2026-07-19T00:28:40-05:00,2654086631,4210065046,https://il.betrivers.com/api/service/sportsbook/offering/listview/filtered/events?cageCode=847
BetRivers,IL,2026,Justin Jefferson,receiving_tds,7.5,Under,-127,1.79,2026-07-19T00:28:40-05:00,2654086631,4210065047,https://il.betrivers.com/api/service/sportsbook/offering/listview/filtered/events?cageCode=847
BetRivers,IL,2026,Kyle Pitts,receiving_tds,4.5,Over,-110,1.91,2026-07-19T00:28:40-05:00,2661487451,4234862161,https://il.betrivers.com/api/service/sportsbook/offering/listview/filtered/events?cageCode=847
BetRivers,IL,2026,Kyle Pitts,receiving_tds,4.5,Under,-110,1.91,2026-07-19T00:28:40-05:00,2661487451,4234862163,https://il.betrivers.com/api/service/sportsbook/offering/listview/filtered/events?cageCode=847
BetRivers,IL,2026,Ladd McConkey,receiving_tds,5.5,Over,-148,1.69,2026-07-19T00:28:40-05:00,2661487386,4234855766,https://il.betrivers.com/api/service/sportsbook/offering/listview/filtered/events?cageCode=847
BetRivers,IL,2026,Ladd McConkey,receiving_tds,5.5,Under,120,2.2,2026-07-19T00:28:40-05:00,2661487386,4234855768,https://il.betrivers.com/api/service/sportsbook/offering/listview/filtered/events?cageCode=847
BetRivers,IL,2026,Luther Burden III,receiving_tds,4.5,Over,-121,1.83,2026-07-19T00:28:40-05:00,2661487450,4234862160,https://il.betrivers.com/api/service/sportsbook/offering/listview/filtered/events?cageCode=847
BetRivers,IL,2026,Luther Burden III,receiving_tds,4.5,Under,100,2.0,2026-07-19T00:28:40-05:00,2661487450,4234862162,https://il.betrivers.com/api/service/sportsbook/offering/listview/filtered/events?cageCode=847
BetRivers,IL,2026,Mark Andrews,receiving_tds,5.5,Over,-106,1.95,2026-07-19T00:28:40-05:00,2661487391,4234855776,https://il.betrivers.com/api/service/sportsbook/offering/listview/filtered/events?cageCode=847
BetRivers,IL,2026,Mark Andrews,receiving_tds,5.5,Under,-115,1.87,2026-07-19T00:28:40-05:00,2661487391,4234855778,https://il.betrivers.com/api/service/sportsbook/offering/listview/filtered/events?cageCode=847
BetRivers,IL,2026,Marvin Harrison Jr.,receiving_tds,5.5,Over,120,2.2,2026-07-19T00:28:40-05:00,2661487455,4234862168,https://il.betrivers.com/api/service/sportsbook/offering/listview/filtered/events?cageCode=847
BetRivers,IL,2026,Marvin Harrison Jr.,receiving_tds,5.5,Under,-148,1.69,2026-07-19T00:28:40-05:00,2661487455,4234862173,https://il.betrivers.com/api/service/sportsbook/offering/listview/filtered/events?cageCode=847
BetRivers,IL,2026,Michael Pittman Jr.,receiving_tds,4.5,Over,120,2.2,2026-07-19T00:28:40-05:00,2661487383,4234855761,https://il.betrivers.com/api/service/sportsbook/offering/listview/filtered/events?cageCode=847
BetRivers,IL,2026,Michael Pittman Jr.,receiving_tds,4.5,Under,-148,1.69,2026-07-19T00:28:40-05:00,2661487383,4234855763,https://il.betrivers.com/api/service/sportsbook/offering/listview/filtered/events?cageCode=847
BetRivers,IL,2026,Mike Evans,receiving_tds,6.5,Over,-121,1.83,2026-07-19T00:28:40-05:00,2661487449,4234862158,https://il.betrivers.com/api/service/sportsbook/offering/listview/filtered/events?cageCode=847
BetRivers,IL,2026,Mike Evans,receiving_tds,6.5,Under,100,2.0,2026-07-19T00:28:40-05:00,2661487449,4234862159,https://il.betrivers.com/api/service/sportsbook/offering/listview/filtered/events?cageCode=847
BetRivers,IL,2026,Nico Collins,receiving_tds,6.5,Over,-106,1.95,2026-07-19T00:28:40-05:00,2654086637,4210065058,https://il.betrivers.com/api/service/sportsbook/offering/listview/filtered/events?cageCode=847
BetRivers,IL,2026,Nico Collins,receiving_tds,6.5,Under,-115,1.87,2026-07-19T00:28:40-05:00,2654086637,4210065059,https://il.betrivers.com/api/service/sportsbook/offering/listview/filtered/events?cageCode=847
BetRivers,IL,2026,Puka Nacua,receiving_tds,8.5,Over,110,2.1,2026-07-19T00:28:40-05:00,2654086630,4210065044,https://il.betrivers.com/api/service/sportsbook/offering/listview/filtered/events?cageCode=847
BetRivers,IL,2026,Puka Nacua,receiving_tds,8.5,Under,-134,1.75,2026-07-19T00:28:40-05:00,2654086630,4210065045,https://il.betrivers.com/api/service/sportsbook/offering/listview/filtered/events?cageCode=847
BetRivers,IL,2026,Rome Odunze,receiving_tds,6.5,Over,-106,1.95,2026-07-19T00:28:40-05:00,2661487442,4234862144,https://il.betrivers.com/api/service/sportsbook/offering/listview/filtered/events?cageCode=847
BetRivers,IL,2026,Rome Odunze,receiving_tds,6.5,Under,-115,1.87,2026-07-19T00:28:40-05:00,2661487442,4234862146,https://il.betrivers.com/api/service/sportsbook/offering/listview/filtered/events?cageCode=847
BetRivers,IL,2026,Sam LaPorta,receiving_tds,4.5,Over,-115,1.87,2026-07-19T00:28:40-05:00,2661487456,4234862170,https://il.betrivers.com/api/service/sportsbook/offering/listview/filtered/events?cageCode=847
BetRivers,IL,2026,Sam LaPorta,receiving_tds,4.5,Under,-106,1.95,2026-07-19T00:28:40-05:00,2661487456,4234862171,https://il.betrivers.com/api/service/sportsbook/offering/listview/filtered/events?cageCode=847
BetRivers,IL,2026,Tee Higgins,receiving_tds,7.5,Over,-134,1.75,2026-07-19T00:28:40-05:00,2654086638,4210065060,https://il.betrivers.com/api/service/sportsbook/offering/listview/filtered/events?cageCode=847
BetRivers,IL,2026,Tee Higgins,receiving_tds,7.5,Under,110,2.1,2026-07-19T00:28:40-05:00,2654086638,4210065061,https://il.betrivers.com/api/service/sportsbook/offering/listview/filtered/events?cageCode=847
BetRivers,IL,2026,Terry McLaurin,receiving_tds,5.5,Over,100,2.0,2026-07-19T00:28:40-05:00,2661487445,4234862149,https://il.betrivers.com/api/service/sportsbook/offering/listview/filtered/events?cageCode=847
BetRivers,IL,2026,Terry McLaurin,receiving_tds,5.5,Under,-121,1.83,2026-07-19T00:28:40-05:00,2661487445,4234862151,https://il.betrivers.com/api/service/sportsbook/offering/listview/filtered/events?cageCode=847
BetRivers,IL,2026,Tetairoa McMilan,receiving_tds,6.5,Over,-115,1.87,2026-07-19T00:28:40-05:00,2654086634,4210065051,https://il.betrivers.com/api/service/sportsbook/offering/listview/filtered/events?cageCode=847
BetRivers,IL,2026,Tetairoa McMilan,receiving_tds,6.5,Under,-106,1.95,2026-07-19T00:28:40-05:00,2654086634,4210065053,https://il.betrivers.com/api/service/sportsbook/offering/listview/filtered/events?cageCode=847
BetRivers,IL,2026,Travis Kelce,receiving_tds,4.5,Over,100,2.0,2026-07-19T00:28:40-05:00,2654086627,4210065038,https://il.betrivers.com/api/service/sportsbook/offering/listview/filtered/events?cageCode=847
BetRivers,IL,2026,Travis Kelce,receiving_tds,4.5,Under,-121,1.83,2026-07-19T00:28:40-05:00,2654086627,4210065041,https://il.betrivers.com/api/service/sportsbook/offering/listview/filtered/events?cageCode=847
BetRivers,IL,2026,Trey McBride,receiving_tds,6.5,Over,100,2.0,2026-07-19T00:28:40-05:00,2654086636,4210065056,https://il.betrivers.com/api/service/sportsbook/offering/listview/filtered/events?cageCode=847
BetRivers,IL,2026,Trey McBride,receiving_tds,6.5,Under,-121,1.83,2026-07-19T00:28:40-05:00,2654086636,4210065057,https://il.betrivers.com/api/service/sportsbook/offering/listview/filtered/events?cageCode=847
BetRivers,IL,2026,Tyler Warren,receiving_tds,4.5,Over,-121,1.83,2026-07-19T00:28:40-05:00,2661487393,4234855780,https://il.betrivers.com/api/service/sportsbook/offering/listview/filtered/events?cageCode=847
BetRivers,IL,2026,Tyler Warren,receiving_tds,4.5,Under,100,2.0,2026-07-19T00:28:40-05:00,2661487393,4234855782,https://il.betrivers.com/api/service/sportsbook/offering/listview/filtered/events?cageCode=847
BetRivers,IL,2026,Zay Flowers,receiving_tds,5.5,Over,105,2.05,2026-07-19T00:28:40-05:00,2661487392,4234855779,https://il.betrivers.com/api/service/sportsbook/offering/listview/filtered/events?cageCode=847
BetRivers,IL,2026,Zay Flowers,receiving_tds,5.5,Under,-127,1.79,2026-07-19T00:28:40-05:00,2661487392,4234855781,https://il.betrivers.com/api/service/sportsbook/offering/listview/filtered/events?cageCode=847
